event_id,timestamp,event_type,details,image_path
5efa620e-9e10-4a07-8e4e-f2cf47fb2faf,2026-04-21 15:37:34,activity_started,counts={'bird': 1},saved_frames/2026-04-21_15-37-34_activity_started.jpg
243a4b06-b140-45b9-a14d-c7bbaddc4293,2026-04-21 15:37:34,new_species_detected,species=bird,saved_frames/2026-04-21_15-37-34_new_bird.jpg
5141251c-3056-4f38-aa63-dcf51e4f5ee4,2026-04-21 15:37:48,activity_ended,scene became empty,saved_frames/2026-04-21_15-37-48_activity_ended.jpg
78b9bf01-8f86-45d7-bcfe-75926e988e65,2026-04-21 15:38:18,activity_started,counts={'bird': 1},saved_frames/2026-04-21_15-38-18_activity_started.jpg
fa2d643a-5c13-4f2b-84ce-1a9d189b2e31,2026-04-21 15:38:18,new_species_detected,species=bird,saved_frames/2026-04-21_15-38-18_new_bird.jpg
ee7eff05-ea84-4da0-8a3b-23fac3ada992,2026-04-21 15:38:22,activity_ended,scene became empty,saved_frames/2026-04-21_15-38-22_activity_ended.jpg
4ba5a8a0-5ccc-4ec4-be2b-f66a1658aa38,2026-04-21 15:38:22,activity_started,counts={'bird': 1},saved_frames/2026-04-21_15-38-22_activity_started.jpg
e377573c-31e9-4ced-a3d7-653bbe503e96,2026-04-21 15:38:22,new_species_detected,species=bird,saved_frames/2026-04-21_15-38-22_new_bird.jpg
3b225f72-f57d-4ca0-af9c-d32c05aa19c3,2026-04-21 15:38:22,activity_ended,scene became empty,saved_frames/2026-04-21_15-38-22_activity_ended.jpg
59fb6029-4c46-427b-8942-2545638d5bdb,2026-04-21 15:38:40,activity_started,counts={'bird': 1},saved_frames/2026-04-21_15-38-40_activity_started.jpg
4899d411-bf02-4938-b3b4-23fff1047d5d,2026-04-21 15:38:40,new_species_detected,species=bird,saved_frames/2026-04-21_15-38-40_new_bird.jpg
3b87e1b1-d81f-4f8e-b336-47a53cd9ad86,2026-04-21 15:38:40,activity_ended,scene became empty,saved_frames/2026-04-21_15-38-40_activity_ended.jpg
c78bbca7-8435-418a-bb82-7f479d2ec106,2026-04-21 15:39:04,activity_started,counts={'bird': 1},saved_frames/2026-04-21_15-39-04_activity_started.jpg
a31ea672-69e5-4f4e-bcad-f40dccebd4d4,2026-04-21 15:39:04,new_species_detected,species=bird,saved_frames/2026-04-21_15-39-04_new_bird.jpg
2a041491-5382-42f5-ac25-b9d0650b9bfe,2026-04-21 15:39:05,activity_ended,scene became empty,saved_frames/2026-04-21_15-39-05_activity_ended.jpg
0ae941d4-6394-4a84-ba11-0d9d6ecdc86d,2026-04-21 15:44:15,activity_started,counts={'bird': 1},saved_frames/2026-04-21_15-44-15_activity_started.jpg
367d8951-e3df-4c75-85a9-83a94dfcd23b,2026-04-21 15:44:15,new_species_detected,species=bird,saved_frames/2026-04-21_15-44-15_new_bird.jpg
bd6a75a6-c5c8-4308-a74c-447edd95bf13,2026-04-21 15:44:23,activity_ended,scene became empty,saved_frames/2026-04-21_15-44-23_activity_ended.jpg
3254c85a-261d-4665-9f1e-011378d8a360,2026-04-21 15:44:23,activity_started,counts={'bird': 1},saved_frames/2026-04-21_15-44-23_activity_started.jpg
df617da8-eedb-4872-9fb3-b00b6bfbc6d5,2026-04-21 15:44:23,new_species_detected,species=bird,saved_frames/2026-04-21_15-44-23_new_bird.jpg
b10da3ae-3172-47ac-b78b-178fec778032,2026-04-21 15:44:26,large_group_detected,total_animals=3,saved_frames/2026-04-21_15-44-26_large_group.jpg
07a27712-6f75-409c-baab-06f1bf4fa341,2026-04-21 15:44:28,large_group_detected,total_animals=3,saved_frames/2026-04-21_15-44-28_large_group.jpg
f6b32c8f-dc93-48de-9ddb-05718dc83e57,2026-04-21 15:44:29,large_group_detected,total_animals=3,saved_frames/2026-04-21_15-44-29_large_group.jpg
bfabf440-b464-4d5c-957f-0b79f0ab080a,2026-04-21 15:44:31,large_group_detected,total_animals=3,saved_frames/2026-04-21_15-44-31_large_group.jpg
b0cc0b87-a2f1-4e49-b417-29c790a3c674,2026-04-21 15:44:31,large_group_detected,total_animals=4,saved_frames/2026-04-21_15-44-31_large_group.jpg
00d2a3a0-390b-4a17-8572-be1300a49e9d,2026-04-21 15:44:41,large_group_detected,total_animals=3,saved_frames/2026-04-21_15-44-41_large_group.jpg
507317f7-78b5-4e33-957c-4329acc5b426,2026-04-21 15:44:42,large_group_detected,total_animals=3,saved_frames/2026-04-21_15-44-42_large_group.jpg
4e19dc78-5e54-4030-b7f0-935479451a15,2026-04-21 15:44:43,large_group_detected,total_animals=3,saved_frames/2026-04-21_15-44-43_large_group.jpg
cabbabf4-b24e-49dc-8fe6-87bde8afced0,2026-04-21 15:44:43,large_group_detected,total_animals=3,saved_frames/2026-04-21_15-44-43_large_group.jpg
7bf435ba-c45a-4c6c-b8bc-16789505e026,2026-05-26 13:24:23,activity_started,counts={'antelope_like': 1},saved_frames/2026-05-26_13-24-23_activity_started.jpg
21bcb440-84f7-44c8-a376-850fd9c5db24,2026-05-26 13:24:23,new_species_detected,species=antelope_like,saved_frames/2026-05-26_13-24-23_new_antelope_like.jpg
f511f2d9-bf79-43af-b069-b34bc8a0e48d,2026-05-26 13:24:23,activity_ended,scene became empty,saved_frames/2026-05-26_13-24-23_activity_ended.jpg
f070b84b-a037-40dc-addd-5e4c531483e3,2026-05-26 13:24:28,activity_started,counts={'antelope_like': 1},saved_frames/2026-05-26_13-24-28_activity_started.jpg
7b3f754f-fa1f-4026-9e01-2c55fd593d39,2026-05-26 13:24:28,new_species_detected,species=antelope_like,saved_frames/2026-05-26_13-24-28_new_antelope_like.jpg
1331d68d-5b25-42ad-b6ce-4cbd82fc98bc,2026-05-26 13:24:34,activity_ended,scene became empty,saved_frames/2026-05-26_13-24-34_activity_ended.jpg
0018226b-3ea2-42d9-92fa-c3c5e7409023,2026-05-26 13:24:35,activity_started,counts={'antelope_like': 1},saved_frames/2026-05-26_13-24-35_activity_started.jpg
e204f657-5b2e-4070-bfcb-87cc30b523b3,2026-05-26 13:24:35,new_species_detected,species=antelope_like,saved_frames/2026-05-26_13-24-35_new_antelope_like.jpg
90da1af7-2414-48a2-9d51-4961a6a5005b,2026-05-26 13:24:35,activity_ended,scene became empty,saved_frames/2026-05-26_13-24-35_activity_ended.jpg
f3b31920-43d5-40e2-bbd1-f9404816a387,2026-05-26 13:24:36,activity_started,counts={'antelope_like': 1},saved_frames/2026-05-26_13-24-36_activity_started.jpg
dc70902e-5b87-4080-a1eb-6c63ac8f4c0f,2026-05-26 13:24:36,new_species_detected,species=antelope_like,saved_frames/2026-05-26_13-24-36_new_antelope_like.jpg
226fff82-5391-4c02-9486-053457598f6d,2026-05-26 13:24:36,activity_ended,scene became empty,saved_frames/2026-05-26_13-24-36_activity_ended.jpg
099240c0-6e2e-4d67-aef1-6eee8b7bd71f,2026-05-26 13:24:37,activity_started,counts={'antelope_like': 1},saved_frames/2026-05-26_13-24-37_activity_started.jpg
2d75713f-0566-4122-ad88-35a8f3c7d88c,2026-05-26 13:24:37,new_species_detected,species=antelope_like,saved_frames/2026-05-26_13-24-37_new_antelope_like.jpg
a58bf7bb-049d-41a3-89e2-9671c3530449,2026-05-26 13:24:42,activity_ended,scene became empty,saved_frames/2026-05-26_13-24-42_activity_ended.jpg
ee9c11e0-2e0e-4afb-b9c0-c88231e018b8,2026-05-26 13:24:42,activity_started,counts={'antelope_like': 1},saved_frames/2026-05-26_13-24-42_activity_started.jpg
8ea4f5bc-ee01-4418-bd5a-94400bb654a3,2026-05-26 13:24:42,new_species_detected,species=antelope_like,saved_frames/2026-05-26_13-24-42_new_antelope_like.jpg
9e22009d-ebcf-469a-9a5a-911291a76096,2026-05-26 13:24:47,activity_ended,scene became empty,saved_frames/2026-05-26_13-24-47_activity_ended.jpg
599b664e-cd52-4e74-860c-a561c622c8eb,2026-05-26 13:24:48,activity_started,counts={'antelope_like': 1},saved_frames/2026-05-26_13-24-48_activity_started.jpg
d30afec8-80a1-47cc-9db0-7e72adbeda60,2026-05-26 13:24:48,new_species_detected,species=antelope_like,saved_frames/2026-05-26_13-24-48_new_antelope_like.jpg
41c9cd1f-948e-4659-b4ae-7577840603ba,2026-05-26 13:24:50,activity_ended,scene became empty,saved_frames/2026-05-26_13-24-50_activity_ended.jpg
83c230d2-fa98-4369-b357-e5be9bd4da4e,2026-05-26 13:24:50,activity_started,counts={'antelope_like': 1},saved_frames/2026-05-26_13-24-50_activity_started.jpg
dd4a1b51-aafc-41d8-926a-ceadbc0ecdfa,2026-05-26 13:24:50,new_species_detected,species=antelope_like,saved_frames/2026-05-26_13-24-50_new_antelope_like.jpg
fbdd645d-e8af-4d58-810d-7137e809d794,2026-05-26 13:24:52,activity_ended,scene became empty,saved_frames/2026-05-26_13-24-52_activity_ended.jpg
a7d2078a-292f-4165-8334-37d45702829e,2026-05-26 13:24:52,activity_started,counts={'antelope_like': 1},saved_frames/2026-05-26_13-24-52_activity_started.jpg
d0dc9984-2152-4f08-b6a4-b872f7190344,2026-05-26 13:24:52,new_species_detected,species=antelope_like,saved_frames/2026-05-26_13-24-52_new_antelope_like.jpg
66587533-aaa4-4cd1-9386-b8c764385040,2026-05-26 13:24:52,activity_ended,scene became empty,saved_frames/2026-05-26_13-24-52_activity_ended.jpg
5165be08-8189-47b8-801d-db690a492c2c,2026-05-26 13:24:52,activity_started,counts={'antelope_like': 1},saved_frames/2026-05-26_13-24-52_activity_started.jpg
0242c7e6-d7bc-436c-93fe-7d2843afe2c4,2026-05-26 13:24:52,new_species_detected,species=antelope_like,saved_frames/2026-05-26_13-24-52_new_antelope_like.jpg
a6ad109e-4b75-48d8-914f-349915806f51,2026-05-26 13:24:52,activity_ended,scene became empty,saved_frames/2026-05-26_13-24-52_activity_ended.jpg
3927bc9b-4c9c-404a-b322-675f02ffbee5,2026-05-26 13:24:53,activity_started,counts={'antelope_like': 1},saved_frames/2026-05-26_13-24-53_activity_started.jpg
5b30858e-1863-4860-9821-db08a97d925d,2026-05-26 13:24:53,new_species_detected,species=antelope_like,saved_frames/2026-05-26_13-24-53_new_antelope_like.jpg
492d426c-ffc5-454f-96b5-453632d4ff02,2026-05-26 13:24:53,activity_ended,scene became empty,saved_frames/2026-05-26_13-24-53_activity_ended.jpg
21ef916a-1fcf-4c8b-9a72-439fb5d20d65,2026-05-26 13:24:54,activity_started,counts={'antelope_like': 1},saved_frames/2026-05-26_13-24-54_activity_started.jpg
0eb9f7a8-2557-4db9-90c1-fab75abcd7a5,2026-05-26 13:24:54,new_species_detected,species=antelope_like,saved_frames/2026-05-26_13-24-54_new_antelope_like.jpg
90b521d9-8e66-44d3-bfc3-015df3eb1c6b,2026-05-26 13:25:00,activity_ended,scene became empty,saved_frames/2026-05-26_13-25-00_activity_ended.jpg
096f771e-639f-4f68-aa22-f575ccba10a2,2026-05-26 13:25:06,activity_started,counts={'antelope_like': 1},saved_frames/2026-05-26_13-25-06_activity_started.jpg
20c1d4c0-e270-40b3-8e02-3bc1a3794729,2026-05-26 13:25:06,new_species_detected,species=antelope_like,saved_frames/2026-05-26_13-25-06_new_antelope_like.jpg
1e8bac4a-2702-47b7-85c9-ed4f3db6919c,2026-05-26 13:25:08,activity_ended,scene became empty,saved_frames/2026-05-26_13-25-08_activity_ended.jpg
e0ec0ac3-06cc-48cd-a347-1eb05d490c10,2026-05-26 13:25:08,activity_started,counts={'antelope_like': 1},saved_frames/2026-05-26_13-25-08_activity_started.jpg
3c13af98-f238-4855-b3e9-7b017484d54a,2026-05-26 13:25:08,new_species_detected,species=antelope_like,saved_frames/2026-05-26_13-25-08_new_antelope_like.jpg
3ba19552-2289-48fa-9d29-14b588a00343,2026-05-26 13:25:08,activity_ended,scene became empty,saved_frames/2026-05-26_13-25-08_activity_ended.jpg
56c363c8-2302-4814-8af0-5f4e6429f776,2026-05-26 13:25:09,activity_started,counts={'antelope_like': 1},saved_frames/2026-05-26_13-25-09_activity_started.jpg
85ffa61c-a6a3-4103-82ac-f394cbc83104,2026-05-26 13:25:09,new_species_detected,species=antelope_like,saved_frames/2026-05-26_13-25-09_new_antelope_like.jpg
7356d678-7311-4fe9-8f8b-263e980b9287,2026-05-26 13:25:09,activity_ended,scene became empty,saved_frames/2026-05-26_13-25-09_activity_ended.jpg
216d6c15-33bf-4045-9a0d-3b607d3aee4f,2026-05-26 13:25:09,activity_started,counts={'antelope_like': 1},saved_frames/2026-05-26_13-25-09_activity_started.jpg
472963a8-6b7e-4107-b021-9377e27c18df,2026-05-26 13:25:09,new_species_detected,species=antelope_like,saved_frames/2026-05-26_13-25-09_new_antelope_like.jpg
22483604-4fbd-4a22-be2d-bbb8d4913dd6,2026-05-26 13:25:09,activity_ended,scene became empty,saved_frames/2026-05-26_13-25-09_activity_ended.jpg
bcdc6044-e5c9-4f30-8a87-42189cafbd53,2026-05-26 13:25:10,activity_started,counts={'antelope_like': 1},saved_frames/2026-05-26_13-25-10_activity_started.jpg
5a6fbf0c-50d4-4607-8050-f1d1e837f4cb,2026-05-26 13:25:10,new_species_detected,species=antelope_like,saved_frames/2026-05-26_13-25-10_new_antelope_like.jpg
a12f9069-54e5-4c0b-8a97-fb7786c2d7c4,2026-05-26 13:25:10,activity_ended,scene became empty,saved_frames/2026-05-26_13-25-10_activity_ended.jpg
af932833-756b-4ee3-809d-1a760f275efd,2026-05-26 13:26:03,activity_started,counts={'antelope_like': 1},saved_frames/2026-05-26_13-26-03_activity_started.jpg
58bd3c0e-5b29-4bba-9d7d-2adc22ce4f0a,2026-05-26 13:26:03,new_species_detected,species=antelope_like,saved_frames/2026-05-26_13-26-03_new_antelope_like.jpg
52cb8e9c-e428-4e83-9f75-0e283ce10927,2026-05-26 13:26:03,activity_ended,scene became empty,saved_frames/2026-05-26_13-26-03_activity_ended.jpg
e17c6cd9-b5d1-4ff2-be4e-7ae7f051544c,2026-05-26 13:26:54,activity_started,counts={'antelope_like': 1},saved_frames/2026-05-26_13-26-54_activity_started.jpg
40d0fd6a-a9d0-41ca-bdb7-986a36523db2,2026-05-26 13:26:54,new_species_detected,species=antelope_like,saved_frames/2026-05-26_13-26-54_new_antelope_like.jpg
02584ddd-d6d4-4ac2-9053-ed114660bc7c,2026-05-26 13:26:55,activity_ended,scene became empty,saved_frames/2026-05-26_13-26-55_activity_ended.jpg
eabee0e4-d21c-41a4-b4c1-e1b6f40a071d,2026-05-26 13:26:55,activity_started,counts={'antelope_like': 1},saved_frames/2026-05-26_13-26-55_activity_started.jpg
a70de7a1-9e82-4822-9d22-864dcb4fc1c1,2026-05-26 13:26:55,new_species_detected,species=antelope_like,saved_frames/2026-05-26_13-26-55_new_antelope_like.jpg
6bb99d2e-be25-4584-980e-b1445d8765ca,2026-05-26 13:26:55,activity_ended,scene became empty,saved_frames/2026-05-26_13-26-55_activity_ended.jpg
1805478a-4fc5-4eaa-8f67-a4ecd6b20cf5,2026-05-26 13:27:00,activity_started,counts={'antelope_like': 1},saved_frames/2026-05-26_13-27-00_activity_started.jpg
90302e2d-366e-4d36-8f8c-bfcec31e5693,2026-05-26 13:27:00,new_species_detected,species=antelope_like,saved_frames/2026-05-26_13-27-00_new_antelope_like.jpg
76b567d8-362a-4fd2-a465-57cf838a58d8,2026-05-26 13:27:01,activity_ended,scene became empty,saved_frames/2026-05-26_13-27-01_activity_ended.jpg
6493c2ed-c374-4d93-80ba-3b8b30b22c0f,2026-05-26 13:27:04,activity_started,counts={'antelope_like': 1},saved_frames/2026-05-26_13-27-04_activity_started.jpg
61ba118b-21cd-4778-8ddf-26b462f1ea44,2026-05-26 13:27:04,new_species_detected,species=antelope_like,saved_frames/2026-05-26_13-27-04_new_antelope_like.jpg
84e4f173-a41d-4545-a233-3566042cd9fe,2026-05-26 13:27:04,activity_ended,scene became empty,saved_frames/2026-05-26_13-27-04_activity_ended.jpg
b4dabe24-3ea0-498c-866f-fcd19bdbe0bc,2026-05-26 13:27:04,activity_started,counts={'antelope_like': 1},saved_frames/2026-05-26_13-27-04_activity_started.jpg
137a77e2-d9cc-4b00-8c4c-9f248984aa56,2026-05-26 13:27:04,new_species_detected,species=antelope_like,saved_frames/2026-05-26_13-27-04_new_antelope_like.jpg
3e6991b7-91fd-4897-8df2-fb3a797101e6,2026-05-26 13:27:05,activity_ended,scene became empty,saved_frames/2026-05-26_13-27-05_activity_ended.jpg
27c87858-dafd-4c91-b27e-343b3f7a5efd,2026-05-26 13:27:05,activity_started,counts={'antelope_like': 1},saved_frames/2026-05-26_13-27-05_activity_started.jpg
a00da3c1-e671-4cd7-84d6-26496bd0e5a2,2026-05-26 13:27:05,new_species_detected,species=antelope_like,saved_frames/2026-05-26_13-27-05_new_antelope_like.jpg
33f1f3d0-1318-4c08-ac6f-2fa5c3c8cb95,2026-05-26 13:27:06,activity_ended,scene became empty,saved_frames/2026-05-26_13-27-06_activity_ended.jpg
08d4a0b0-ffdb-414c-93f9-45999ed9bbaa,2026-05-26 13:27:06,activity_started,counts={'antelope_like': 1},saved_frames/2026-05-26_13-27-06_activity_started.jpg
e2ba5e90-f9da-49bc-bbb1-1f609522b648,2026-05-26 13:27:06,new_species_detected,species=antelope_like,saved_frames/2026-05-26_13-27-06_new_antelope_like.jpg
16ceda6a-d012-4a70-b903-165a1c80cfd5,2026-05-26 13:27:09,large_group_detected,total_animals=3,saved_frames/2026-05-26_13-27-09_large_group.jpg
e83badd6-d345-48ad-bd4c-42e163d75855,2026-05-26 13:27:10,activity_ended,scene became empty,saved_frames/2026-05-26_13-27-10_activity_ended.jpg
92f9096c-4f84-4903-9f8e-ef507823af29,2026-05-26 13:27:13,activity_started,counts={'antelope_like': 1},saved_frames/2026-05-26_13-27-13_activity_started.jpg
0906de7a-1ebb-4a23-a203-bda3ef4ca61b,2026-05-26 13:27:13,new_species_detected,species=antelope_like,saved_frames/2026-05-26_13-27-13_new_antelope_like.jpg
f9b0e898-4314-4e7b-ae64-c7d7ab2bbf85,2026-05-26 13:27:13,activity_ended,scene became empty,saved_frames/2026-05-26_13-27-13_activity_ended.jpg
150ce7bd-2600-4175-8529-a8b1629828a0,2026-05-26 13:27:13,activity_started,counts={'antelope_like': 1},saved_frames/2026-05-26_13-27-13_activity_started.jpg
6ea3cafa-0497-4bcb-bdb1-1105597408fc,2026-05-26 13:27:13,new_species_detected,species=antelope_like,saved_frames/2026-05-26_13-27-13_new_antelope_like.jpg
1ad7c9af-85f0-45a8-9fc9-0cd036cf65be,2026-05-26 13:27:14,activity_ended,scene became empty,saved_frames/2026-05-26_13-27-14_activity_ended.jpg
74af18a3-43ad-47fa-b338-368aa81af96e,2026-05-26 13:27:14,activity_started,counts={'antelope_like': 2},saved_frames/2026-05-26_13-27-14_activity_started.jpg
e85e7cb8-878b-4beb-92b2-386f8b46c307,2026-05-26 13:27:14,new_species_detected,species=antelope_like,saved_frames/2026-05-26_13-27-14_new_antelope_like.jpg
9f881dbd-c7d2-4e50-9ec1-4ce2fb2fe174,2026-05-26 13:27:14,activity_ended,scene became empty,saved_frames/2026-05-26_13-27-14_activity_ended.jpg
4905850d-e059-4427-9b53-7c0c07f7124f,2026-05-26 13:27:14,activity_started,counts={'antelope_like': 1},saved_frames/2026-05-26_13-27-14_activity_started.jpg
1e8e009e-6395-4b0f-831b-0d9f04ac2749,2026-05-26 13:27:14,new_species_detected,species=antelope_like,saved_frames/2026-05-26_13-27-14_new_antelope_like.jpg
9d8e037f-998c-424a-a6e0-328cf2833f50,2026-05-26 13:27:17,activity_ended,scene became empty,saved_frames/2026-05-26_13-27-17_activity_ended.jpg
e8b7da3b-92c7-4b7e-86d7-989cfaf2c10e,2026-05-26 13:27:19,activity_started,counts={'antelope_like': 1},saved_frames/2026-05-26_13-27-19_activity_started.jpg
71412be4-b910-4cf4-910b-bec7697f3019,2026-05-26 13:27:19,new_species_detected,species=antelope_like,saved_frames/2026-05-26_13-27-19_new_antelope_like.jpg
629ef236-6524-4a75-8f42-14485e043c48,2026-05-26 13:27:35,activity_ended,scene became empty,saved_frames/2026-05-26_13-27-35_activity_ended.jpg
eb6d71d9-d2bb-499d-8f61-5dc68dda6f3d,2026-05-26 13:27:35,activity_started,counts={'antelope_like': 1},saved_frames/2026-05-26_13-27-35_activity_started.jpg
f80439f0-e83b-43fc-8425-d79bd76f672d,2026-05-26 13:27:35,new_species_detected,species=antelope_like,saved_frames/2026-05-26_13-27-35_new_antelope_like.jpg
36e3de45-f19d-4274-9358-759a831695f3,2026-05-26 13:27:35,activity_ended,scene became empty,saved_frames/2026-05-26_13-27-35_activity_ended.jpg
4b8399d4-4170-4f01-bd48-41119b1dba33,2026-05-26 13:27:35,activity_started,counts={'antelope_like': 1},saved_frames/2026-05-26_13-27-35_activity_started.jpg
6bbfd1b7-ed8b-4e79-b690-581298f972c4,2026-05-26 13:27:35,new_species_detected,species=antelope_like,saved_frames/2026-05-26_13-27-35_new_antelope_like.jpg
f6f30851-d1fc-4cf2-a649-15373978f436,2026-05-26 13:27:35,activity_ended,scene became empty,saved_frames/2026-05-26_13-27-35_activity_ended.jpg
87b539cc-1158-4ca2-bc5f-fddd461258bd,2026-05-26 13:27:35,activity_started,counts={'antelope_like': 1},saved_frames/2026-05-26_13-27-35_activity_started.jpg
7f6dfa39-798b-4e3e-81a4-1316f4f2353a,2026-05-26 13:27:35,new_species_detected,species=antelope_like,saved_frames/2026-05-26_13-27-35_new_antelope_like.jpg
ddaef8ae-f020-4d5b-9f7c-db5b090018e5,2026-05-26 13:27:36,activity_ended,scene became empty,saved_frames/2026-05-26_13-27-36_activity_ended.jpg
31ac01aa-a224-4184-b75f-d0a985af731f,2026-05-26 13:27:36,activity_started,counts={'antelope_like': 1},saved_frames/2026-05-26_13-27-36_activity_started.jpg
35ae49ad-77cf-454a-8efb-18988c09ac53,2026-05-26 13:27:36,new_species_detected,species=antelope_like,saved_frames/2026-05-26_13-27-36_new_antelope_like.jpg
29005e4a-3197-4126-a7e5-83f706e3b1dc,2026-05-26 13:27:36,activity_ended,scene became empty,saved_frames/2026-05-26_13-27-36_activity_ended.jpg
9f8d127a-637d-4eb5-93ed-486d4701ffd4,2026-05-26 13:27:39,activity_started,counts={'antelope_like': 1},saved_frames/2026-05-26_13-27-39_activity_started.jpg
a6961c2b-6c8d-44bc-9361-207643f3ab9e,2026-05-26 13:27:39,new_species_detected,species=antelope_like,saved_frames/2026-05-26_13-27-39_new_antelope_like.jpg
e822022c-fa69-4dfe-b8cc-0b96d0d1a013,2026-05-26 13:27:39,activity_ended,scene became empty,saved_frames/2026-05-26_13-27-39_activity_ended.jpg
6cffb14c-e59e-4707-aac7-288bbdbfe0c6,2026-05-26 13:27:40,activity_started,counts={'antelope_like': 1},saved_frames/2026-05-26_13-27-40_activity_started.jpg
ca3febdc-8cfe-47e8-96b7-f73053e9cd36,2026-05-26 13:27:40,new_species_detected,species=antelope_like,saved_frames/2026-05-26_13-27-40_new_antelope_like.jpg
26c83c81-b1a9-4d4d-a40e-1745c153325d,2026-05-26 13:27:40,activity_ended,scene became empty,saved_frames/2026-05-26_13-27-40_activity_ended.jpg
fd2c488e-9598-4693-a87a-35dbb03804ca,2026-05-26 13:27:40,activity_started,counts={'antelope_like': 2},saved_frames/2026-05-26_13-27-40_activity_started.jpg
c4dfb639-1b80-4a83-8974-555423c6bc6f,2026-05-26 13:27:40,new_species_detected,species=antelope_like,saved_frames/2026-05-26_13-27-40_new_antelope_like.jpg
6b5b4e25-c803-4e38-beb9-66a89fd26f0a,2026-05-26 13:27:41,activity_ended,scene became empty,saved_frames/2026-05-26_13-27-41_activity_ended.jpg
2a07fae7-b103-4bad-a928-6db4deb83af8,2026-05-26 13:27:42,activity_started,counts={'antelope_like': 1},saved_frames/2026-05-26_13-27-42_activity_started.jpg
e66b8f8c-ca58-4e9b-9f46-494aa137e1f8,2026-05-26 13:27:42,new_species_detected,species=antelope_like,saved_frames/2026-05-26_13-27-42_new_antelope_like.jpg
d5668dd3-e0b9-4d28-8ef1-8984a6125ab5,2026-05-26 13:27:42,activity_ended,scene became empty,saved_frames/2026-05-26_13-27-42_activity_ended.jpg
613a9bee-f4fc-420c-8af8-9c80918722c2,2026-05-26 13:27:43,activity_started,counts={'antelope_like': 1},saved_frames/2026-05-26_13-27-43_activity_started.jpg
9f79c8cd-b33d-4947-a37b-76db9fe782b2,2026-05-26 13:27:43,new_species_detected,species=antelope_like,saved_frames/2026-05-26_13-27-43_new_antelope_like.jpg
0fb013a5-e676-4f71-922d-e90fdab16599,2026-05-26 13:27:47,activity_ended,scene became empty,saved_frames/2026-05-26_13-27-47_activity_ended.jpg
b988a9e2-c270-4432-9901-798590141912,2026-05-26 13:27:52,activity_started,counts={'elephant': 1},saved_frames/2026-05-26_13-27-52_activity_started.jpg
7e95b717-d4b6-477d-b2ac-ea9398605120,2026-05-26 13:27:52,new_species_detected,species=elephant,saved_frames/2026-05-26_13-27-52_new_elephant.jpg
c834d2e6-71b2-40f3-9516-775f0a0b4fe3,2026-05-26 13:27:53,activity_ended,scene became empty,saved_frames/2026-05-26_13-27-53_activity_ended.jpg
b9f4747f-0349-4c2d-9220-ff3d22752388,2026-05-26 13:27:55,activity_started,counts={'antelope_like': 1},saved_frames/2026-05-26_13-27-55_activity_started.jpg
a63aa601-5076-4b97-a9d3-3e65306da50e,2026-05-26 13:27:55,new_species_detected,species=antelope_like,saved_frames/2026-05-26_13-27-55_new_antelope_like.jpg
7a0ba05c-8d78-486e-bb7b-594c4bf4eb93,2026-05-26 13:27:56,activity_ended,scene became empty,saved_frames/2026-05-26_13-27-56_activity_ended.jpg
a06f70e8-6efa-4195-ba44-4cfc7e8cff4e,2026-05-26 13:27:58,activity_started,counts={'antelope_like': 1},saved_frames/2026-05-26_13-27-58_activity_started.jpg
3b62108d-f5c8-4280-b1c2-d34ffc845866,2026-05-26 13:27:58,new_species_detected,species=antelope_like,saved_frames/2026-05-26_13-27-58_new_antelope_like.jpg
8c835cd1-ae7d-41fb-8d8f-6e842a445f98,2026-05-26 13:27:58,activity_ended,scene became empty,saved_frames/2026-05-26_13-27-58_activity_ended.jpg
8fd7af65-2f4f-40c3-a3f8-06b8b74c7bd4,2026-05-26 13:27:58,activity_started,counts={'antelope_like': 1},saved_frames/2026-05-26_13-27-58_activity_started.jpg
cd1f284d-2b6b-45fb-bb4c-d20a6ddb2538,2026-05-26 13:27:58,new_species_detected,species=antelope_like,saved_frames/2026-05-26_13-27-58_new_antelope_like.jpg
4df5532a-4dac-4ac0-be26-db311a38c274,2026-05-26 13:27:58,activity_ended,scene became empty,saved_frames/2026-05-26_13-27-58_activity_ended.jpg
7cdf77c4-4c7f-4124-868a-9437d17c738e,2026-05-26 13:27:59,activity_started,counts={'antelope_like': 2},saved_frames/2026-05-26_13-27-59_activity_started.jpg
f5c8ed8e-c17f-4871-97c5-19502896fe6b,2026-05-26 13:27:59,new_species_detected,species=antelope_like,saved_frames/2026-05-26_13-27-59_new_antelope_like.jpg
8347fc11-d55a-440c-9e9a-241101ec0d2b,2026-05-26 13:27:59,activity_ended,scene became empty,saved_frames/2026-05-26_13-27-59_activity_ended.jpg
6b589c75-3cab-4eed-b186-03dba4fcd4a0,2026-05-26 13:27:59,activity_started,counts={'antelope_like': 1},saved_frames/2026-05-26_13-27-59_activity_started.jpg
42b1f6e7-6080-4dc8-846a-5f89787df731,2026-05-26 13:27:59,new_species_detected,species=antelope_like,saved_frames/2026-05-26_13-27-59_new_antelope_like.jpg
99155c6e-8ba5-4c88-b79c-48a805613e08,2026-05-26 13:28:00,activity_ended,scene became empty,saved_frames/2026-05-26_13-28-00_activity_ended.jpg
01e4e2de-d9f1-4ad8-aa4a-b36d045d96c4,2026-05-26 13:28:00,activity_started,counts={'antelope_like': 2},saved_frames/2026-05-26_13-28-00_activity_started.jpg
955d7cf8-5fff-4638-9f83-4db9c1586b22,2026-05-26 13:28:00,new_species_detected,species=antelope_like,saved_frames/2026-05-26_13-28-00_new_antelope_like.jpg
79c3e703-2ba3-49cf-9062-18717496bdb0,2026-05-26 13:28:01,activity_ended,scene became empty,saved_frames/2026-05-26_13-28-01_activity_ended.jpg
68cd4580-98c2-4f74-ae0e-3c40aa2cd254,2026-05-26 13:28:02,activity_started,counts={'antelope_like': 2},saved_frames/2026-05-26_13-28-02_activity_started.jpg
e578b3b2-445a-445e-a3e9-e952a4820eaa,2026-05-26 13:28:02,new_species_detected,species=antelope_like,saved_frames/2026-05-26_13-28-02_new_antelope_like.jpg
c985114f-6c13-46e8-bdf2-762b7f4dede4,2026-05-26 13:28:02,activity_ended,scene became empty,saved_frames/2026-05-26_13-28-02_activity_ended.jpg
dfaf7ae7-4ccc-4473-90ef-4873c18caf0d,2026-05-26 13:28:03,activity_started,counts={'antelope_like': 1},saved_frames/2026-05-26_13-28-03_activity_started.jpg
5489a071-a18b-4a89-86c3-a9192e498509,2026-05-26 13:28:03,new_species_detected,species=antelope_like,saved_frames/2026-05-26_13-28-03_new_antelope_like.jpg
949c2c8f-9188-48b9-aca0-f0f373518f3f,2026-05-26 13:28:03,activity_ended,scene became empty,saved_frames/2026-05-26_13-28-03_activity_ended.jpg
68ffc94e-921d-40f2-b0d0-b880983b99e0,2026-05-26 13:28:04,activity_started,counts={'antelope_like': 2},saved_frames/2026-05-26_13-28-04_activity_started.jpg
bbaa77d5-b52c-45d7-b7a9-fa3c165674f3,2026-05-26 13:28:04,new_species_detected,species=antelope_like,saved_frames/2026-05-26_13-28-04_new_antelope_like.jpg
881829a0-9499-4d21-904c-edf554edadd6,2026-05-26 13:28:04,activity_ended,scene became empty,saved_frames/2026-05-26_13-28-04_activity_ended.jpg
a1f2e8bb-4f3e-402b-8998-4785758a200c,2026-05-26 13:28:11,activity_started,counts={'antelope_like': 1},saved_frames/2026-05-26_13-28-11_activity_started.jpg
2319eaa7-648f-469a-a9f4-d22bd98a84fc,2026-05-26 13:28:11,new_species_detected,species=antelope_like,saved_frames/2026-05-26_13-28-11_new_antelope_like.jpg
a1d879c8-cbd4-47d3-875b-739f8476b642,2026-05-26 13:28:13,large_group_detected,total_animals=3,saved_frames/2026-05-26_13-28-13_large_group.jpg
387489dd-35cd-4f47-832e-91ac21375196,2026-05-26 13:28:14,large_group_detected,total_animals=3,saved_frames/2026-05-26_13-28-14_large_group.jpg
29ada473-b8b8-40e1-8cee-62db97636aff,2026-05-26 13:28:15,activity_ended,scene became empty,saved_frames/2026-05-26_13-28-15_activity_ended.jpg
46c486ef-5f07-4b5b-adc4-1eadc2e767ef,2026-05-26 13:28:15,activity_started,counts={'antelope_like': 1},saved_frames/2026-05-26_13-28-15_activity_started.jpg
40700c60-c044-4393-8973-b56101ec46d3,2026-05-26 13:28:15,new_species_detected,species=antelope_like,saved_frames/2026-05-26_13-28-15_new_antelope_like.jpg
90a60396-1c07-412c-ac02-424b86ce6504,2026-05-26 13:28:15,activity_ended,scene became empty,saved_frames/2026-05-26_13-28-15_activity_ended.jpg
3794c2c3-1d88-47c8-b523-07d1814802e3,2026-05-26 13:28:19,activity_started,counts={'antelope_like': 1},saved_frames/2026-05-26_13-28-19_activity_started.jpg
305c51b9-9135-4558-9dc3-e7ca971c96c0,2026-05-26 13:28:19,new_species_detected,species=antelope_like,saved_frames/2026-05-26_13-28-19_new_antelope_like.jpg
bf6f068e-dbe9-4717-b989-527de72b8dbd,2026-05-26 13:28:22,activity_ended,scene became empty,saved_frames/2026-05-26_13-28-22_activity_ended.jpg
e434d036-ff10-4e91-a05c-514114aa0f91,2026-05-26 13:28:22,activity_started,counts={'antelope_like': 1},saved_frames/2026-05-26_13-28-22_activity_started.jpg
e4a7817a-07bf-405f-8024-c77f5b48213b,2026-05-26 13:28:22,new_species_detected,species=antelope_like,saved_frames/2026-05-26_13-28-22_new_antelope_like.jpg
172664aa-8759-473f-97e2-cb679346a307,2026-05-26 13:28:23,activity_ended,scene became empty,saved_frames/2026-05-26_13-28-23_activity_ended.jpg
e19de4a2-c50c-44b5-8312-a405d6d65c5d,2026-05-26 13:28:24,activity_started,counts={'antelope_like': 1},saved_frames/2026-05-26_13-28-24_activity_started.jpg
8c51f631-b599-44c9-af76-6f0b53c7bbd8,2026-05-26 13:28:24,new_species_detected,species=antelope_like,saved_frames/2026-05-26_13-28-24_new_antelope_like.jpg
7aba128a-9d70-4939-87d5-0859997c1884,2026-05-26 13:28:24,activity_ended,scene became empty,saved_frames/2026-05-26_13-28-24_activity_ended.jpg
bf5e58d9-86fd-439f-8435-e5b6d78a42f0,2026-05-26 13:28:28,activity_started,counts={'antelope_like': 1},saved_frames/2026-05-26_13-28-28_activity_started.jpg
22bb0fda-0d21-4f2e-82aa-d3d752473160,2026-05-26 13:28:28,new_species_detected,species=antelope_like,saved_frames/2026-05-26_13-28-28_new_antelope_like.jpg
5d407e1e-d96c-447e-a241-39e67e934f7b,2026-05-26 13:28:28,activity_ended,scene became empty,saved_frames/2026-05-26_13-28-28_activity_ended.jpg
88f5e50f-1403-480c-956e-1c86197b4d13,2026-05-26 13:28:28,activity_started,counts={'antelope_like': 1},saved_frames/2026-05-26_13-28-28_activity_started.jpg
44f23b2b-5454-4100-947f-2034aa1d6ba1,2026-05-26 13:28:28,new_species_detected,species=antelope_like,saved_frames/2026-05-26_13-28-28_new_antelope_like.jpg
7f037faf-29d1-483a-b607-70fba95fd44c,2026-05-26 13:28:29,activity_ended,scene became empty,saved_frames/2026-05-26_13-28-29_activity_ended.jpg
2d59268a-a2a3-48dc-aed2-36eba0581ee2,2026-05-26 13:28:30,activity_started,counts={'antelope_like': 1},saved_frames/2026-05-26_13-28-30_activity_started.jpg
1688242f-704d-4584-9b3b-4a6d4a3cbd5b,2026-05-26 13:28:30,new_species_detected,species=antelope_like,saved_frames/2026-05-26_13-28-30_new_antelope_like.jpg
8ff8204f-b50d-43da-b8ec-97c86594cf05,2026-05-26 13:28:33,activity_ended,scene became empty,saved_frames/2026-05-26_13-28-33_activity_ended.jpg
f1628b9d-eeaa-42e3-9e12-ea9a10b6025a,2026-05-26 13:28:33,activity_started,counts={'antelope_like': 1},saved_frames/2026-05-26_13-28-33_activity_started.jpg
697bc4d7-5e4c-41b7-8f48-e911f91f7c53,2026-05-26 13:28:33,new_species_detected,species=antelope_like,saved_frames/2026-05-26_13-28-33_new_antelope_like.jpg
735503d4-3246-49ce-a631-dfb66cbb26a1,2026-05-26 13:28:33,activity_ended,scene became empty,saved_frames/2026-05-26_13-28-33_activity_ended.jpg
ad9ecabb-ccbf-4890-8bd7-75a6e12a7d01,2026-05-26 13:28:41,activity_started,counts={'antelope_like': 1},saved_frames/2026-05-26_13-28-41_activity_started.jpg
07b08463-f02f-4ff1-a924-5eb057abd51c,2026-05-26 13:28:41,new_species_detected,species=antelope_like,saved_frames/2026-05-26_13-28-41_new_antelope_like.jpg
175ca9ff-be30-48f9-aeb5-52301a98a051,2026-05-26 13:28:45,activity_ended,scene became empty,saved_frames/2026-05-26_13-28-45_activity_ended.jpg
d3b76a5d-6d4b-4f3d-ad01-02f0109d8693,2026-05-26 13:28:46,activity_started,counts={'antelope_like': 2},saved_frames/2026-05-26_13-28-46_activity_started.jpg
93a884d6-7b4c-4ee3-b9ec-c5be54bc1761,2026-05-26 13:28:46,new_species_detected,species=antelope_like,saved_frames/2026-05-26_13-28-46_new_antelope_like.jpg
624b0874-ede4-42fe-91d0-b7b6f2a46c55,2026-05-26 13:28:47,activity_ended,scene became empty,saved_frames/2026-05-26_13-28-47_activity_ended.jpg
b75b05ae-5295-414e-81d0-e89aa0a72362,2026-05-26 13:28:47,activity_started,counts={'antelope_like': 1},saved_frames/2026-05-26_13-28-47_activity_started.jpg
39dddb4d-246e-4bf5-8271-9b11cf269aa6,2026-05-26 13:28:47,new_species_detected,species=antelope_like,saved_frames/2026-05-26_13-28-47_new_antelope_like.jpg
0e2a03b9-ded0-453a-a70d-a8f5ab0f8b9b,2026-05-26 13:28:48,activity_ended,scene became empty,saved_frames/2026-05-26_13-28-48_activity_ended.jpg
e3d86d1f-3fa9-42fc-88f7-98e8a74f076f,2026-05-26 13:28:48,activity_started,counts={'antelope_like': 1},saved_frames/2026-05-26_13-28-48_activity_started.jpg
93b9d71f-b43b-4833-b472-f06197f8445e,2026-05-26 13:28:48,new_species_detected,species=antelope_like,saved_frames/2026-05-26_13-28-48_new_antelope_like.jpg
5ca2cb3f-825e-4d1d-a452-c0e6df3eaff0,2026-05-26 13:28:48,activity_ended,scene became empty,saved_frames/2026-05-26_13-28-48_activity_ended.jpg
b042815c-dc0d-4de1-9da2-0d0409339f59,2026-05-26 13:29:01,activity_started,counts={'antelope_like': 1},saved_frames/2026-05-26_13-29-01_activity_started.jpg
65a96208-0cc3-4c34-80dd-5f49e37e538f,2026-05-26 13:29:01,new_species_detected,species=antelope_like,saved_frames/2026-05-26_13-29-01_new_antelope_like.jpg
2699b7dc-fcb3-43e2-a6ee-54d09b0f1840,2026-05-26 13:29:01,activity_ended,scene became empty,saved_frames/2026-05-26_13-29-01_activity_ended.jpg
56bb18c3-2ac0-4cdc-bb9e-6c745f8f8953,2026-05-26 13:29:02,activity_started,counts={'antelope_like': 1},saved_frames/2026-05-26_13-29-02_activity_started.jpg
e92535d9-2d5e-4adc-a357-eaca15c7543d,2026-05-26 13:29:02,new_species_detected,species=antelope_like,saved_frames/2026-05-26_13-29-02_new_antelope_like.jpg
3a00c414-7539-471b-b500-543a50a4d220,2026-05-26 13:29:13,activity_ended,scene became empty,saved_frames/2026-05-26_13-29-13_activity_ended.jpg
d2ae436e-a289-43ea-86eb-bb17e7dd99e4,2026-05-26 13:29:14,activity_started,counts={'antelope_like': 1},saved_frames/2026-05-26_13-29-14_activity_started.jpg
a8dfe642-cf9e-4b19-ba9a-3d9132876ec4,2026-05-26 13:29:14,new_species_detected,species=antelope_like,saved_frames/2026-05-26_13-29-14_new_antelope_like.jpg
5b07de95-7237-4d1d-99ef-9cc45fdca9c2,2026-05-26 13:29:14,activity_ended,scene became empty,saved_frames/2026-05-26_13-29-14_activity_ended.jpg
b0b2c945-1594-464b-bb36-b7e890f93cbf,2026-05-26 13:29:14,activity_started,counts={'antelope_like': 1},saved_frames/2026-05-26_13-29-14_activity_started.jpg
52aa9954-1b64-429b-a763-dad1c53f5305,2026-05-26 13:29:14,new_species_detected,species=antelope_like,saved_frames/2026-05-26_13-29-14_new_antelope_like.jpg
cb093e67-874f-4b64-953a-192a3242b911,2026-05-26 13:29:15,activity_ended,scene became empty,saved_frames/2026-05-26_13-29-15_activity_ended.jpg
46c3094d-5908-41ac-bcff-37ad4b564df7,2026-05-26 13:29:15,activity_started,counts={'antelope_like': 1},saved_frames/2026-05-26_13-29-15_activity_started.jpg
a8d9ce14-a900-45f5-bf2e-97c8cb054bf7,2026-05-26 13:29:15,new_species_detected,species=antelope_like,saved_frames/2026-05-26_13-29-15_new_antelope_like.jpg
3315afd3-0ab7-43ac-87ba-478cc1e53759,2026-05-26 13:29:15,activity_ended,scene became empty,saved_frames/2026-05-26_13-29-15_activity_ended.jpg
bfd8817b-3028-45f1-9291-2f5316ddefd0,2026-05-26 13:29:31,activity_started,counts={'antelope_like': 1},saved_frames/2026-05-26_13-29-31_activity_started.jpg
350a9bb8-fcbd-4060-8a22-fe9fd0178735,2026-05-26 13:29:31,new_species_detected,species=antelope_like,saved_frames/2026-05-26_13-29-31_new_antelope_like.jpg
f9a47e1a-9eef-40fc-a978-6bca64787e87,2026-05-26 13:29:33,activity_ended,scene became empty,saved_frames/2026-05-26_13-29-33_activity_ended.jpg
704aaff5-a773-4e82-b7ae-5a9f9a1cee9e,2026-05-26 13:29:33,activity_started,counts={'antelope_like': 1},saved_frames/2026-05-26_13-29-33_activity_started.jpg
dbbbf614-e43f-4833-81ce-2a1a34f37623,2026-05-26 13:29:33,new_species_detected,species=antelope_like,saved_frames/2026-05-26_13-29-33_new_antelope_like.jpg
688c49b4-b169-4f45-b8c6-ca933cd46eb1,2026-05-26 13:29:38,activity_ended,scene became empty,saved_frames/2026-05-26_13-29-38_activity_ended.jpg
ae6b7514-a5fa-4f11-a269-8d5480c5959b,2026-05-26 13:29:38,activity_started,counts={'antelope_like': 1},saved_frames/2026-05-26_13-29-38_activity_started.jpg
9c6930b0-a4a2-49c9-a829-0cbb0e2c11bc,2026-05-26 13:29:38,new_species_detected,species=antelope_like,saved_frames/2026-05-26_13-29-38_new_antelope_like.jpg
1e97ff69-9d84-4b8e-9f9c-b63fafcf40d5,2026-05-26 13:29:38,activity_ended,scene became empty,saved_frames/2026-05-26_13-29-38_activity_ended.jpg
6592091a-d395-4036-9f22-34c0cce97b71,2026-05-26 13:29:39,activity_started,counts={'antelope_like': 1},saved_frames/2026-05-26_13-29-39_activity_started.jpg
6349dbc9-0f7b-44fa-a893-5fd24e82a277,2026-05-26 13:29:39,new_species_detected,species=antelope_like,saved_frames/2026-05-26_13-29-39_new_antelope_like.jpg
d6339c09-2b83-46b8-b6ee-2eb2a38a6293,2026-05-26 13:29:40,activity_ended,scene became empty,saved_frames/2026-05-26_13-29-40_activity_ended.jpg
4749d5e6-4f54-4225-9db6-49b215b10177,2026-05-26 13:29:40,activity_started,counts={'antelope_like': 1},saved_frames/2026-05-26_13-29-40_activity_started.jpg
3cc9cf4c-27d3-4c71-9816-942f540a0444,2026-05-26 13:29:40,new_species_detected,species=antelope_like,saved_frames/2026-05-26_13-29-40_new_antelope_like.jpg
0203b7da-30e5-454d-bc74-8af4f26fb46d,2026-05-26 13:29:44,activity_ended,scene became empty,saved_frames/2026-05-26_13-29-44_activity_ended.jpg
6864b6c1-fe9d-44d4-866d-1684d925246d,2026-05-26 13:30:07,activity_started,counts={'antelope_like': 1},saved_frames/2026-05-26_13-30-07_activity_started.jpg
fd2617b7-edbf-4f4f-bdb6-c89b2192f607,2026-05-26 13:30:07,new_species_detected,species=antelope_like,saved_frames/2026-05-26_13-30-07_new_antelope_like.jpg
ca4dcb2d-7161-41ae-a882-18bfac9d65c8,2026-05-26 13:30:07,activity_ended,scene became empty,saved_frames/2026-05-26_13-30-07_activity_ended.jpg
a68f1866-c65a-46e1-ba22-687efeebed56,2026-05-26 13:30:07,activity_started,counts={'antelope_like': 1},saved_frames/2026-05-26_13-30-07_activity_started.jpg
14e8ca00-6732-405c-a77e-218fd26ec820,2026-05-26 13:30:07,new_species_detected,species=antelope_like,saved_frames/2026-05-26_13-30-07_new_antelope_like.jpg
53418889-651c-415e-9d30-1856b4fc1cdb,2026-05-26 13:30:09,activity_ended,scene became empty,saved_frames/2026-05-26_13-30-09_activity_ended.jpg
a3163cd0-a21a-4e57-a6ff-43559b343b47,2026-05-26 13:30:10,activity_started,counts={'antelope_like': 1},saved_frames/2026-05-26_13-30-10_activity_started.jpg
4221578c-d17c-4b52-a4da-f3aba8f279bf,2026-05-26 13:30:10,new_species_detected,species=antelope_like,saved_frames/2026-05-26_13-30-10_new_antelope_like.jpg
a1861cd2-af16-4fb2-a7b9-8396eed61b5a,2026-05-26 13:30:10,activity_ended,scene became empty,saved_frames/2026-05-26_13-30-10_activity_ended.jpg
a996e38a-464a-469e-b131-ef32a859a25a,2026-05-26 13:30:16,activity_started,counts={'antelope_like': 1},saved_frames/2026-05-26_13-30-16_activity_started.jpg
f71ed74a-ee2f-4d4c-85a4-6c174dbfa3f6,2026-05-26 13:30:16,new_species_detected,species=antelope_like,saved_frames/2026-05-26_13-30-16_new_antelope_like.jpg
b881e274-4c14-4434-9680-bc67ba8adbf7,2026-05-26 13:30:17,activity_ended,scene became empty,saved_frames/2026-05-26_13-30-17_activity_ended.jpg
fe3d323f-ceae-471f-a038-c5849e73f34e,2026-05-26 13:30:41,activity_started,counts={'antelope_like': 1},saved_frames/2026-05-26_13-30-41_activity_started.jpg
7ac2460e-c820-46a5-ab9d-eafdfb4efd43,2026-05-26 13:30:41,new_species_detected,species=antelope_like,saved_frames/2026-05-26_13-30-41_new_antelope_like.jpg
716c8035-7eda-43ee-99fe-86d7eda55a42,2026-05-26 13:30:41,activity_ended,scene became empty,saved_frames/2026-05-26_13-30-41_activity_ended.jpg
da8390ed-c9e0-4b8a-a6ac-5624d3f0de4f,2026-05-26 13:30:59,activity_started,counts={'antelope_like': 2},saved_frames/2026-05-26_13-30-59_activity_started.jpg
90acfc9a-0953-408b-90ca-45684eed1b6f,2026-05-26 13:30:59,new_species_detected,species=antelope_like,saved_frames/2026-05-26_13-30-59_new_antelope_like.jpg
3dbd1ed8-f5e3-4a8c-9599-3eab9b9352df,2026-05-26 13:30:59,activity_ended,scene became empty,saved_frames/2026-05-26_13-30-59_activity_ended.jpg
9776c13a-35ad-4265-89ec-3b19c741e5bb,2026-05-26 13:31:03,activity_started,counts={'antelope_like': 1},saved_frames/2026-05-26_13-31-03_activity_started.jpg
f1283bf1-f3d5-43b1-ba13-13c8a77764cd,2026-05-26 13:31:03,new_species_detected,species=antelope_like,saved_frames/2026-05-26_13-31-03_new_antelope_like.jpg
200ddcfd-2c63-4933-be95-cfc0bebab2d0,2026-05-26 13:31:03,activity_ended,scene became empty,saved_frames/2026-05-26_13-31-03_activity_ended.jpg
4c029045-7086-48a5-825c-02a7dd3de982,2026-05-26 13:31:03,activity_started,counts={'antelope_like': 1},saved_frames/2026-05-26_13-31-03_activity_started.jpg
576ad497-34f3-4430-b6e0-d829fa2f67e6,2026-05-26 13:31:03,new_species_detected,species=antelope_like,saved_frames/2026-05-26_13-31-03_new_antelope_like.jpg
dfbb6a0c-5383-4c8c-bc71-5743db1f1b14,2026-05-26 13:31:04,activity_ended,scene became empty,saved_frames/2026-05-26_13-31-04_activity_ended.jpg
b003ea7e-7f1f-460d-b92b-64edf22bcfac,2026-05-26 13:31:04,activity_started,counts={'antelope_like': 1},saved_frames/2026-05-26_13-31-04_activity_started.jpg
0da9556b-e91d-4dd2-8097-0e9f9a94aeac,2026-05-26 13:31:04,new_species_detected,species=antelope_like,saved_frames/2026-05-26_13-31-04_new_antelope_like.jpg
fa306757-a648-411d-bf96-c9606ceacadc,2026-05-26 13:31:04,activity_ended,scene became empty,saved_frames/2026-05-26_13-31-04_activity_ended.jpg
baa2156c-ea3f-42c0-93e1-ab4a3011a645,2026-05-26 13:31:08,activity_started,counts={'antelope_like': 1},saved_frames/2026-05-26_13-31-08_activity_started.jpg
e0224e4c-9fc8-4496-a438-b9f1a8cc0f33,2026-05-26 13:31:08,new_species_detected,species=antelope_like,saved_frames/2026-05-26_13-31-08_new_antelope_like.jpg
b18a5520-06cf-4eb1-9a7e-c1de526184dc,2026-05-26 13:31:08,activity_ended,scene became empty,saved_frames/2026-05-26_13-31-08_activity_ended.jpg
16f15ae5-5ec1-41c9-b21a-0a879749b0bc,2026-05-26 13:31:15,activity_started,counts={'antelope_like': 1},saved_frames/2026-05-26_13-31-15_activity_started.jpg
81f3d9d6-8985-4968-9d67-1b60d97e0373,2026-05-26 13:31:15,new_species_detected,species=antelope_like,saved_frames/2026-05-26_13-31-15_new_antelope_like.jpg
adbfe353-52bd-43ed-80d6-f572327c67d9,2026-05-26 13:31:16,activity_ended,scene became empty,saved_frames/2026-05-26_13-31-16_activity_ended.jpg
bee38863-6fd9-4e11-8e4b-e1751bac474d,2026-05-26 13:31:16,activity_started,counts={'antelope_like': 1},saved_frames/2026-05-26_13-31-16_activity_started.jpg
a08018b7-b0c8-476a-ac0d-70321c07686b,2026-05-26 13:31:16,new_species_detected,species=antelope_like,saved_frames/2026-05-26_13-31-16_new_antelope_like.jpg
341317fb-9420-4c00-a1b5-c442c4cbae63,2026-05-26 13:31:17,activity_ended,scene became empty,saved_frames/2026-05-26_13-31-17_activity_ended.jpg
e1390115-2158-4d09-a68a-2ddc6ecc9858,2026-05-26 13:31:18,activity_started,counts={'antelope_like': 2},saved_frames/2026-05-26_13-31-18_activity_started.jpg
9041440a-8ed0-42cb-9cae-a9723b77862c,2026-05-26 13:31:18,new_species_detected,species=antelope_like,saved_frames/2026-05-26_13-31-18_new_antelope_like.jpg
54048625-d7c6-4a50-b1aa-de9f7992d272,2026-05-26 13:31:20,activity_ended,scene became empty,saved_frames/2026-05-26_13-31-20_activity_ended.jpg
594c3611-b0b7-4a75-951e-9274442b93e4,2026-05-26 13:31:21,activity_started,counts={'antelope_like': 1},saved_frames/2026-05-26_13-31-21_activity_started.jpg
517f753e-14e1-4c69-a2ea-a09759446a1d,2026-05-26 13:31:21,new_species_detected,species=antelope_like,saved_frames/2026-05-26_13-31-21_new_antelope_like.jpg
45455979-8431-4b83-a59e-1374a1c51063,2026-05-26 13:31:26,activity_ended,scene became empty,saved_frames/2026-05-26_13-31-26_activity_ended.jpg
981f0a47-b157-4553-8e9c-adf2173b6389,2026-05-26 13:31:27,activity_started,counts={'antelope_like': 1},saved_frames/2026-05-26_13-31-27_activity_started.jpg
54c01305-2cc0-48c8-a4a4-5a610e05ff8c,2026-05-26 13:31:27,new_species_detected,species=antelope_like,saved_frames/2026-05-26_13-31-27_new_antelope_like.jpg
5bd96ae1-17bf-497f-b15f-e39b9cc8243a,2026-05-26 13:31:27,activity_ended,scene became empty,saved_frames/2026-05-26_13-31-27_activity_ended.jpg
9d37475e-8b20-4ab2-8844-f65a31d0e7ab,2026-05-26 13:31:32,activity_started,counts={'antelope_like': 1},saved_frames/2026-05-26_13-31-32_activity_started.jpg
ab581ae4-d57d-4cc2-8ff0-b046bf885d43,2026-05-26 13:31:32,new_species_detected,species=antelope_like,saved_frames/2026-05-26_13-31-32_new_antelope_like.jpg
386e3f60-51dc-4861-8e9b-6a0d5c45792b,2026-05-26 13:31:32,activity_ended,scene became empty,saved_frames/2026-05-26_13-31-32_activity_ended.jpg
c581df6e-17cf-497e-b6d8-b8a07b6a7e90,2026-05-26 13:31:33,activity_started,counts={'antelope_like': 1},saved_frames/2026-05-26_13-31-33_activity_started.jpg
5b2c30d5-dd10-4310-8889-f7bbb33b6efd,2026-05-26 13:31:33,new_species_detected,species=antelope_like,saved_frames/2026-05-26_13-31-33_new_antelope_like.jpg
ff274bc7-bdf8-4ae2-b5ac-a295a29a7528,2026-05-26 13:31:33,activity_ended,scene became empty,saved_frames/2026-05-26_13-31-33_activity_ended.jpg
bb872488-8522-4bf2-a8d7-7e11be200465,2026-05-26 13:31:34,activity_started,counts={'antelope_like': 1},saved_frames/2026-05-26_13-31-34_activity_started.jpg
3d9be141-c7b1-4e11-b2c5-dc687cfff368,2026-05-26 13:31:34,new_species_detected,species=antelope_like,saved_frames/2026-05-26_13-31-34_new_antelope_like.jpg
57cb1586-24af-4cf6-ae05-56ac1da22d04,2026-05-26 13:31:35,activity_ended,scene became empty,saved_frames/2026-05-26_13-31-35_activity_ended.jpg
e2fe9df5-3f42-47d5-a1c2-1e3757777387,2026-05-26 13:31:35,activity_started,counts={'antelope_like': 1},saved_frames/2026-05-26_13-31-35_activity_started.jpg
0d07958b-7786-4cfd-b39d-d79c0b294219,2026-05-26 13:31:35,new_species_detected,species=antelope_like,saved_frames/2026-05-26_13-31-35_new_antelope_like.jpg
5e1fc3d2-63fe-4515-84fb-9237415bfc9d,2026-05-26 13:31:38,activity_ended,scene became empty,saved_frames/2026-05-26_13-31-38_activity_ended.jpg
286723f6-acc9-4ec0-ab13-68d93418b75e,2026-05-26 13:31:58,activity_started,counts={'antelope_like': 1},saved_frames/2026-05-26_13-31-58_activity_started.jpg
fb0f1b8f-108c-4831-9447-7ab074d9c071,2026-05-26 13:31:58,new_species_detected,species=antelope_like,saved_frames/2026-05-26_13-31-58_new_antelope_like.jpg
57c84a67-fd93-4048-9d23-49bb2fe32c8b,2026-05-26 13:31:58,activity_ended,scene became empty,saved_frames/2026-05-26_13-31-58_activity_ended.jpg
8ead1924-b8c2-4b1c-8ab8-5c636c153aa5,2026-05-26 13:32:06,activity_started,counts={'antelope_like': 1},saved_frames/2026-05-26_13-32-06_activity_started.jpg
e8479ca7-0d30-44fc-8187-d2320fcbf7b3,2026-05-26 13:32:06,new_species_detected,species=antelope_like,saved_frames/2026-05-26_13-32-06_new_antelope_like.jpg
ef483e80-6338-46a6-96c6-ffc57383bf93,2026-05-26 13:32:07,activity_ended,scene became empty,saved_frames/2026-05-26_13-32-07_activity_ended.jpg
e52bf6ef-4828-40ce-b1ee-1ce5eaf0fe53,2026-05-26 13:32:08,activity_started,counts={'antelope_like': 1},saved_frames/2026-05-26_13-32-08_activity_started.jpg
15d9aebe-65bf-4fab-bb05-96bbd57e107a,2026-05-26 13:32:08,new_species_detected,species=antelope_like,saved_frames/2026-05-26_13-32-08_new_antelope_like.jpg
f2357fc9-c1c7-4eb6-8f55-d118d03009da,2026-05-26 13:32:09,activity_ended,scene became empty,saved_frames/2026-05-26_13-32-09_activity_ended.jpg
f81e414a-d0f1-4d42-84fb-5cf64b08e255,2026-05-26 13:32:09,activity_started,counts={'antelope_like': 1},saved_frames/2026-05-26_13-32-09_activity_started.jpg
11a886b8-843e-4698-8031-a8add5550bcd,2026-05-26 13:32:09,new_species_detected,species=antelope_like,saved_frames/2026-05-26_13-32-09_new_antelope_like.jpg
07c1017a-7767-41ba-bc3a-76290c562b32,2026-05-26 13:32:10,activity_ended,scene became empty,saved_frames/2026-05-26_13-32-10_activity_ended.jpg
2a97c513-4123-40a9-a77d-b874f97bc024,2026-05-26 13:32:11,activity_started,counts={'antelope_like': 1},saved_frames/2026-05-26_13-32-11_activity_started.jpg
130e9349-63ca-42a3-8610-43da883a3484,2026-05-26 13:32:11,new_species_detected,species=antelope_like,saved_frames/2026-05-26_13-32-11_new_antelope_like.jpg
5d37fa8a-9657-4355-adb4-418cf430fd41,2026-05-26 13:32:11,activity_ended,scene became empty,saved_frames/2026-05-26_13-32-11_activity_ended.jpg
90cad349-63fc-4b84-b806-4b18b6260253,2026-05-26 13:32:11,activity_started,counts={'antelope_like': 1},saved_frames/2026-05-26_13-32-11_activity_started.jpg
d759bbee-ebb8-43f5-93bb-e4f916a61bc4,2026-05-26 13:32:11,new_species_detected,species=antelope_like,saved_frames/2026-05-26_13-32-11_new_antelope_like.jpg
38438d18-3daa-4d8f-a7c9-c509953784ac,2026-05-26 13:32:11,activity_ended,scene became empty,saved_frames/2026-05-26_13-32-11_activity_ended.jpg
cf32efba-a54d-462c-b2bd-0d5c86bc12b2,2026-05-26 13:32:12,activity_started,counts={'antelope_like': 1},saved_frames/2026-05-26_13-32-12_activity_started.jpg
fbc45a84-435c-489f-a03d-e5d6169223d8,2026-05-26 13:32:12,new_species_detected,species=antelope_like,saved_frames/2026-05-26_13-32-12_new_antelope_like.jpg
36b07d5d-a5f6-4464-98e4-1a9cf2d75104,2026-05-26 13:32:12,activity_ended,scene became empty,saved_frames/2026-05-26_13-32-12_activity_ended.jpg
1511b621-12bc-4d06-bb0d-e3467d1eb993,2026-05-26 13:32:13,activity_started,counts={'antelope_like': 1},saved_frames/2026-05-26_13-32-13_activity_started.jpg
40523dbe-297d-4130-8c04-036baa2c2a44,2026-05-26 13:32:13,new_species_detected,species=antelope_like,saved_frames/2026-05-26_13-32-13_new_antelope_like.jpg
ed5efe0f-4f9c-4bcc-9eef-57b1eb1cec47,2026-05-26 13:32:14,activity_ended,scene became empty,saved_frames/2026-05-26_13-32-14_activity_ended.jpg
37c473e6-5ab4-42cf-b104-d88dcf9adc1e,2026-05-26 13:32:14,activity_started,counts={'antelope_like': 1},saved_frames/2026-05-26_13-32-14_activity_started.jpg
304654e7-675f-406b-a75b-cccd3644a548,2026-05-26 13:32:14,new_species_detected,species=antelope_like,saved_frames/2026-05-26_13-32-14_new_antelope_like.jpg
f855a6af-3315-4eae-b272-2f8d978c8e47,2026-05-26 13:32:21,activity_ended,scene became empty,saved_frames/2026-05-26_13-32-21_activity_ended.jpg
360adcae-8172-4f26-9f1c-a83844ad8cfa,2026-05-26 13:32:22,activity_started,counts={'antelope_like': 1},saved_frames/2026-05-26_13-32-22_activity_started.jpg
316e659f-98a2-464c-ba87-9ed4997d86ab,2026-05-26 13:32:22,new_species_detected,species=antelope_like,saved_frames/2026-05-26_13-32-22_new_antelope_like.jpg
87283a7a-9460-4da0-85b9-3f552e144110,2026-05-26 13:32:22,activity_ended,scene became empty,saved_frames/2026-05-26_13-32-22_activity_ended.jpg
9cba68c6-bbb3-46a8-b5e1-967204b7c490,2026-05-26 13:32:25,activity_started,counts={'antelope_like': 1},saved_frames/2026-05-26_13-32-25_activity_started.jpg
3f3a6180-359e-4b17-b7c1-7e8e4a42680d,2026-05-26 13:32:25,new_species_detected,species=antelope_like,saved_frames/2026-05-26_13-32-25_new_antelope_like.jpg
194b626f-32a6-4580-a1bd-145f41d508c5,2026-05-26 13:32:26,activity_ended,scene became empty,saved_frames/2026-05-26_13-32-26_activity_ended.jpg
da2eb74a-7396-4d67-a4ba-3cde2704d3d5,2026-05-26 13:32:57,activity_started,counts={'antelope_like': 1},saved_frames/2026-05-26_13-32-57_activity_started.jpg
f7c2f1c3-ea2e-4395-bc56-1456f8e02436,2026-05-26 13:32:57,new_species_detected,species=antelope_like,saved_frames/2026-05-26_13-32-57_new_antelope_like.jpg
e13860f5-d5a4-42a6-bcee-e1cd2f8d3112,2026-05-26 13:32:59,activity_ended,scene became empty,saved_frames/2026-05-26_13-32-59_activity_ended.jpg
9121315c-24cb-49ad-b4aa-66386a844724,2026-05-26 13:32:59,activity_started,counts={'antelope_like': 1},saved_frames/2026-05-26_13-32-59_activity_started.jpg
255e1843-769f-4595-89a4-8f06dce1129e,2026-05-26 13:32:59,new_species_detected,species=antelope_like,saved_frames/2026-05-26_13-32-59_new_antelope_like.jpg
3be7d187-96e4-4d44-adaf-c9ec5cfa62c9,2026-05-26 13:33:10,activity_ended,scene became empty,saved_frames/2026-05-26_13-33-10_activity_ended.jpg
3ba77682-34bf-4e2d-a9dd-75f08f5a9cae,2026-05-26 13:33:50,activity_started,counts={'antelope_like': 1},saved_frames/2026-05-26_13-33-50_activity_started.jpg
2e17eb42-4d8e-43b2-a71d-a64142e2cd1c,2026-05-26 13:33:50,new_species_detected,species=antelope_like,saved_frames/2026-05-26_13-33-50_new_antelope_like.jpg
c7bd8852-e099-418c-9541-9fe6ddc4f59b,2026-05-26 13:33:50,activity_ended,scene became empty,saved_frames/2026-05-26_13-33-50_activity_ended.jpg
baeb799b-bdee-4faa-a2d3-f940d4ea1aa5,2026-05-26 13:34:05,activity_started,counts={'antelope_like': 1},saved_frames/2026-05-26_13-34-05_activity_started.jpg
088fa6fc-ea6d-4e98-839c-8c1b46611390,2026-05-26 13:34:05,new_species_detected,species=antelope_like,saved_frames/2026-05-26_13-34-05_new_antelope_like.jpg
ebaf62d2-39d8-43b6-b594-88e269ebbf87,2026-05-26 13:34:05,activity_ended,scene became empty,saved_frames/2026-05-26_13-34-05_activity_ended.jpg
e5a35ab4-bd0e-4793-88fc-024d54939190,2026-05-26 13:34:10,activity_started,counts={'antelope_like': 1},saved_frames/2026-05-26_13-34-10_activity_started.jpg
234530ad-d969-4a59-8b76-fec32f05d735,2026-05-26 13:34:10,new_species_detected,species=antelope_like,saved_frames/2026-05-26_13-34-10_new_antelope_like.jpg
3b91e59c-1cfb-4cdf-b0fc-213a326aa2a2,2026-05-26 13:34:18,activity_ended,scene became empty,saved_frames/2026-05-26_13-34-18_activity_ended.jpg
040ad52e-0729-4d16-a9fb-66bb538d43c5,2026-05-26 13:48:38,activity_started,counts={'antelope_like': 2},saved_frames/2026-05-26_13-48-38_activity_started.jpg
853c96bf-bf82-4bdc-86c0-a14fd09c26e6,2026-05-26 13:48:38,new_species_detected,species=antelope_like,saved_frames/2026-05-26_13-48-38_new_antelope_like.jpg
c1026c92-6e6d-4329-a98d-15650d07425e,2026-05-26 13:48:38,large_group_detected,total_animals=3,saved_frames/2026-05-26_13-48-38_large_group.jpg
296abb77-39df-4b0f-9a28-47648f38c2e3,2026-05-26 13:48:39,large_group_detected,total_animals=3,saved_frames/2026-05-26_13-48-39_large_group.jpg
a41f02e9-054b-4543-80f6-11770d9daec5,2026-05-26 13:48:41,large_group_detected,total_animals=3,saved_frames/2026-05-26_13-48-41_large_group.jpg
95d1f7fb-06cc-4c35-b67a-c52c137e5496,2026-05-26 13:48:52,large_group_detected,total_animals=3,saved_frames/2026-05-26_13-48-52_large_group.jpg
3e4d8c1f-b513-4996-8d68-913d268c3ac5,2026-05-26 13:48:54,large_group_detected,total_animals=3,saved_frames/2026-05-26_13-48-54_large_group.jpg
0c864efb-da17-4df4-a253-1362a3de8bcc,2026-05-26 13:48:55,large_group_detected,total_animals=3,saved_frames/2026-05-26_13-48-55_large_group.jpg
6ee3877b-516a-455d-8870-676568f25f0a,2026-05-26 13:48:56,large_group_detected,total_animals=3,saved_frames/2026-05-26_13-48-56_large_group.jpg
5991ca12-7faf-416d-b2d8-0498bd80d6ea,2026-05-26 13:49:02,large_group_detected,total_animals=3,saved_frames/2026-05-26_13-49-02_large_group.jpg
b4d0304c-e684-4224-b631-8b3366e948b1,2026-05-26 13:49:03,large_group_detected,total_animals=3,saved_frames/2026-05-26_13-49-03_large_group.jpg
eaf5c3f8-a79f-4795-921f-8573f48dffd7,2026-05-26 13:49:03,large_group_detected,total_animals=3,saved_frames/2026-05-26_13-49-03_large_group.jpg
a4e7199e-a632-42a8-a807-d54c4e61525a,2026-05-26 13:49:04,large_group_detected,total_animals=3,saved_frames/2026-05-26_13-49-04_large_group.jpg
67870cda-acc6-4156-98be-be3e66d3d967,2026-05-26 13:49:06,large_group_detected,total_animals=3,saved_frames/2026-05-26_13-49-06_large_group.jpg
fc077a4e-110a-48d2-a062-1b5cbf25b82d,2026-05-26 13:49:11,large_group_detected,total_animals=3,saved_frames/2026-05-26_13-49-11_large_group.jpg
43219cb1-4d84-47e6-a2fc-a4c4c3df6b1d,2026-05-26 13:49:27,large_group_detected,total_animals=3,saved_frames/2026-05-26_13-49-27_large_group.jpg
77fd5c83-b012-4511-8fb4-d520b46d850c,2026-05-26 13:49:30,large_group_detected,total_animals=3,saved_frames/2026-05-26_13-49-30_large_group.jpg
f69e7364-b372-4715-8f2c-632ba58a3ad6,2026-05-26 13:49:30,large_group_detected,total_animals=3,saved_frames/2026-05-26_13-49-30_large_group.jpg
44461529-8c4b-4163-a524-86446952b586,2026-05-26 13:49:31,large_group_detected,total_animals=3,saved_frames/2026-05-26_13-49-31_large_group.jpg
78306b82-816c-4a3a-86ce-6913f111d731,2026-05-26 13:49:31,large_group_detected,total_animals=4,saved_frames/2026-05-26_13-49-31_large_group.jpg
50e40944-31e2-4236-a129-1ca570a94b47,2026-05-26 13:49:33,large_group_detected,total_animals=3,saved_frames/2026-05-26_13-49-33_large_group.jpg
705b6650-269e-4755-8760-9ce65a34e54c,2026-05-26 13:49:33,large_group_detected,total_animals=3,saved_frames/2026-05-26_13-49-33_large_group.jpg
f10e1dad-b3a1-4d66-8e27-46f33fde792f,2026-05-26 13:49:33,large_group_detected,total_animals=3,saved_frames/2026-05-26_13-49-33_large_group.jpg
f9a67d7b-9275-4c6f-9a4a-147a22352428,2026-05-26 13:49:37,large_group_detected,total_animals=3,saved_frames/2026-05-26_13-49-37_large_group.jpg
4f095df1-8c55-4ff7-afa2-605c00cd9ca0,2026-05-26 13:49:40,large_group_detected,total_animals=3,saved_frames/2026-05-26_13-49-40_large_group.jpg
a9de7179-34ed-4b19-846b-bd3b92076cbf,2026-05-26 13:49:41,large_group_detected,total_animals=3,saved_frames/2026-05-26_13-49-41_large_group.jpg
bb64c4f6-7a43-4768-bca9-f9b059c14a55,2026-05-26 13:49:52,large_group_detected,total_animals=3,saved_frames/2026-05-26_13-49-52_large_group.jpg
edce17be-dc8c-4028-8d2d-6345abe3d553,2026-05-26 13:50:02,large_group_detected,total_animals=4,saved_frames/2026-05-26_13-50-02_large_group.jpg
8e521ceb-3fce-4c2f-a376-5fe37a427c65,2026-05-26 13:50:03,large_group_detected,total_animals=3,saved_frames/2026-05-26_13-50-03_large_group.jpg
ad43835a-e6a8-485e-85b9-b4bfd6e13cbc,2026-05-26 13:50:03,large_group_detected,total_animals=3,saved_frames/2026-05-26_13-50-03_large_group.jpg
95b7674e-f1dc-4802-bef8-61c5bb57561f,2026-05-26 13:50:04,large_group_detected,total_animals=3,saved_frames/2026-05-26_13-50-04_large_group.jpg
91bda6f8-3598-4656-b167-8cf3bb135785,2026-05-26 13:50:05,large_group_detected,total_animals=4,saved_frames/2026-05-26_13-50-05_large_group.jpg
7d3ba9e4-6747-42c0-af37-510c757848a7,2026-05-26 13:50:09,large_group_detected,total_animals=3,saved_frames/2026-05-26_13-50-09_large_group.jpg
2db93095-d636-4a9d-9fc4-69ef46967246,2026-05-26 13:50:12,large_group_detected,total_animals=3,saved_frames/2026-05-26_13-50-12_large_group.jpg
29a95885-2bd9-4504-a82b-7ee4ae61679b,2026-05-26 13:50:13,large_group_detected,total_animals=4,saved_frames/2026-05-26_13-50-13_large_group.jpg
851d590e-8d1e-455a-aaa3-f58ae0f41a0a,2026-05-26 13:50:13,large_group_detected,total_animals=4,saved_frames/2026-05-26_13-50-13_large_group.jpg
c66bef01-3124-405c-a2fa-21f184b07024,2026-05-26 13:50:29,large_group_detected,total_animals=3,saved_frames/2026-05-26_13-50-29_large_group.jpg
cd9054ca-0e66-47b9-aab3-8e10bd26b157,2026-05-26 13:50:32,activity_ended,scene became empty,saved_frames/2026-05-26_13-50-32_activity_ended.jpg
7ec05afd-817b-4dec-b08c-f37efc240a42,2026-05-26 13:50:38,activity_started,counts={'antelope_like': 1},saved_frames/2026-05-26_13-50-38_activity_started.jpg
409da49d-9e18-4466-bc1b-d4cd48c50521,2026-05-26 13:50:38,new_species_detected,species=antelope_like,saved_frames/2026-05-26_13-50-38_new_antelope_like.jpg
87ba84bc-2153-4bdb-81a4-3775ede34d69,2026-05-26 13:50:38,new_species_detected,species=ungulate,saved_frames/2026-05-26_13-50-38_new_ungulate.jpg
6034857f-3d6b-4a27-971a-c46a95dbd3af,2026-05-26 13:50:38,multi_species_detected,"species=['antelope_like', 'ungulate']",saved_frames/2026-05-26_13-50-38_multi_species.jpg
a6f6e7f2-830b-43ce-b682-20ca83b75ec0,2026-05-26 13:50:38,new_species_detected,species=ungulate,saved_frames/2026-05-26_13-50-38_new_ungulate.jpg
d92c0207-30fa-4b61-bdbd-abea38efd908,2026-05-26 13:50:38,multi_species_detected,"species=['antelope_like', 'ungulate']",saved_frames/2026-05-26_13-50-38_multi_species.jpg
d34046b2-82fc-4b00-b7f6-947177102f6d,2026-05-26 13:50:38,large_group_detected,total_animals=3,saved_frames/2026-05-26_13-50-38_large_group.jpg
e44a79de-e5eb-4ef5-9241-a9bbc3a88f5c,2026-05-26 13:50:39,new_species_detected,species=ungulate,saved_frames/2026-05-26_13-50-39_new_ungulate.jpg
cba00475-d4ab-4e27-b65f-c7a84ec90173,2026-05-26 13:50:39,multi_species_detected,"species=['antelope_like', 'ungulate']",saved_frames/2026-05-26_13-50-39_multi_species.jpg
49b7fa99-56bb-4127-856c-5e1b84f11b30,2026-05-26 13:50:39,large_group_detected,total_animals=3,saved_frames/2026-05-26_13-50-39_large_group.jpg
26689e72-8eed-49bf-98cf-e2a91a9a7646,2026-05-26 13:50:40,new_species_detected,species=antelope_like,saved_frames/2026-05-26_13-50-40_new_antelope_like.jpg
f31b706d-fe66-4b99-8df5-b22d51ffd481,2026-05-26 13:50:40,multi_species_detected,"species=['antelope_like', 'ungulate']",saved_frames/2026-05-26_13-50-40_multi_species.jpg
b46607d3-5318-47d8-89cb-472610a3b465,2026-05-26 13:50:40,new_species_detected,species=antelope_like,saved_frames/2026-05-26_13-50-40_new_antelope_like.jpg
fc7e75d2-e0c0-448a-8100-5bbbe77cbee1,2026-05-26 13:50:40,new_species_detected,species=ungulate,saved_frames/2026-05-26_13-50-40_new_ungulate.jpg
089e72e0-ecb7-403d-ac95-dae85ba19a54,2026-05-26 13:50:40,multi_species_detected,"species=['antelope_like', 'ungulate']",saved_frames/2026-05-26_13-50-40_multi_species.jpg
d78c8d20-e933-4c55-ad24-a6d8f2fa52d9,2026-05-26 13:50:41,activity_ended,scene became empty,saved_frames/2026-05-26_13-50-41_activity_ended.jpg
6017c70f-718b-4794-a891-3ee005126ada,2026-05-26 13:50:41,activity_started,counts={'antelope_like': 1},saved_frames/2026-05-26_13-50-41_activity_started.jpg
29695d9f-bf92-4845-a954-26365b9c021d,2026-05-26 13:50:41,new_species_detected,species=antelope_like,saved_frames/2026-05-26_13-50-41_new_antelope_like.jpg
5d89aadb-1064-4430-ba4a-6c90e98b3293,2026-05-26 13:50:41,activity_ended,scene became empty,saved_frames/2026-05-26_13-50-41_activity_ended.jpg
81c65ff9-d28c-42c0-8254-1b3e77cf0cc9,2026-05-26 13:50:42,activity_started,counts={'antelope_like': 1},saved_frames/2026-05-26_13-50-42_activity_started.jpg
da942a47-fc45-4c82-9f26-7c5a53e7e9e3,2026-05-26 13:50:42,new_species_detected,species=antelope_like,saved_frames/2026-05-26_13-50-42_new_antelope_like.jpg
3c0be467-1b9f-40bc-994a-7fc6888f9772,2026-05-26 13:50:42,new_species_detected,species=ungulate,saved_frames/2026-05-26_13-50-42_new_ungulate.jpg
f79e0e3b-a4a9-49d8-ae45-a785a89142db,2026-05-26 13:50:42,multi_species_detected,"species=['antelope_like', 'ungulate']",saved_frames/2026-05-26_13-50-42_multi_species.jpg
0babf7c4-e62e-4c4e-81ec-21fe1d14778a,2026-05-26 13:50:42,large_group_detected,total_animals=3,saved_frames/2026-05-26_13-50-42_large_group.jpg
19aea873-9048-41e1-b366-796a5bfcffba,2026-05-26 13:50:43,new_species_detected,species=ungulate,saved_frames/2026-05-26_13-50-43_new_ungulate.jpg
5d4c06ac-666e-465e-9877-1894693c1bae,2026-05-26 13:50:43,multi_species_detected,"species=['antelope_like', 'ungulate']",saved_frames/2026-05-26_13-50-43_multi_species.jpg
1f5379b3-dc2f-49ea-bf6e-c1e14d412858,2026-05-26 13:50:44,large_group_detected,total_animals=3,saved_frames/2026-05-26_13-50-44_large_group.jpg
aae46f45-d8c4-49fe-afde-726b2115d760,2026-05-26 13:50:46,large_group_detected,total_animals=3,saved_frames/2026-05-26_13-50-46_large_group.jpg
3a3dc4d9-fbe2-4026-80b6-1e58ac1b917a,2026-05-26 13:50:46,activity_ended,scene became empty,saved_frames/2026-05-26_13-50-46_activity_ended.jpg
20aad6d8-dc7e-46e1-8272-d50d6d261487,2026-05-26 13:50:46,activity_started,counts={'antelope_like': 2},saved_frames/2026-05-26_13-50-46_activity_started.jpg
a67e39a1-3fb8-4032-be2c-e3192b85a2f2,2026-05-26 13:50:46,new_species_detected,species=antelope_like,saved_frames/2026-05-26_13-50-46_new_antelope_like.jpg
e96d9c2e-3428-4b5b-beee-9253ea183ef0,2026-05-26 13:50:46,large_group_detected,total_animals=3,saved_frames/2026-05-26_13-50-46_large_group.jpg
92477c92-29ff-4949-8b28-2e820550468c,2026-05-26 13:50:47,large_group_detected,total_animals=3,saved_frames/2026-05-26_13-50-47_large_group.jpg
bb1df176-8339-46a3-b420-4f85a7daca2b,2026-05-26 13:50:48,activity_ended,scene became empty,saved_frames/2026-05-26_13-50-48_activity_ended.jpg
9179032c-958a-4651-a9b2-52908e0bdfa9,2026-05-26 13:50:48,activity_started,counts={'antelope_like': 1},saved_frames/2026-05-26_13-50-48_activity_started.jpg
3ea1c632-13d2-45ed-b95c-301c47277168,2026-05-26 13:50:48,new_species_detected,species=antelope_like,saved_frames/2026-05-26_13-50-48_new_antelope_like.jpg
5aca0211-ac66-4b73-ab07-69bf0b4da8e5,2026-05-26 13:50:48,activity_ended,scene became empty,saved_frames/2026-05-26_13-50-48_activity_ended.jpg
b791b6fc-038c-4993-af40-3b8a3ef004d1,2026-05-26 13:50:48,activity_started,counts={'antelope_like': 2},saved_frames/2026-05-26_13-50-48_activity_started.jpg
4750fbf8-ed5e-43d4-8893-a9d5780a6a4f,2026-05-26 13:50:48,new_species_detected,species=antelope_like,saved_frames/2026-05-26_13-50-48_new_antelope_like.jpg
0f5a5d9c-1ed0-4f20-9a9d-da6a689a2f91,2026-05-26 13:50:48,large_group_detected,total_animals=3,saved_frames/2026-05-26_13-50-48_large_group.jpg
aec4b5fb-eca6-4f28-a797-814c6d31910e,2026-05-26 13:50:49,activity_ended,scene became empty,saved_frames/2026-05-26_13-50-49_activity_ended.jpg
afff43c8-6034-4e8e-8c62-857c7e339f0d,2026-05-26 13:50:49,activity_started,counts={'antelope_like': 1},saved_frames/2026-05-26_13-50-49_activity_started.jpg
9610c995-e3b2-4659-860e-275a8226bc5c,2026-05-26 13:50:49,new_species_detected,species=antelope_like,saved_frames/2026-05-26_13-50-49_new_antelope_like.jpg
28cf835b-a021-4c69-b22d-ecb0f2d7399d,2026-05-26 13:50:50,activity_ended,scene became empty,saved_frames/2026-05-26_13-50-50_activity_ended.jpg
353dafea-7089-46e4-8c66-6a2a53790c0c,2026-05-26 13:50:50,activity_started,counts={'antelope_like': 1},saved_frames/2026-05-26_13-50-50_activity_started.jpg
e4be1697-ed66-47b0-ac3d-a6569f34d03a,2026-05-26 13:50:50,new_species_detected,species=antelope_like,saved_frames/2026-05-26_13-50-50_new_antelope_like.jpg
18dbe011-515d-41e6-9cc1-4d6b232a013e,2026-05-26 13:50:50,activity_ended,scene became empty,saved_frames/2026-05-26_13-50-50_activity_ended.jpg
3ee4ac4e-5be7-49bc-af07-8c296dba3fb7,2026-05-26 13:50:50,activity_started,counts={'antelope_like': 1},saved_frames/2026-05-26_13-50-50_activity_started.jpg
b5d78a3c-3478-4f14-8777-36881c7ea7de,2026-05-26 13:50:50,new_species_detected,species=antelope_like,saved_frames/2026-05-26_13-50-50_new_antelope_like.jpg
d4d3a8a4-a1e8-4c1b-b3f8-9a699753e07a,2026-05-26 13:50:51,activity_ended,scene became empty,saved_frames/2026-05-26_13-50-51_activity_ended.jpg
ee784c63-0f0c-4af5-a8b1-e789dc1d86b7,2026-05-26 13:50:51,activity_started,counts={'antelope_like': 1},saved_frames/2026-05-26_13-50-51_activity_started.jpg
39af3d2b-957b-4f16-ba85-a08f16b962a6,2026-05-26 13:50:51,new_species_detected,species=antelope_like,saved_frames/2026-05-26_13-50-51_new_antelope_like.jpg
6c24089f-8d62-4f6f-afc8-ca6241cbbef0,2026-05-26 13:50:53,large_group_detected,total_animals=3,saved_frames/2026-05-26_13-50-53_large_group.jpg
6f3f00b2-f2a2-4a89-9532-101b77391c1e,2026-05-26 13:51:04,activity_ended,scene became empty,saved_frames/2026-05-26_13-51-04_activity_ended.jpg
032f1ccc-e841-4339-8658-54a38793fce2,2026-05-26 13:51:04,activity_started,counts={'antelope_like': 1},saved_frames/2026-05-26_13-51-04_activity_started.jpg
70c3cccc-3fd2-4515-8997-33f7132f6cbb,2026-05-26 13:51:04,new_species_detected,species=antelope_like,saved_frames/2026-05-26_13-51-04_new_antelope_like.jpg
45be49b4-c325-4c9c-9f0d-15a0d958b3ae,2026-05-26 13:51:05,activity_ended,scene became empty,saved_frames/2026-05-26_13-51-05_activity_ended.jpg
0b93e646-b5e5-46c1-8267-7672af8d56a8,2026-05-26 13:51:05,activity_started,counts={'antelope_like': 1},saved_frames/2026-05-26_13-51-05_activity_started.jpg
d05bbe28-4d08-44a4-b45f-4b337221dd74,2026-05-26 13:51:05,new_species_detected,species=antelope_like,saved_frames/2026-05-26_13-51-05_new_antelope_like.jpg
67de6959-883a-4c3e-bcd9-c25b230d82f3,2026-05-26 13:51:05,activity_ended,scene became empty,saved_frames/2026-05-26_13-51-05_activity_ended.jpg
7d1ed5a0-2e99-4645-843d-23878921dbff,2026-05-26 13:51:05,activity_started,counts={'antelope_like': 1},saved_frames/2026-05-26_13-51-05_activity_started.jpg
2624f874-298a-4299-a276-bb279b69bc86,2026-05-26 13:51:05,new_species_detected,species=antelope_like,saved_frames/2026-05-26_13-51-05_new_antelope_like.jpg
f6d7e567-03e8-4a74-a09f-31c819b4ed70,2026-05-26 13:51:07,activity_ended,scene became empty,saved_frames/2026-05-26_13-51-07_activity_ended.jpg
28a28943-7776-4c8f-8b58-622272474bfc,2026-05-26 13:51:07,activity_started,counts={'antelope_like': 1},saved_frames/2026-05-26_13-51-07_activity_started.jpg
938db30e-9bae-41f5-b2b2-4a49dba3f012,2026-05-26 13:51:07,new_species_detected,species=antelope_like,saved_frames/2026-05-26_13-51-07_new_antelope_like.jpg
02f2bf65-a324-42bc-874d-f0ab42783620,2026-05-26 13:51:16,activity_ended,scene became empty,saved_frames/2026-05-26_13-51-16_activity_ended.jpg
0955571a-e6a4-4980-933c-a0204724ffcc,2026-05-26 13:51:16,activity_started,counts={'antelope_like': 1},saved_frames/2026-05-26_13-51-16_activity_started.jpg
cc1e8dcc-a0b7-4461-a2b4-8eafcfb42245,2026-05-26 13:51:16,new_species_detected,species=antelope_like,saved_frames/2026-05-26_13-51-16_new_antelope_like.jpg
5449717c-d834-4ca0-a367-3c437ac5b0e4,2026-05-26 13:51:16,activity_ended,scene became empty,saved_frames/2026-05-26_13-51-16_activity_ended.jpg
85565bd8-b0d9-494e-8afd-a9ca0bbbaa6a,2026-05-26 13:51:16,activity_started,counts={'antelope_like': 1},saved_frames/2026-05-26_13-51-16_activity_started.jpg
7357a7e7-49ca-47e9-a82e-c4f6aa2c90b2,2026-05-26 13:51:16,new_species_detected,species=antelope_like,saved_frames/2026-05-26_13-51-16_new_antelope_like.jpg
9ba3f41a-e71c-47a7-960c-bf5c81f3fc61,2026-05-26 13:51:19,activity_ended,scene became empty,saved_frames/2026-05-26_13-51-19_activity_ended.jpg
ceeaa09c-27e0-4c50-80ed-97176a9674e6,2026-05-26 13:51:19,activity_started,counts={'antelope_like': 1},saved_frames/2026-05-26_13-51-19_activity_started.jpg
dfa79d90-af45-4bf4-b9bf-bb423e408ad6,2026-05-26 13:51:19,new_species_detected,species=antelope_like,saved_frames/2026-05-26_13-51-19_new_antelope_like.jpg
0c82456b-8add-4c2d-a7aa-826815f8aaf4,2026-05-26 13:51:19,activity_ended,scene became empty,saved_frames/2026-05-26_13-51-19_activity_ended.jpg
d4e77edb-cbf9-4947-83d9-c6b4c0d9792c,2026-05-26 13:51:20,activity_started,counts={'antelope_like': 1},saved_frames/2026-05-26_13-51-20_activity_started.jpg
e7a256bf-6286-4028-a6bd-a96db868a1d9,2026-05-26 13:51:20,new_species_detected,species=antelope_like,saved_frames/2026-05-26_13-51-20_new_antelope_like.jpg
689729ae-792d-406f-bed5-ed2219d8392c,2026-05-26 13:51:22,activity_ended,scene became empty,saved_frames/2026-05-26_13-51-22_activity_ended.jpg
7e845a68-f83c-4c1b-865d-b6de6d0abc03,2026-05-26 13:51:22,activity_started,counts={'antelope_like': 1},saved_frames/2026-05-26_13-51-22_activity_started.jpg
18610842-13cd-422c-a021-f45ca641e830,2026-05-26 13:51:22,new_species_detected,species=antelope_like,saved_frames/2026-05-26_13-51-22_new_antelope_like.jpg
16b8fffa-952f-4161-9f20-53f70f88806f,2026-05-26 13:51:29,activity_ended,scene became empty,saved_frames/2026-05-26_13-51-29_activity_ended.jpg
3d0fcbb1-7faa-483a-bfb4-25331e86733c,2026-05-26 13:51:29,activity_started,counts={'antelope_like': 1},saved_frames/2026-05-26_13-51-29_activity_started.jpg
28cce4d2-664b-48ad-9ba2-5da5ce9e78b4,2026-05-26 13:51:29,new_species_detected,species=antelope_like,saved_frames/2026-05-26_13-51-29_new_antelope_like.jpg
1a297529-9875-4b90-925e-34cdc9823ca6,2026-05-26 13:51:29,activity_ended,scene became empty,saved_frames/2026-05-26_13-51-29_activity_ended.jpg
9a394212-4040-4b97-9434-888db7811414,2026-05-26 13:51:30,activity_started,counts={'antelope_like': 1},saved_frames/2026-05-26_13-51-30_activity_started.jpg
11303c6a-141d-41d3-b6a7-16da10e59003,2026-05-26 13:51:30,new_species_detected,species=antelope_like,saved_frames/2026-05-26_13-51-30_new_antelope_like.jpg
d09c5075-4e41-41a3-b58e-c88e2b729ac7,2026-05-26 13:51:35,large_group_detected,total_animals=3,saved_frames/2026-05-26_13-51-35_large_group.jpg
15cb9dfe-3945-438e-8936-ce02f0004052,2026-05-26 13:51:38,large_group_detected,total_animals=3,saved_frames/2026-05-26_13-51-38_large_group.jpg
16b9cc08-ea11-4dc8-aa58-4649743ae59b,2026-05-26 13:51:39,large_group_detected,total_animals=3,saved_frames/2026-05-26_13-51-39_large_group.jpg
cabefae4-5e59-4c94-8141-ac3ff3c902b5,2026-05-26 13:51:40,large_group_detected,total_animals=3,saved_frames/2026-05-26_13-51-40_large_group.jpg
a9f84182-aa29-4195-8dc4-5b8c864cf8df,2026-05-26 13:51:41,large_group_detected,total_animals=3,saved_frames/2026-05-26_13-51-41_large_group.jpg
637a16f8-3243-4fd7-afdd-78d973bbdbe2,2026-05-26 13:51:41,large_group_detected,total_animals=3,saved_frames/2026-05-26_13-51-41_large_group.jpg
e12bec20-a62b-4bee-aa76-7f6d0aa88d36,2026-05-26 13:51:41,large_group_detected,total_animals=3,saved_frames/2026-05-26_13-51-41_large_group.jpg
d5e6774e-95c8-4a27-a4c0-56aaaee3ab22,2026-05-26 13:51:41,large_group_detected,total_animals=3,saved_frames/2026-05-26_13-51-41_large_group.jpg
62db6174-fd5e-42c2-9d29-04984fdfd492,2026-05-26 13:51:42,large_group_detected,total_animals=3,saved_frames/2026-05-26_13-51-42_large_group.jpg
5a45e564-6a6b-4fc6-b982-50bc4030e653,2026-05-26 13:51:45,large_group_detected,total_animals=3,saved_frames/2026-05-26_13-51-45_large_group.jpg
cb903b9c-cca7-44d9-93ad-1b84210bb52b,2026-05-26 13:51:52,large_group_detected,total_animals=3,saved_frames/2026-05-26_13-51-52_large_group.jpg
e7b2c593-7862-4669-8706-62561d8886c9,2026-05-26 13:51:55,activity_ended,scene became empty,saved_frames/2026-05-26_13-51-55_activity_ended.jpg
95ce2fc0-d68a-48ea-8542-8cb5ff59ab3a,2026-05-26 13:51:57,activity_started,counts={'antelope_like': 1},saved_frames/2026-05-26_13-51-57_activity_started.jpg
e7496f1f-7a8c-4ad5-9c2e-be0177e895db,2026-05-26 13:51:57,new_species_detected,species=antelope_like,saved_frames/2026-05-26_13-51-57_new_antelope_like.jpg
ce80d25b-caa5-4cc4-afd4-7bffc11317fa,2026-05-26 13:51:57,activity_ended,scene became empty,saved_frames/2026-05-26_13-51-57_activity_ended.jpg
97b00c35-04ce-4911-b632-c2fb15db90cb,2026-05-26 13:51:57,activity_started,counts={'antelope_like': 1},saved_frames/2026-05-26_13-51-57_activity_started.jpg
c1bf9441-0e08-41a2-8574-ad3c41794048,2026-05-26 13:51:57,new_species_detected,species=antelope_like,saved_frames/2026-05-26_13-51-57_new_antelope_like.jpg
002cc376-5234-4d2c-a73e-bdcef1fa0203,2026-05-26 13:51:57,activity_ended,scene became empty,saved_frames/2026-05-26_13-51-57_activity_ended.jpg
ed413b0a-6176-4c8a-a90f-d0fcb4d15347,2026-05-26 13:51:59,activity_started,counts={'antelope_like': 1},saved_frames/2026-05-26_13-51-59_activity_started.jpg
655b1a4d-122d-4309-9014-48e413d131a6,2026-05-26 13:51:59,new_species_detected,species=antelope_like,saved_frames/2026-05-26_13-51-59_new_antelope_like.jpg
660207ab-1534-4d8c-beea-9951e1cc8189,2026-05-26 13:51:59,activity_ended,scene became empty,saved_frames/2026-05-26_13-51-59_activity_ended.jpg
6eb8dd23-56d8-4f8a-8e99-14adcf69c44a,2026-05-26 13:52:00,activity_started,counts={'antelope_like': 1},saved_frames/2026-05-26_13-52-00_activity_started.jpg
e1a69faa-9227-4add-9f9f-c7fab15d3c93,2026-05-26 13:52:00,new_species_detected,species=antelope_like,saved_frames/2026-05-26_13-52-00_new_antelope_like.jpg
6587f9b7-ab21-49eb-8c75-3b000303dab1,2026-05-26 13:52:00,activity_ended,scene became empty,saved_frames/2026-05-26_13-52-00_activity_ended.jpg
fcd8c9b1-f438-46f3-a5e6-660f15b7f0ef,2026-05-26 13:52:03,activity_started,counts={'antelope_like': 1},saved_frames/2026-05-26_13-52-03_activity_started.jpg
23771775-d31d-4a95-87c6-7669ead5e494,2026-05-26 13:52:03,new_species_detected,species=antelope_like,saved_frames/2026-05-26_13-52-03_new_antelope_like.jpg
52c037ae-fc14-4688-af68-e09c4e4fe368,2026-05-26 13:52:03,activity_ended,scene became empty,saved_frames/2026-05-26_13-52-03_activity_ended.jpg
9c841d55-3a92-4be1-8837-2603286ba3ad,2026-05-26 13:52:07,activity_started,counts={'antelope_like': 1},saved_frames/2026-05-26_13-52-07_activity_started.jpg
94859916-610d-479e-a45a-f5f79f55ceb9,2026-05-26 13:52:07,new_species_detected,species=antelope_like,saved_frames/2026-05-26_13-52-07_new_antelope_like.jpg
10cd9391-540e-46eb-9768-6df2d60b8e31,2026-05-26 13:52:07,activity_ended,scene became empty,saved_frames/2026-05-26_13-52-07_activity_ended.jpg
771a8429-062f-4b6c-8194-c986429d159c,2026-05-26 13:52:07,activity_started,counts={'antelope_like': 1},saved_frames/2026-05-26_13-52-07_activity_started.jpg
ba4001d1-0d63-4f93-8957-0dddf00bd303,2026-05-26 13:52:07,new_species_detected,species=antelope_like,saved_frames/2026-05-26_13-52-07_new_antelope_like.jpg
8ee32367-2c7e-4c4d-a521-4bacf4589fb6,2026-05-26 13:52:08,activity_ended,scene became empty,saved_frames/2026-05-26_13-52-08_activity_ended.jpg
a4d5f559-9158-432c-aaed-04996e756a8c,2026-05-26 13:52:08,activity_started,counts={'antelope_like': 1},saved_frames/2026-05-26_13-52-08_activity_started.jpg
c854462d-77fd-4290-b74b-2b7f04d7d4f2,2026-05-26 13:52:08,new_species_detected,species=antelope_like,saved_frames/2026-05-26_13-52-08_new_antelope_like.jpg
567f4a25-5697-4d9e-b7e8-b03698b9b05b,2026-05-26 13:52:08,activity_ended,scene became empty,saved_frames/2026-05-26_13-52-08_activity_ended.jpg
363446d9-d5c0-4733-a24d-070384ccca05,2026-05-26 13:52:08,activity_started,counts={'antelope_like': 1},saved_frames/2026-05-26_13-52-08_activity_started.jpg
154b126e-a550-42e1-90df-6c2d76cf446e,2026-05-26 13:52:08,new_species_detected,species=antelope_like,saved_frames/2026-05-26_13-52-08_new_antelope_like.jpg
bb6a9eaa-9a33-461f-8eb7-ad65d52a012b,2026-05-26 13:52:09,activity_ended,scene became empty,saved_frames/2026-05-26_13-52-09_activity_ended.jpg
9f726b5f-5ea0-4137-85d9-cc8374cddc12,2026-05-26 13:52:15,activity_started,counts={'ungulate': 1},saved_frames/2026-05-26_13-52-15_activity_started.jpg
f2021204-2c61-4fd2-88e6-d18d1d0103ab,2026-05-26 13:52:15,new_species_detected,species=ungulate,saved_frames/2026-05-26_13-52-15_new_ungulate.jpg
d53b1dde-e670-4c23-b903-55cfae483392,2026-05-26 13:52:15,activity_ended,scene became empty,saved_frames/2026-05-26_13-52-15_activity_ended.jpg
48f8472d-0828-4a13-8b9a-e82f80f4cc75,2026-05-26 13:52:19,activity_started,counts={'antelope_like': 1},saved_frames/2026-05-26_13-52-19_activity_started.jpg
7fa584ca-e8f8-4b8b-9bfb-494f418d4d26,2026-05-26 13:52:19,new_species_detected,species=antelope_like,saved_frames/2026-05-26_13-52-19_new_antelope_like.jpg
16f177e8-0ae3-410f-9677-a2c80be28dfb,2026-05-26 13:52:19,activity_ended,scene became empty,saved_frames/2026-05-26_13-52-19_activity_ended.jpg
d16ed0ca-cf6e-44ef-bb1b-aeb03a397bec,2026-05-26 13:52:19,activity_started,counts={'antelope_like': 1},saved_frames/2026-05-26_13-52-19_activity_started.jpg
60bcb80a-e9b3-494d-864a-8ba25b553a1d,2026-05-26 13:52:19,new_species_detected,species=antelope_like,saved_frames/2026-05-26_13-52-19_new_antelope_like.jpg
7bdd8509-ee3c-451c-98ed-a45c608f96b7,2026-05-26 13:52:19,activity_ended,scene became empty,saved_frames/2026-05-26_13-52-19_activity_ended.jpg
ad5383b5-4d12-48b3-b2e6-573004570860,2026-05-26 13:52:20,activity_started,counts={'antelope_like': 1},saved_frames/2026-05-26_13-52-20_activity_started.jpg
45089d58-fbe1-4bd0-b17a-10803ad63447,2026-05-26 13:52:20,new_species_detected,species=antelope_like,saved_frames/2026-05-26_13-52-20_new_antelope_like.jpg
c1a0f39b-05e2-43e0-a103-b409b73ef0a3,2026-05-26 13:52:21,activity_ended,scene became empty,saved_frames/2026-05-26_13-52-21_activity_ended.jpg
dba0f598-e375-47b7-ae37-aea451661e33,2026-05-26 13:52:21,activity_started,counts={'ungulate': 1},saved_frames/2026-05-26_13-52-21_activity_started.jpg
58e0d338-3515-4e01-b5f4-315c885bde17,2026-05-26 13:52:21,new_species_detected,species=ungulate,saved_frames/2026-05-26_13-52-21_new_ungulate.jpg
2c5c7aec-14a6-4d9d-ac91-bf173f0b769d,2026-05-26 13:52:21,activity_ended,scene became empty,saved_frames/2026-05-26_13-52-21_activity_ended.jpg
880a1890-9c7e-412b-b1c6-e1d1a41ba59a,2026-05-26 13:52:30,activity_started,counts={'antelope_like': 1},saved_frames/2026-05-26_13-52-30_activity_started.jpg
a1a2196b-f86c-4025-8546-87fd0f7e0526,2026-05-26 13:52:30,new_species_detected,species=antelope_like,saved_frames/2026-05-26_13-52-30_new_antelope_like.jpg
246116be-e8a5-4d33-a66f-1869f6a67d0e,2026-05-26 13:52:31,activity_ended,scene became empty,saved_frames/2026-05-26_13-52-31_activity_ended.jpg
1e8e79e1-1a5c-4d97-97c1-4e1aa33a64ad,2026-05-26 13:52:31,activity_started,counts={'antelope_like': 1},saved_frames/2026-05-26_13-52-31_activity_started.jpg
0b96c646-2e9c-449b-a2e6-4f917f19b401,2026-05-26 13:52:31,new_species_detected,species=antelope_like,saved_frames/2026-05-26_13-52-31_new_antelope_like.jpg
4e2ce443-2ae2-423c-8370-c4148828c2f3,2026-05-26 13:52:31,activity_ended,scene became empty,saved_frames/2026-05-26_13-52-31_activity_ended.jpg
0b6706d3-d0b4-48c3-b556-0bdeed32a8af,2026-05-26 13:52:32,activity_started,counts={'antelope_like': 1},saved_frames/2026-05-26_13-52-32_activity_started.jpg
92d90fe0-c87f-4425-b826-d5ca8f8ac34d,2026-05-26 13:52:32,new_species_detected,species=antelope_like,saved_frames/2026-05-26_13-52-32_new_antelope_like.jpg
78dd1a2d-7cfa-4d16-b335-a7add2dac6be,2026-05-26 13:52:32,activity_ended,scene became empty,saved_frames/2026-05-26_13-52-32_activity_ended.jpg
cdc5ce13-8ebe-4e39-bdb3-86821e661717,2026-05-26 13:52:32,activity_started,counts={'antelope_like': 1},saved_frames/2026-05-26_13-52-32_activity_started.jpg
8d51b3e7-61f0-4b59-986b-c1d4a96c2d2c,2026-05-26 13:52:32,new_species_detected,species=antelope_like,saved_frames/2026-05-26_13-52-32_new_antelope_like.jpg
36794bad-c991-40c3-bf9f-ef06bb97cb79,2026-05-26 13:52:32,activity_ended,scene became empty,saved_frames/2026-05-26_13-52-32_activity_ended.jpg
0d72efca-27d2-4f3d-82b4-8c665006fd4b,2026-05-26 13:52:32,activity_started,counts={'antelope_like': 1},saved_frames/2026-05-26_13-52-32_activity_started.jpg
a564adbf-c474-4fbb-a14b-454b3504b92e,2026-05-26 13:52:32,new_species_detected,species=antelope_like,saved_frames/2026-05-26_13-52-32_new_antelope_like.jpg
6bf78b01-d18e-4ceb-bfd6-00ac974c9ffd,2026-05-26 13:52:40,activity_ended,scene became empty,saved_frames/2026-05-26_13-52-40_activity_ended.jpg
6f57e2d2-3954-4ea0-9c4d-0b3a76208480,2026-05-26 13:52:42,activity_started,counts={'antelope_like': 1},saved_frames/2026-05-26_13-52-42_activity_started.jpg
49377268-ff15-414a-a99f-771295aa6f63,2026-05-26 13:52:42,new_species_detected,species=antelope_like,saved_frames/2026-05-26_13-52-42_new_antelope_like.jpg
e9345738-e4eb-4d13-a442-5980a86751f8,2026-05-26 13:52:42,activity_ended,scene became empty,saved_frames/2026-05-26_13-52-42_activity_ended.jpg
24df297e-1603-484e-80ce-42894038becf,2026-05-26 13:52:42,activity_started,counts={'antelope_like': 1},saved_frames/2026-05-26_13-52-42_activity_started.jpg
4856aa62-d44a-4761-8bde-5e360f711686,2026-05-26 13:52:42,new_species_detected,species=antelope_like,saved_frames/2026-05-26_13-52-42_new_antelope_like.jpg
6d7a6055-a34a-4758-865d-089fdecead27,2026-05-26 13:52:45,activity_ended,scene became empty,saved_frames/2026-05-26_13-52-45_activity_ended.jpg
dd3d1e9f-77ea-4dba-96c5-f39f8af311ca,2026-05-26 13:52:45,activity_started,counts={'antelope_like': 1},saved_frames/2026-05-26_13-52-45_activity_started.jpg
9be2771d-fbf6-4df5-9b27-dec28906bb88,2026-05-26 13:52:45,new_species_detected,species=antelope_like,saved_frames/2026-05-26_13-52-45_new_antelope_like.jpg
396f051c-b960-4504-8688-99b641f6adbe,2026-05-26 13:52:46,activity_ended,scene became empty,saved_frames/2026-05-26_13-52-46_activity_ended.jpg
2dcf1891-882f-40e2-8da2-53203259e73a,2026-05-26 13:52:46,activity_started,counts={'antelope_like': 1},saved_frames/2026-05-26_13-52-46_activity_started.jpg
46b5146e-4c20-4c98-9730-94d1467a8ea7,2026-05-26 13:52:46,new_species_detected,species=antelope_like,saved_frames/2026-05-26_13-52-46_new_antelope_like.jpg
b6796772-da7d-4c4d-b7af-f7a8ac3d51db,2026-05-26 13:52:47,activity_ended,scene became empty,saved_frames/2026-05-26_13-52-47_activity_ended.jpg
333a6b5b-5305-4190-a429-5ae6ffd282a2,2026-05-26 13:52:47,activity_started,counts={'antelope_like': 1},saved_frames/2026-05-26_13-52-47_activity_started.jpg
a170b1e8-c4c7-4685-bb55-a767e5481e69,2026-05-26 13:52:47,new_species_detected,species=antelope_like,saved_frames/2026-05-26_13-52-47_new_antelope_like.jpg
b66dbfdf-baac-42d8-83b5-6cdc41d5eb87,2026-05-26 13:52:48,new_species_detected,species=ungulate,saved_frames/2026-05-26_13-52-48_new_ungulate.jpg
46f91c60-d118-4120-bfe3-8d99625e79d7,2026-05-26 13:52:48,new_species_detected,species=antelope_like,saved_frames/2026-05-26_13-52-48_new_antelope_like.jpg
6cc814f8-01ac-47cb-acc7-95876561440f,2026-05-26 13:52:49,activity_ended,scene became empty,saved_frames/2026-05-26_13-52-49_activity_ended.jpg
82f938a2-3aeb-4792-a9ca-0c817aa01e64,2026-05-26 13:52:49,activity_started,counts={'antelope_like': 1},saved_frames/2026-05-26_13-52-49_activity_started.jpg
d4ff61fc-4ee8-497f-8de0-903594aa59fa,2026-05-26 13:52:49,new_species_detected,species=antelope_like,saved_frames/2026-05-26_13-52-49_new_antelope_like.jpg
802208ab-5938-4c90-b46f-10b76f66c4ba,2026-05-26 13:52:49,activity_ended,scene became empty,saved_frames/2026-05-26_13-52-49_activity_ended.jpg
4956a660-2472-4841-8f57-f7643a42de3c,2026-05-26 13:53:00,activity_started,counts={'antelope_like': 1},saved_frames/2026-05-26_13-53-00_activity_started.jpg
c050bd82-3a05-48d7-8235-626df2b69d01,2026-05-26 13:53:00,new_species_detected,species=antelope_like,saved_frames/2026-05-26_13-53-00_new_antelope_like.jpg
a4500bef-d71c-429d-9dde-98d921373104,2026-05-26 13:53:00,large_group_detected,total_animals=3,saved_frames/2026-05-26_13-53-00_large_group.jpg
0a6545a3-fc9d-4190-82c2-c15e25002d75,2026-05-26 13:53:00,activity_ended,scene became empty,saved_frames/2026-05-26_13-53-00_activity_ended.jpg
75505dc5-d76c-4b2b-8924-5b4b1cfca0cb,2026-05-26 13:53:02,activity_started,counts={'antelope_like': 1},saved_frames/2026-05-26_13-53-02_activity_started.jpg
c4bc233d-94d3-412f-a5e4-a08d3377d7bc,2026-05-26 13:53:02,new_species_detected,species=antelope_like,saved_frames/2026-05-26_13-53-02_new_antelope_like.jpg
f0902827-fc9c-43a4-993f-8d037a046e58,2026-05-26 13:53:05,activity_ended,scene became empty,saved_frames/2026-05-26_13-53-05_activity_ended.jpg
b55ea204-ebbd-41f2-b8af-66b2f54fff35,2026-05-26 13:53:05,activity_started,counts={'antelope_like': 1},saved_frames/2026-05-26_13-53-05_activity_started.jpg
d4f04290-6377-4a7d-849b-c10f8575e097,2026-05-26 13:53:05,new_species_detected,species=antelope_like,saved_frames/2026-05-26_13-53-05_new_antelope_like.jpg
e88bcd04-fcc7-4cfd-9c50-381f357bfa1e,2026-05-26 13:53:06,activity_ended,scene became empty,saved_frames/2026-05-26_13-53-06_activity_ended.jpg
b888de20-8471-4308-858b-43e1b0be031b,2026-05-26 13:53:06,activity_started,counts={'antelope_like': 1},saved_frames/2026-05-26_13-53-06_activity_started.jpg
4ade5e6e-8560-4649-8f9d-5fea841b3327,2026-05-26 13:53:06,new_species_detected,species=antelope_like,saved_frames/2026-05-26_13-53-06_new_antelope_like.jpg
70f779a1-36b0-4f8f-b2b7-2d5789730740,2026-05-26 13:53:07,activity_ended,scene became empty,saved_frames/2026-05-26_13-53-07_activity_ended.jpg
0c114f39-d1ef-4a14-ba6f-14c88480a52c,2026-05-26 13:53:07,activity_started,counts={'antelope_like': 1},saved_frames/2026-05-26_13-53-07_activity_started.jpg
609339b7-72cb-41f5-964a-2fbbf49b6372,2026-05-26 13:53:07,new_species_detected,species=antelope_like,saved_frames/2026-05-26_13-53-07_new_antelope_like.jpg
165b82c9-1279-4f7b-8fef-17648e4e2d84,2026-05-26 13:53:07,large_group_detected,total_animals=3,saved_frames/2026-05-26_13-53-07_large_group.jpg
00333f6f-0b23-4ca9-85c7-b38536b3cf9d,2026-05-26 13:53:07,large_group_detected,total_animals=3,saved_frames/2026-05-26_13-53-07_large_group.jpg
071b4574-11d7-4e16-b6e4-cb68aebcf796,2026-05-26 13:53:09,activity_ended,scene became empty,saved_frames/2026-05-26_13-53-09_activity_ended.jpg
090add9d-cf03-4ac1-884a-4edca9e49f45,2026-05-26 13:53:10,activity_started,counts={'antelope_like': 1},saved_frames/2026-05-26_13-53-10_activity_started.jpg
47b233ce-8d76-4eaa-ac41-f45532afc8d4,2026-05-26 13:53:10,new_species_detected,species=antelope_like,saved_frames/2026-05-26_13-53-10_new_antelope_like.jpg
3ffd7bbf-c73e-4f94-b123-ba742d0fe439,2026-05-26 13:53:10,activity_ended,scene became empty,saved_frames/2026-05-26_13-53-10_activity_ended.jpg
23817393-4da6-47e8-806a-4dc9438350ed,2026-05-26 13:53:10,activity_started,counts={'antelope_like': 1},saved_frames/2026-05-26_13-53-10_activity_started.jpg
2cea11cb-65bf-47ce-918a-b699006e17ab,2026-05-26 13:53:10,new_species_detected,species=antelope_like,saved_frames/2026-05-26_13-53-10_new_antelope_like.jpg
0382d77f-3c98-420f-9b01-83a8f70cd022,2026-05-26 13:53:12,activity_ended,scene became empty,saved_frames/2026-05-26_13-53-12_activity_ended.jpg
693fadfb-ac8e-42a7-8d84-2149ce8d915e,2026-05-26 13:53:12,activity_started,counts={'antelope_like': 1},saved_frames/2026-05-26_13-53-12_activity_started.jpg
0dce1db6-bdbf-44a4-8cf3-668637262e6a,2026-05-26 13:53:12,new_species_detected,species=antelope_like,saved_frames/2026-05-26_13-53-12_new_antelope_like.jpg
f3c0421e-4df5-4960-8580-513b2805a080,2026-05-26 13:53:24,large_group_detected,total_animals=3,saved_frames/2026-05-26_13-53-24_large_group.jpg
c88cdab6-1f24-459e-adf3-ebb915a995ca,2026-05-26 13:53:26,large_group_detected,total_animals=3,saved_frames/2026-05-26_13-53-26_large_group.jpg
78b47c19-7ce3-4eee-b457-5876986b3fc0,2026-05-26 13:53:32,large_group_detected,total_animals=3,saved_frames/2026-05-26_13-53-32_large_group.jpg
15a34c85-2d47-4682-b6a6-17cd3f6a7575,2026-05-26 13:53:32,large_group_detected,total_animals=3,saved_frames/2026-05-26_13-53-32_large_group.jpg
4a06dcff-4752-4ec8-b57b-ad536ea92b99,2026-05-26 13:53:36,large_group_detected,total_animals=3,saved_frames/2026-05-26_13-53-36_large_group.jpg
859459ac-44a6-4b33-8315-1c77685a6c03,2026-05-26 13:53:36,large_group_detected,total_animals=3,saved_frames/2026-05-26_13-53-36_large_group.jpg
6f611554-bf6b-40b7-84ea-8e1b6cf33e39,2026-05-26 13:53:39,large_group_detected,total_animals=4,saved_frames/2026-05-26_13-53-39_large_group.jpg
1892eca3-8152-457d-b1bf-7d5f2f2c4dc3,2026-05-26 13:53:45,large_group_detected,total_animals=3,saved_frames/2026-05-26_13-53-45_large_group.jpg
637a75dd-1f1d-48c8-8612-bb185a4545c1,2026-05-26 13:53:46,activity_ended,scene became empty,saved_frames/2026-05-26_13-53-46_activity_ended.jpg
a974b13d-c912-4872-8573-c378e223a21a,2026-05-26 13:53:46,activity_started,counts={'antelope_like': 1},saved_frames/2026-05-26_13-53-46_activity_started.jpg
8c226921-699d-4b11-9d32-2d62e56a1361,2026-05-26 13:53:46,new_species_detected,species=antelope_like,saved_frames/2026-05-26_13-53-46_new_antelope_like.jpg
7e359ab5-9242-4533-a912-9c4aa3b64493,2026-05-26 13:53:46,activity_ended,scene became empty,saved_frames/2026-05-26_13-53-46_activity_ended.jpg
3c730d12-25b4-4c87-a5bd-1e38db2ea45f,2026-05-26 13:53:46,activity_started,counts={'antelope_like': 1},saved_frames/2026-05-26_13-53-46_activity_started.jpg
830f6c6d-b350-45e3-8a89-f12792da3366,2026-05-26 13:53:46,new_species_detected,species=antelope_like,saved_frames/2026-05-26_13-53-46_new_antelope_like.jpg
99833921-349f-4f8a-a1e9-f058ab3b0fd8,2026-05-26 13:53:47,activity_ended,scene became empty,saved_frames/2026-05-26_13-53-47_activity_ended.jpg
831c7b76-2a13-4209-ae8f-61378ac24cd5,2026-05-26 13:53:47,activity_started,counts={'antelope_like': 1},saved_frames/2026-05-26_13-53-47_activity_started.jpg
b2e229c2-aec5-4acc-9a48-ec0fa36e670e,2026-05-26 13:53:47,new_species_detected,species=antelope_like,saved_frames/2026-05-26_13-53-47_new_antelope_like.jpg
0a2b468b-9c74-4fbd-9daa-51827459cf29,2026-05-26 13:53:50,activity_ended,scene became empty,saved_frames/2026-05-26_13-53-50_activity_ended.jpg
c2de0b37-d619-4fd3-8e5c-836653bbfd80,2026-05-26 13:53:50,activity_started,counts={'antelope_like': 1},saved_frames/2026-05-26_13-53-50_activity_started.jpg
aff2f3b9-5235-4e04-b730-98b37d0649bf,2026-05-26 13:53:50,new_species_detected,species=antelope_like,saved_frames/2026-05-26_13-53-50_new_antelope_like.jpg
80ab4594-61a4-4068-b8ea-0639f8193386,2026-05-26 13:53:51,activity_ended,scene became empty,saved_frames/2026-05-26_13-53-51_activity_ended.jpg
9f68b9bd-87de-427e-8d40-130251071ebf,2026-05-26 13:53:51,activity_started,counts={'antelope_like': 1},saved_frames/2026-05-26_13-53-51_activity_started.jpg
81fcd00b-3cf3-4fb8-88cc-c3b2cf6c0376,2026-05-26 13:53:51,new_species_detected,species=antelope_like,saved_frames/2026-05-26_13-53-51_new_antelope_like.jpg
49395595-7858-4d99-9fc4-a5d8113683ab,2026-05-26 13:53:51,activity_ended,scene became empty,saved_frames/2026-05-26_13-53-51_activity_ended.jpg
96d0c5bf-c532-46e5-9183-8edc0c086e1f,2026-05-26 13:53:51,activity_started,counts={'antelope_like': 1},saved_frames/2026-05-26_13-53-51_activity_started.jpg
7f1dcd47-3d69-49de-893d-20e991e3fbc1,2026-05-26 13:53:51,new_species_detected,species=antelope_like,saved_frames/2026-05-26_13-53-51_new_antelope_like.jpg
077c6cd5-fdca-4a1b-b35b-ef4a4ecea5eb,2026-05-26 13:53:51,activity_ended,scene became empty,saved_frames/2026-05-26_13-53-51_activity_ended.jpg
577e30eb-0ba7-4b13-873a-395e634bee1a,2026-05-26 13:53:51,activity_started,counts={'antelope_like': 1},saved_frames/2026-05-26_13-53-51_activity_started.jpg
275f9841-8b1f-4cf3-ac94-2cd146f7e1ab,2026-05-26 13:53:51,new_species_detected,species=antelope_like,saved_frames/2026-05-26_13-53-51_new_antelope_like.jpg
f423bf62-3530-4d01-a34c-a905a10047fe,2026-05-26 13:53:52,activity_ended,scene became empty,saved_frames/2026-05-26_13-53-52_activity_ended.jpg
0d941828-1ea0-47ff-a61a-2f31808c1cc0,2026-05-26 13:53:52,activity_started,counts={'antelope_like': 1},saved_frames/2026-05-26_13-53-52_activity_started.jpg
af264908-e64b-435f-8453-3a6fb4e2f75e,2026-05-26 13:53:52,new_species_detected,species=antelope_like,saved_frames/2026-05-26_13-53-52_new_antelope_like.jpg
f10232f0-95eb-4b46-ad06-95fbd25ee2a2,2026-05-26 13:53:52,activity_ended,scene became empty,saved_frames/2026-05-26_13-53-52_activity_ended.jpg
32acaefc-7420-4633-a5eb-5c91f2c206f5,2026-05-26 13:53:53,activity_started,counts={'antelope_like': 1},saved_frames/2026-05-26_13-53-53_activity_started.jpg
1557a0ba-c62e-4bf8-a1f2-fe03dad0c398,2026-05-26 13:53:53,new_species_detected,species=antelope_like,saved_frames/2026-05-26_13-53-53_new_antelope_like.jpg
53a3e89d-fd88-409a-a5e0-5d0c412ea2da,2026-05-26 13:53:53,activity_ended,scene became empty,saved_frames/2026-05-26_13-53-53_activity_ended.jpg
d1177eb0-06f1-4466-8cfd-23a1c59faa46,2026-05-26 13:53:53,activity_started,counts={'antelope_like': 1},saved_frames/2026-05-26_13-53-53_activity_started.jpg
e1aa3adf-92e7-41c9-b954-74d16928feb1,2026-05-26 13:53:53,new_species_detected,species=antelope_like,saved_frames/2026-05-26_13-53-53_new_antelope_like.jpg
23a1ff17-2d74-4cd0-abc0-13f79bd3b9da,2026-05-26 13:53:57,activity_ended,scene became empty,saved_frames/2026-05-26_13-53-57_activity_ended.jpg
3d16523c-eb1e-42b0-ab90-542f56951472,2026-05-26 13:53:57,activity_started,counts={'antelope_like': 1},saved_frames/2026-05-26_13-53-57_activity_started.jpg
ec22f255-3e12-45a9-a55a-8bf1cf2948d1,2026-05-26 13:53:57,new_species_detected,species=antelope_like,saved_frames/2026-05-26_13-53-57_new_antelope_like.jpg
bcb94aab-5514-4c6d-bc02-ee970e53c1a5,2026-05-26 13:53:57,activity_ended,scene became empty,saved_frames/2026-05-26_13-53-57_activity_ended.jpg
5950053c-c2e7-4305-9d42-2fbadf9a893b,2026-05-26 13:53:57,activity_started,counts={'antelope_like': 1},saved_frames/2026-05-26_13-53-57_activity_started.jpg
a95afddb-f917-47e5-a5d2-1b28015c37c9,2026-05-26 13:53:57,new_species_detected,species=antelope_like,saved_frames/2026-05-26_13-53-57_new_antelope_like.jpg
2b8a743e-c242-4e13-9b5a-f422ea0e9078,2026-05-26 13:53:58,activity_ended,scene became empty,saved_frames/2026-05-26_13-53-58_activity_ended.jpg
00d98e6b-6a88-4b20-a761-7a0f24d1de6a,2026-05-26 13:54:01,activity_started,counts={'antelope_like': 1},saved_frames/2026-05-26_13-54-01_activity_started.jpg
35ea9239-6d9e-4cb4-86a3-765a8755bb05,2026-05-26 13:54:01,new_species_detected,species=antelope_like,saved_frames/2026-05-26_13-54-01_new_antelope_like.jpg
3a5386fd-097a-4be9-bbf7-fe19512a7cec,2026-05-26 13:54:02,activity_ended,scene became empty,saved_frames/2026-05-26_13-54-02_activity_ended.jpg
7339f23a-73dd-4721-8553-c43485b15fd9,2026-05-26 13:54:03,activity_started,counts={'antelope_like': 1},saved_frames/2026-05-26_13-54-03_activity_started.jpg
82fde6fb-2177-4d5b-8e48-a6fb6c2c0ee6,2026-05-26 13:54:03,new_species_detected,species=antelope_like,saved_frames/2026-05-26_13-54-03_new_antelope_like.jpg
0c2b6017-a178-43f5-90a0-0f0874c52134,2026-05-26 13:54:03,activity_ended,scene became empty,saved_frames/2026-05-26_13-54-03_activity_ended.jpg
29561e36-1321-43be-8b2f-27ec352cfae1,2026-05-26 13:54:05,activity_started,counts={'antelope_like': 1},saved_frames/2026-05-26_13-54-05_activity_started.jpg
8fda8c2a-9710-4612-91ef-c68149bd05db,2026-05-26 13:54:05,new_species_detected,species=antelope_like,saved_frames/2026-05-26_13-54-05_new_antelope_like.jpg
fe00a33e-8a31-4ff5-9c90-36e0869b7781,2026-05-26 13:54:05,large_group_detected,total_animals=3,saved_frames/2026-05-26_13-54-05_large_group.jpg
6fe8f6eb-f511-4613-99d9-b3123890f7f2,2026-05-26 13:54:06,activity_ended,scene became empty,saved_frames/2026-05-26_13-54-06_activity_ended.jpg
ac29825d-de9b-4e16-8e57-c34bda00f73e,2026-05-26 13:54:06,activity_started,counts={'antelope_like': 2},saved_frames/2026-05-26_13-54-06_activity_started.jpg
1da6ef83-4e3a-4048-b0a7-5d891ec80532,2026-05-26 13:54:06,new_species_detected,species=antelope_like,saved_frames/2026-05-26_13-54-06_new_antelope_like.jpg
d94aa2c4-e0da-47c9-a5ae-0bf38b2d69c6,2026-05-26 13:54:06,activity_ended,scene became empty,saved_frames/2026-05-26_13-54-06_activity_ended.jpg
6d1f2043-1b20-45a2-9076-0bc5ce2e581b,2026-05-26 13:54:06,activity_started,counts={'antelope_like': 1},saved_frames/2026-05-26_13-54-06_activity_started.jpg
4b7033ef-254a-4754-a3fa-8c4ed39a9118,2026-05-26 13:54:06,new_species_detected,species=antelope_like,saved_frames/2026-05-26_13-54-06_new_antelope_like.jpg
f9903865-357d-4c5a-a312-f50c92ff66bc,2026-05-26 13:54:06,activity_ended,scene became empty,saved_frames/2026-05-26_13-54-06_activity_ended.jpg
087a9073-c658-4b0a-bf10-5beea17860b5,2026-05-26 13:54:07,activity_started,counts={'antelope_like': 1},saved_frames/2026-05-26_13-54-07_activity_started.jpg
2ee38b21-b381-4ef9-966f-038f67019446,2026-05-26 13:54:07,new_species_detected,species=antelope_like,saved_frames/2026-05-26_13-54-07_new_antelope_like.jpg
f1883e08-69a5-4a65-b319-cb9890163238,2026-05-26 13:54:07,activity_ended,scene became empty,saved_frames/2026-05-26_13-54-07_activity_ended.jpg
cba41099-79a9-4b30-9b64-d4b96dd36872,2026-05-26 13:54:10,activity_started,counts={'antelope_like': 3},saved_frames/2026-05-26_13-54-10_activity_started.jpg
63899d25-33b8-451b-9029-3a7c97b8238a,2026-05-26 13:54:10,new_species_detected,species=antelope_like,saved_frames/2026-05-26_13-54-10_new_antelope_like.jpg
93cf3100-4d68-4194-86a1-1a79fdedf13e,2026-05-26 13:54:10,large_group_detected,total_animals=3,saved_frames/2026-05-26_13-54-10_large_group.jpg
10a8b892-6f19-4ee2-9fdb-3f2c3b841965,2026-05-26 13:54:10,new_species_detected,species=ungulate,saved_frames/2026-05-26_13-54-10_new_ungulate.jpg
d6519cbe-747e-4646-8228-6ed26372b8c4,2026-05-26 13:54:10,multi_species_detected,"species=['antelope_like', 'ungulate']",saved_frames/2026-05-26_13-54-10_multi_species.jpg
c66154da-53aa-439e-aafd-79fd3d658a45,2026-05-26 13:54:11,new_species_detected,species=ungulate,saved_frames/2026-05-26_13-54-11_new_ungulate.jpg
6fa8c4bd-e369-40de-bd81-50ee3543cdfe,2026-05-26 13:54:11,multi_species_detected,"species=['antelope_like', 'ungulate']",saved_frames/2026-05-26_13-54-11_multi_species.jpg
f6e854cd-fd33-469a-9068-c106dd8c560f,2026-05-26 13:54:11,large_group_detected,total_animals=4,saved_frames/2026-05-26_13-54-11_large_group.jpg
246f82c0-3200-4cbb-ab98-47ba07a07ef5,2026-05-26 13:54:11,new_species_detected,species=ungulate,saved_frames/2026-05-26_13-54-11_new_ungulate.jpg
6e9e5a94-33de-4315-a60b-510fc1f572dd,2026-05-26 13:54:11,multi_species_detected,"species=['antelope_like', 'ungulate']",saved_frames/2026-05-26_13-54-11_multi_species.jpg
a1f5f974-38a8-423a-88bd-5560c6399569,2026-05-26 13:54:11,activity_ended,scene became empty,saved_frames/2026-05-26_13-54-11_activity_ended.jpg
ca354208-5445-4d30-ad6c-140bf1c8f4fd,2026-05-26 13:54:11,activity_started,counts={'antelope_like': 1},saved_frames/2026-05-26_13-54-11_activity_started.jpg
b32fda10-0247-410b-a4f8-cee1cf836769,2026-05-26 13:54:11,new_species_detected,species=antelope_like,saved_frames/2026-05-26_13-54-11_new_antelope_like.jpg
f657d12e-67a8-4309-95ba-ccc585ed196e,2026-05-26 13:54:11,large_group_detected,total_animals=3,saved_frames/2026-05-26_13-54-11_large_group.jpg
eeab1fd9-a365-461e-9ebb-bf199d03d3f3,2026-05-26 13:54:12,new_species_detected,species=ungulate,saved_frames/2026-05-26_13-54-12_new_ungulate.jpg
97023535-7129-4306-9b70-76eac0fbb050,2026-05-26 13:54:12,multi_species_detected,"species=['antelope_like', 'ungulate']",saved_frames/2026-05-26_13-54-12_multi_species.jpg
2409a171-f6f2-43b9-8feb-ba7efdd64f7b,2026-05-26 13:54:12,activity_ended,scene became empty,saved_frames/2026-05-26_13-54-12_activity_ended.jpg
2764e26b-5514-4dde-91ee-8b67dac0dd6d,2026-05-26 13:54:12,activity_started,"counts={'antelope_like': 2, 'ungulate': 1}",saved_frames/2026-05-26_13-54-12_activity_started.jpg
dd2bcd81-39a8-4d0c-be9b-2b39228393f4,2026-05-26 13:54:12,new_species_detected,species=antelope_like,saved_frames/2026-05-26_13-54-12_new_antelope_like.jpg
833fe8bc-3845-4a00-bd4d-f63635905f56,2026-05-26 13:54:12,new_species_detected,species=ungulate,saved_frames/2026-05-26_13-54-12_new_ungulate.jpg
a0d4e633-7dfd-429e-a111-1ff06573649c,2026-05-26 13:54:12,multi_species_detected,"species=['antelope_like', 'ungulate']",saved_frames/2026-05-26_13-54-12_multi_species.jpg
1f080dd1-7cc3-4297-8de5-6f3451d55487,2026-05-26 13:54:12,large_group_detected,total_animals=3,saved_frames/2026-05-26_13-54-12_large_group.jpg
c9718702-c175-4c63-becc-bddf9370eaa3,2026-05-26 13:54:12,activity_ended,scene became empty,saved_frames/2026-05-26_13-54-12_activity_ended.jpg
17740b92-3605-4114-8d20-c6ca5078ebbd,2026-05-26 13:54:12,activity_started,"counts={'antelope_like': 1, 'ungulate': 1}",saved_frames/2026-05-26_13-54-12_activity_started.jpg
da806c3e-304a-4ce0-a42a-17e8b6400b9b,2026-05-26 13:54:12,new_species_detected,species=antelope_like,saved_frames/2026-05-26_13-54-12_new_antelope_like.jpg
e1dea96f-83cb-42b1-b324-928785dc858b,2026-05-26 13:54:12,new_species_detected,species=ungulate,saved_frames/2026-05-26_13-54-12_new_ungulate.jpg
d00cb8fe-c27a-46eb-8729-e620b9031e1a,2026-05-26 13:54:12,multi_species_detected,"species=['antelope_like', 'ungulate']",saved_frames/2026-05-26_13-54-12_multi_species.jpg
0d2bfa7f-0fa2-4e39-b67a-18e3e3c3d7c0,2026-05-26 13:54:13,activity_ended,scene became empty,saved_frames/2026-05-26_13-54-13_activity_ended.jpg
955c0276-73d1-4678-b8d0-d62289ef9ecb,2026-05-26 13:54:13,activity_started,counts={'antelope_like': 1},saved_frames/2026-05-26_13-54-13_activity_started.jpg
4e82554d-d820-4426-a856-2b447703c55a,2026-05-26 13:54:13,new_species_detected,species=antelope_like,saved_frames/2026-05-26_13-54-13_new_antelope_like.jpg
6c7f2119-5b4f-4b52-95fb-a08a9cbe7852,2026-05-26 13:54:13,new_species_detected,species=ungulate,saved_frames/2026-05-26_13-54-13_new_ungulate.jpg
8d88dbf9-1c94-4cf0-85ba-00128a18b794,2026-05-26 13:54:13,activity_ended,scene became empty,saved_frames/2026-05-26_13-54-13_activity_ended.jpg
72f6d5d0-f7b6-40a3-b1c6-3722896e999f,2026-05-26 13:54:13,activity_started,counts={'antelope_like': 1},saved_frames/2026-05-26_13-54-13_activity_started.jpg
98fbe3f3-0835-4d7c-8a42-7a2c783507c2,2026-05-26 13:54:13,new_species_detected,species=antelope_like,saved_frames/2026-05-26_13-54-13_new_antelope_like.jpg
74e59264-f6c4-46ad-8956-555c487a322c,2026-05-26 13:54:14,activity_ended,scene became empty,saved_frames/2026-05-26_13-54-14_activity_ended.jpg
6ec4e3c2-4593-47e8-8f41-8e439d3da7ed,2026-05-26 13:54:16,activity_started,"counts={'antelope_like': 1, 'ungulate': 1}",saved_frames/2026-05-26_13-54-16_activity_started.jpg
b187516e-4052-4d32-a299-cbc8a49458a7,2026-05-26 13:54:16,new_species_detected,species=antelope_like,saved_frames/2026-05-26_13-54-16_new_antelope_like.jpg
b597c392-70d6-4653-898a-1230706ba6ba,2026-05-26 13:54:16,new_species_detected,species=ungulate,saved_frames/2026-05-26_13-54-16_new_ungulate.jpg
15dd7afb-b8ec-484a-a5a1-20525703e3e4,2026-05-26 13:54:16,multi_species_detected,"species=['antelope_like', 'ungulate']",saved_frames/2026-05-26_13-54-16_multi_species.jpg
97181330-b777-4499-a825-e40cc7fb4699,2026-05-26 13:54:18,new_species_detected,species=antelope_like,saved_frames/2026-05-26_13-54-18_new_antelope_like.jpg
b4c7877b-4f8c-4265-86be-4b64807f3fc7,2026-05-26 13:54:18,multi_species_detected,"species=['antelope_like', 'ungulate']",saved_frames/2026-05-26_13-54-18_multi_species.jpg
fb290624-b6d8-42ab-9dbb-573622bc9f1b,2026-05-26 13:54:20,large_group_detected,total_animals=3,saved_frames/2026-05-26_13-54-20_large_group.jpg
44180d9f-2b4c-42af-bd3a-e76a3e793837,2026-05-26 13:54:33,new_species_detected,species=antelope_like,saved_frames/2026-05-26_13-54-33_new_antelope_like.jpg
76d1de0c-8459-4cdc-a597-43314cf6b38f,2026-05-26 13:54:33,multi_species_detected,"species=['antelope_like', 'ungulate']",saved_frames/2026-05-26_13-54-33_multi_species.jpg
16bf0e94-c925-46f3-9455-e49d9a46186a,2026-05-26 13:54:35,new_species_detected,species=antelope_like,saved_frames/2026-05-26_13-54-35_new_antelope_like.jpg
03600c4d-9859-47bf-816c-07d53ca897a5,2026-05-26 13:54:35,multi_species_detected,"species=['antelope_like', 'ungulate']",saved_frames/2026-05-26_13-54-35_multi_species.jpg
c461a8c3-276e-49c5-a340-87c481d27e0c,2026-05-26 13:54:36,new_species_detected,species=antelope_like,saved_frames/2026-05-26_13-54-36_new_antelope_like.jpg
8c3a84fa-8cf6-4b93-ad06-b7c04d2cac68,2026-05-26 13:54:36,multi_species_detected,"species=['antelope_like', 'ungulate']",saved_frames/2026-05-26_13-54-36_multi_species.jpg
23ae7289-320f-4268-bf28-c9045c5395c2,2026-05-26 13:54:37,new_species_detected,species=antelope_like,saved_frames/2026-05-26_13-54-37_new_antelope_like.jpg
7bfd68a4-9c8b-4296-8218-44dc1ae71dc9,2026-05-26 13:54:37,multi_species_detected,"species=['antelope_like', 'ungulate']",saved_frames/2026-05-26_13-54-37_multi_species.jpg
c04fe9d9-6ee3-49c6-8a14-61f0e3910292,2026-05-26 13:54:37,large_group_detected,total_animals=3,saved_frames/2026-05-26_13-54-37_large_group.jpg
632eeb24-30d4-46d1-969a-64ff645e2702,2026-05-26 13:54:37,large_group_detected,total_animals=3,saved_frames/2026-05-26_13-54-37_large_group.jpg
4c92052b-900e-4ac4-bac0-c42dc6ee1470,2026-05-26 13:54:37,new_species_detected,species=antelope_like,saved_frames/2026-05-26_13-54-37_new_antelope_like.jpg
d18cc718-ed3d-4ff9-97e6-4f9043c49467,2026-05-26 13:54:37,multi_species_detected,"species=['antelope_like', 'ungulate']",saved_frames/2026-05-26_13-54-37_multi_species.jpg
6e4a0266-6ebf-4cf5-b1dd-18cd4d370698,2026-05-26 13:54:37,new_species_detected,species=antelope_like,saved_frames/2026-05-26_13-54-37_new_antelope_like.jpg
8608356f-6782-4548-a0ae-bfdece97f401,2026-05-26 13:54:37,multi_species_detected,"species=['antelope_like', 'ungulate']",saved_frames/2026-05-26_13-54-37_multi_species.jpg
c07844dd-9843-406a-8720-001d4b8dc92e,2026-05-26 13:54:37,large_group_detected,total_animals=3,saved_frames/2026-05-26_13-54-37_large_group.jpg
998ae4ea-b1d1-46bd-b075-a84031f592d9,2026-05-26 13:54:39,new_species_detected,species=antelope_like,saved_frames/2026-05-26_13-54-39_new_antelope_like.jpg
96cf67fc-527a-49c8-bbd5-9b0e64187610,2026-05-26 13:54:39,multi_species_detected,"species=['antelope_like', 'ungulate']",saved_frames/2026-05-26_13-54-39_multi_species.jpg
502fb006-9aed-4e3d-8d3c-96919f064f48,2026-05-26 13:54:39,new_species_detected,species=antelope_like,saved_frames/2026-05-26_13-54-39_new_antelope_like.jpg
d5ce0ca4-7394-44d7-bad5-a58f1f8c651b,2026-05-26 13:54:39,multi_species_detected,"species=['antelope_like', 'ungulate']",saved_frames/2026-05-26_13-54-39_multi_species.jpg
0ff3f72e-fe69-425d-ab44-151d8b1f1020,2026-05-26 13:54:39,large_group_detected,total_animals=3,saved_frames/2026-05-26_13-54-39_large_group.jpg
8d7c4d8d-a70c-4377-8c2c-76af1919ea16,2026-05-26 13:54:40,large_group_detected,total_animals=3,saved_frames/2026-05-26_13-54-40_large_group.jpg
3f849579-8513-4b96-b5b0-3dbb27408603,2026-05-26 13:54:40,new_species_detected,species=antelope_like,saved_frames/2026-05-26_13-54-40_new_antelope_like.jpg
b90a765b-78d1-46bc-925b-bd3e11624d90,2026-05-26 13:54:40,multi_species_detected,"species=['antelope_like', 'ungulate']",saved_frames/2026-05-26_13-54-40_multi_species.jpg
7ae74f15-0aa9-438a-b7a9-18d39c66c92f,2026-05-26 13:54:41,large_group_detected,total_animals=3,saved_frames/2026-05-26_13-54-41_large_group.jpg
08928a2b-74c8-40ee-9b1b-1699f152d373,2026-05-26 13:54:42,new_species_detected,species=antelope_like,saved_frames/2026-05-26_13-54-42_new_antelope_like.jpg
9d692fbf-860c-4e19-9e3b-45a9df91ad5d,2026-05-26 13:54:42,multi_species_detected,"species=['antelope_like', 'ungulate']",saved_frames/2026-05-26_13-54-42_multi_species.jpg
27e0f1d5-2e5b-431c-b7ce-80095acb5b15,2026-05-26 13:54:45,activity_ended,scene became empty,saved_frames/2026-05-26_13-54-45_activity_ended.jpg
0b466c66-c7c4-4a50-85dd-74fb3032516c,2026-05-26 13:54:45,activity_started,counts={'ungulate': 1},saved_frames/2026-05-26_13-54-45_activity_started.jpg
97638e21-c281-46ce-ac4c-62b95e97b816,2026-05-26 13:54:45,new_species_detected,species=ungulate,saved_frames/2026-05-26_13-54-45_new_ungulate.jpg
d4e84528-72c0-46e4-83a8-a86674373eae,2026-05-26 13:54:45,activity_ended,scene became empty,saved_frames/2026-05-26_13-54-45_activity_ended.jpg
e4af4ce0-da38-499b-bb42-51978d2ce74e,2026-05-26 13:54:46,activity_started,counts={'ungulate': 1},saved_frames/2026-05-26_13-54-46_activity_started.jpg
9fd4b515-4dba-4f6b-bce5-5708538e5647,2026-05-26 13:54:46,new_species_detected,species=ungulate,saved_frames/2026-05-26_13-54-46_new_ungulate.jpg
2fa31ba6-96a3-4532-9997-d72cb8a38761,2026-05-26 13:54:48,activity_ended,scene became empty,saved_frames/2026-05-26_13-54-48_activity_ended.jpg
abe13d5b-d590-42f9-8235-6de42b251aef,2026-05-26 13:54:49,activity_started,counts={'ungulate': 1},saved_frames/2026-05-26_13-54-49_activity_started.jpg
eb7b5c40-d59b-483e-9676-2f6761081753,2026-05-26 13:54:49,new_species_detected,species=ungulate,saved_frames/2026-05-26_13-54-49_new_ungulate.jpg
a9197fc4-0f95-416e-b8cf-a98c32d56e41,2026-05-26 13:54:49,new_species_detected,species=antelope_like,saved_frames/2026-05-26_13-54-49_new_antelope_like.jpg
277dd64d-189c-4e39-ae31-5a4192be8f2d,2026-05-26 13:54:49,multi_species_detected,"species=['antelope_like', 'ungulate']",saved_frames/2026-05-26_13-54-49_multi_species.jpg
78d2f7bc-bed3-40d1-bd41-c26130cd274a,2026-05-26 13:54:50,new_species_detected,species=antelope_like,saved_frames/2026-05-26_13-54-50_new_antelope_like.jpg
678b1ca2-3d10-4686-8c43-662d00f79657,2026-05-26 13:54:50,multi_species_detected,"species=['antelope_like', 'ungulate']",saved_frames/2026-05-26_13-54-50_multi_species.jpg
f561d792-3f20-4713-b6a6-406bfe60cf08,2026-05-26 13:54:51,new_species_detected,species=antelope_like,saved_frames/2026-05-26_13-54-51_new_antelope_like.jpg
849b52a7-9c28-4033-a34a-8e584b0ca67a,2026-05-26 13:54:51,multi_species_detected,"species=['antelope_like', 'ungulate']",saved_frames/2026-05-26_13-54-51_multi_species.jpg
c0f3cde5-d242-4743-8bd7-9c5c1f3dda95,2026-05-26 13:54:51,new_species_detected,species=antelope_like,saved_frames/2026-05-26_13-54-51_new_antelope_like.jpg
59355068-bdd4-49f7-aca7-f6cf40c9024f,2026-05-26 13:54:51,multi_species_detected,"species=['antelope_like', 'ungulate']",saved_frames/2026-05-26_13-54-51_multi_species.jpg
d2b3359a-08e3-49ab-92ca-de74223865c4,2026-05-26 13:54:52,new_species_detected,species=antelope_like,saved_frames/2026-05-26_13-54-52_new_antelope_like.jpg
eb07e7c6-3706-4c0e-b4e3-da5e22b893fd,2026-05-26 13:54:52,multi_species_detected,"species=['antelope_like', 'ungulate']",saved_frames/2026-05-26_13-54-52_multi_species.jpg
935ef7ef-c2a8-4792-85e0-aa1dc51d1f65,2026-05-26 13:54:52,new_species_detected,species=antelope_like,saved_frames/2026-05-26_13-54-52_new_antelope_like.jpg
d7950c2b-5929-4795-ae11-2d25ec4a429c,2026-05-26 13:54:52,multi_species_detected,"species=['antelope_like', 'ungulate']",saved_frames/2026-05-26_13-54-52_multi_species.jpg
4bf8fe7d-936e-4acf-9c75-38c89befc3ed,2026-05-26 13:55:03,activity_ended,scene became empty,saved_frames/2026-05-26_13-55-03_activity_ended.jpg
2236ba5e-8433-4c76-9fcb-3a1723a0bce2,2026-05-26 13:55:03,activity_started,counts={'ungulate': 1},saved_frames/2026-05-26_13-55-03_activity_started.jpg
cc3cb2f5-f582-49e2-afd0-395686db4591,2026-05-26 13:55:03,new_species_detected,species=ungulate,saved_frames/2026-05-26_13-55-03_new_ungulate.jpg
4b3f62d0-928c-4d34-bacf-decd03f4e006,2026-05-26 13:55:04,new_species_detected,species=antelope_like,saved_frames/2026-05-26_13-55-04_new_antelope_like.jpg
1e7e19f2-6948-43d0-9d47-7dda7fa6cdf7,2026-05-26 13:55:04,multi_species_detected,"species=['antelope_like', 'ungulate']",saved_frames/2026-05-26_13-55-04_multi_species.jpg
5302b52b-9022-4c41-95cd-4e5d92e1ef7f,2026-05-26 13:55:05,activity_ended,scene became empty,saved_frames/2026-05-26_13-55-05_activity_ended.jpg
e8a215f0-262e-4374-8c3b-c43928f40593,2026-05-26 13:55:05,activity_started,counts={'ungulate': 1},saved_frames/2026-05-26_13-55-05_activity_started.jpg
14e028d7-ad54-4c86-bad8-bbd4e3933bbe,2026-05-26 13:55:05,new_species_detected,species=ungulate,saved_frames/2026-05-26_13-55-05_new_ungulate.jpg
d6f88872-3c84-4414-bdab-bbbb7fb3d142,2026-05-26 13:55:06,new_species_detected,species=antelope_like,saved_frames/2026-05-26_13-55-06_new_antelope_like.jpg
954480d8-3e3c-45d6-8099-1d70cff2fa34,2026-05-26 13:55:06,multi_species_detected,"species=['antelope_like', 'ungulate']",saved_frames/2026-05-26_13-55-06_multi_species.jpg
f9f57d83-cbee-444d-a1db-dfb9d3e9cb38,2026-05-26 13:55:06,new_species_detected,species=antelope_like,saved_frames/2026-05-26_13-55-06_new_antelope_like.jpg
4d64c6c9-2ea5-4cc1-8dc1-5c550d5806ca,2026-05-26 13:55:06,multi_species_detected,"species=['antelope_like', 'ungulate']",saved_frames/2026-05-26_13-55-06_multi_species.jpg
fcd0f8bb-8252-4645-8a2f-90c76c2a0b95,2026-05-26 13:55:08,new_species_detected,species=antelope_like,saved_frames/2026-05-26_13-55-08_new_antelope_like.jpg
38bd6d26-0f06-46ae-bc65-7dbecad79200,2026-05-26 13:55:08,multi_species_detected,"species=['antelope_like', 'ungulate']",saved_frames/2026-05-26_13-55-08_multi_species.jpg
a5c96db3-c5df-45fc-856e-744bb69099db,2026-05-26 13:55:09,activity_ended,scene became empty,saved_frames/2026-05-26_13-55-09_activity_ended.jpg
dca6d2e7-5979-4f52-9698-7a5e5edbc971,2026-05-26 13:55:09,activity_started,counts={'ungulate': 1},saved_frames/2026-05-26_13-55-09_activity_started.jpg
cc18ad05-3a90-45ae-a50d-20cc1fe24767,2026-05-26 13:55:09,new_species_detected,species=ungulate,saved_frames/2026-05-26_13-55-09_new_ungulate.jpg
2197dbed-58cd-4251-ae30-7431598a8f9b,2026-05-26 13:55:09,activity_ended,scene became empty,saved_frames/2026-05-26_13-55-09_activity_ended.jpg
aaa2b5ab-98fb-45c3-a141-1e30fd159771,2026-05-26 13:55:10,activity_started,counts={'ungulate': 1},saved_frames/2026-05-26_13-55-10_activity_started.jpg
4e8de8dd-d656-48b8-a35f-030843f2fa9a,2026-05-26 13:55:10,new_species_detected,species=ungulate,saved_frames/2026-05-26_13-55-10_new_ungulate.jpg
cb1d84c7-83b9-40fd-9dda-c2cbd7fb4ba7,2026-05-26 13:55:10,activity_ended,scene became empty,saved_frames/2026-05-26_13-55-10_activity_ended.jpg
4a8d596b-e053-444d-8eea-d307fbbe00f8,2026-05-26 13:55:10,activity_started,counts={'ungulate': 1},saved_frames/2026-05-26_13-55-10_activity_started.jpg
aad4718a-a197-467c-ab7f-f26b7a601cbf,2026-05-26 13:55:10,new_species_detected,species=ungulate,saved_frames/2026-05-26_13-55-10_new_ungulate.jpg
775c4855-6f3f-47c8-be5c-6072bf5b4144,2026-05-26 13:55:12,new_species_detected,species=antelope_like,saved_frames/2026-05-26_13-55-12_new_antelope_like.jpg
b1f76141-b446-4bfe-a505-4817c35d324c,2026-05-26 13:55:12,multi_species_detected,"species=['antelope_like', 'ungulate']",saved_frames/2026-05-26_13-55-12_multi_species.jpg
3616b3ab-1d69-4062-a204-e4adfaac0310,2026-05-26 13:55:12,activity_ended,scene became empty,saved_frames/2026-05-26_13-55-12_activity_ended.jpg
6461c335-a840-4b5a-8d5d-bf9366af7f44,2026-05-26 13:55:12,activity_started,counts={'ungulate': 1},saved_frames/2026-05-26_13-55-12_activity_started.jpg
3d5e2391-e732-4862-8853-8ce2ec850162,2026-05-26 13:55:12,new_species_detected,species=ungulate,saved_frames/2026-05-26_13-55-12_new_ungulate.jpg
eb99d222-d09b-44fc-a129-e613dbc85deb,2026-05-26 13:55:23,activity_ended,scene became empty,saved_frames/2026-05-26_13-55-23_activity_ended.jpg
58d0d7f0-f2e3-457a-b244-f671528ed9ba,2026-05-26 13:55:23,activity_started,counts={'ungulate': 1},saved_frames/2026-05-26_13-55-23_activity_started.jpg
8d65aff0-992b-4e01-9ba1-153c2b66ca8e,2026-05-26 13:55:23,new_species_detected,species=ungulate,saved_frames/2026-05-26_13-55-23_new_ungulate.jpg
6837e606-3814-486c-aac5-bbbfc9484e91,2026-05-26 13:55:24,new_species_detected,species=antelope_like,saved_frames/2026-05-26_13-55-24_new_antelope_like.jpg
f7030f92-094f-473f-b1d6-77f08ab57a08,2026-05-26 13:55:24,new_species_detected,species=ungulate,saved_frames/2026-05-26_13-55-24_new_ungulate.jpg
6a534349-87a0-4d77-9423-aee58ae1938b,2026-05-26 13:55:24,new_species_detected,species=antelope_like,saved_frames/2026-05-26_13-55-24_new_antelope_like.jpg
d5adab57-fac1-42ee-af76-265f710d86cc,2026-05-26 13:55:24,new_species_detected,species=ungulate,saved_frames/2026-05-26_13-55-24_new_ungulate.jpg
59986af0-8020-4d26-8fab-db3868b936c0,2026-05-26 13:55:24,new_species_detected,species=antelope_like,saved_frames/2026-05-26_13-55-24_new_antelope_like.jpg
d096d9dd-fd24-4ba1-ad7a-5a30ee0963a7,2026-05-26 13:55:31,activity_ended,scene became empty,saved_frames/2026-05-26_13-55-31_activity_ended.jpg
cc85a12a-0691-424e-b3bc-871ab949e680,2026-05-26 13:55:31,activity_started,counts={'antelope_like': 1},saved_frames/2026-05-26_13-55-31_activity_started.jpg
72ad71c8-1d9e-4eba-8da1-71afd28b89dc,2026-05-26 13:55:31,new_species_detected,species=antelope_like,saved_frames/2026-05-26_13-55-31_new_antelope_like.jpg
be847085-297a-4503-904a-bbb7ae41ec47,2026-05-26 13:55:32,activity_ended,scene became empty,saved_frames/2026-05-26_13-55-32_activity_ended.jpg
dff96662-0a93-456c-8809-7dddf68fa7c3,2026-05-26 13:55:32,activity_started,counts={'antelope_like': 1},saved_frames/2026-05-26_13-55-32_activity_started.jpg
6729f7c8-0bdd-453e-bd87-0736c12a1828,2026-05-26 13:55:32,new_species_detected,species=antelope_like,saved_frames/2026-05-26_13-55-32_new_antelope_like.jpg
4ec6d981-10ab-45fb-8f41-81959c3a8d55,2026-05-26 13:55:33,activity_ended,scene became empty,saved_frames/2026-05-26_13-55-33_activity_ended.jpg
e59dabb8-a2ae-47e6-a950-6a7d65482833,2026-05-26 13:55:33,activity_started,counts={'antelope_like': 2},saved_frames/2026-05-26_13-55-33_activity_started.jpg
e82aa800-8b17-435f-be2e-7aa8f4883d5d,2026-05-26 13:55:33,new_species_detected,species=antelope_like,saved_frames/2026-05-26_13-55-33_new_antelope_like.jpg
b4491b3c-57cc-4e0c-9ad6-dc2c09f33fd1,2026-05-26 13:55:33,activity_ended,scene became empty,saved_frames/2026-05-26_13-55-33_activity_ended.jpg
6f045538-ef3a-4cdc-ba14-8e9b9a60b18d,2026-05-26 13:55:35,activity_started,counts={'antelope_like': 1},saved_frames/2026-05-26_13-55-35_activity_started.jpg
6bf15b5b-3782-4535-825d-5079b5500585,2026-05-26 13:55:35,new_species_detected,species=antelope_like,saved_frames/2026-05-26_13-55-35_new_antelope_like.jpg
f21f1b75-3d76-43d9-9a14-705770d3ba4d,2026-05-26 13:55:36,activity_ended,scene became empty,saved_frames/2026-05-26_13-55-36_activity_ended.jpg
31f41147-1862-4dfe-a0e6-25b534199de4,2026-05-26 13:55:36,activity_started,counts={'antelope_like': 1},saved_frames/2026-05-26_13-55-36_activity_started.jpg
6fe71161-9d74-4d15-8e41-7ec85fa02e29,2026-05-26 13:55:36,new_species_detected,species=antelope_like,saved_frames/2026-05-26_13-55-36_new_antelope_like.jpg
a94c6925-1f8a-4eb6-b5f4-1ee202608723,2026-05-26 13:55:37,new_species_detected,species=ungulate,saved_frames/2026-05-26_13-55-37_new_ungulate.jpg
3f6f1eb2-82ad-4428-a32d-884fbcb056e2,2026-05-26 13:55:37,new_species_detected,species=antelope_like,saved_frames/2026-05-26_13-55-37_new_antelope_like.jpg
7c0c270f-39a3-4407-bc4e-0bef88d413d8,2026-05-26 13:55:37,multi_species_detected,"species=['antelope_like', 'ungulate']",saved_frames/2026-05-26_13-55-37_multi_species.jpg
8e12f08b-b7a7-42cd-895e-049ca9a54f2f,2026-05-26 13:55:37,large_group_detected,total_animals=4,saved_frames/2026-05-26_13-55-37_large_group.jpg
f8d1668c-bc81-4e53-abb5-50cf693e108f,2026-05-26 13:55:38,large_group_detected,total_animals=3,saved_frames/2026-05-26_13-55-38_large_group.jpg
5af25443-280d-4da1-9d25-1723f7da65a5,2026-05-26 13:55:38,new_species_detected,species=ungulate,saved_frames/2026-05-26_13-55-38_new_ungulate.jpg
11061981-137f-400a-962a-441333bc767c,2026-05-26 13:55:38,multi_species_detected,"species=['antelope_like', 'ungulate']",saved_frames/2026-05-26_13-55-38_multi_species.jpg
d4792566-68c6-4da8-b9bd-58e267dd2263,2026-05-26 13:55:38,new_species_detected,species=antelope_like,saved_frames/2026-05-26_13-55-38_new_antelope_like.jpg
790e2591-eb73-4442-868a-b923888c15eb,2026-05-26 13:55:39,new_species_detected,species=ungulate,saved_frames/2026-05-26_13-55-39_new_ungulate.jpg
4e4772ea-615b-43c2-aee9-7a927cc1f620,2026-05-26 13:55:39,new_species_detected,species=antelope_like,saved_frames/2026-05-26_13-55-39_new_antelope_like.jpg
5d973a77-4e86-4ece-9faa-bbd8c73e1726,2026-05-26 13:55:39,multi_species_detected,"species=['antelope_like', 'ungulate']",saved_frames/2026-05-26_13-55-39_multi_species.jpg
a1f2ba51-63bd-41ab-8b78-0fdd73b843f8,2026-05-26 13:55:39,new_species_detected,species=antelope_like,saved_frames/2026-05-26_13-55-39_new_antelope_like.jpg
60d8d571-2ba4-4814-ba4d-cbe7942a94a3,2026-05-26 13:55:39,multi_species_detected,"species=['antelope_like', 'ungulate']",saved_frames/2026-05-26_13-55-39_multi_species.jpg
f4c50a7d-352f-4720-b075-c280c3eeb3e0,2026-05-26 13:55:39,large_group_detected,total_animals=3,saved_frames/2026-05-26_13-55-39_large_group.jpg
48931b9a-0b4f-4b76-942c-9c249d641598,2026-05-26 13:55:40,large_group_detected,total_animals=3,saved_frames/2026-05-26_13-55-40_large_group.jpg
eaf85887-f4d4-4497-ac9a-527bb53b10f1,2026-05-26 13:55:40,large_group_detected,total_animals=4,saved_frames/2026-05-26_13-55-40_large_group.jpg
2095b833-17c1-4de6-9d12-88e4ffc02d93,2026-05-26 13:55:41,new_species_detected,species=ungulate,saved_frames/2026-05-26_13-55-41_new_ungulate.jpg
11612f45-e6dd-478a-8834-664fc318c52e,2026-05-26 13:55:41,multi_species_detected,"species=['antelope_like', 'ungulate']",saved_frames/2026-05-26_13-55-41_multi_species.jpg
b1b5381b-a56a-4697-ac9f-9f10e8122925,2026-05-26 13:55:42,activity_ended,scene became empty,saved_frames/2026-05-26_13-55-42_activity_ended.jpg
f8410c5d-d3eb-44f4-96fb-bae3047ec135,2026-05-26 13:55:42,activity_started,counts={'ungulate': 1},saved_frames/2026-05-26_13-55-42_activity_started.jpg
000a31ae-faee-4c9b-b2b0-df9828c6d81b,2026-05-26 13:55:42,new_species_detected,species=ungulate,saved_frames/2026-05-26_13-55-42_new_ungulate.jpg
2e77a4ca-9715-4d9e-9487-21bbbca0bd8b,2026-05-26 13:55:42,new_species_detected,species=antelope_like,saved_frames/2026-05-26_13-55-42_new_antelope_like.jpg
52f43798-6e39-4461-b2df-48484fcf4fd4,2026-05-26 13:55:42,multi_species_detected,"species=['antelope_like', 'ungulate']",saved_frames/2026-05-26_13-55-42_multi_species.jpg
c3e9a5d7-a3d7-4548-9590-fcedb2b00415,2026-05-26 13:55:43,large_group_detected,total_animals=3,saved_frames/2026-05-26_13-55-43_large_group.jpg
a21c699e-0187-473d-b61f-74c7c08d2599,2026-05-26 13:55:44,new_species_detected,species=antelope_like,saved_frames/2026-05-26_13-55-44_new_antelope_like.jpg
1cd2189c-d8ac-45d5-847f-298bf5f86629,2026-05-26 13:55:44,multi_species_detected,"species=['antelope_like', 'ungulate']",saved_frames/2026-05-26_13-55-44_multi_species.jpg
5a07da39-2d5d-4969-bdb7-cc30bab64a3c,2026-05-26 13:55:44,large_group_detected,total_animals=3,saved_frames/2026-05-26_13-55-44_large_group.jpg
8a38f548-f7ee-4a6e-b07e-372bbb8ea80f,2026-05-26 13:55:45,activity_ended,scene became empty,saved_frames/2026-05-26_13-55-45_activity_ended.jpg
3ef1649f-5dc8-4cd1-9a8a-b4988727f1a9,2026-05-26 13:55:50,activity_started,"counts={'antelope_like': 1, 'ungulate': 1}",saved_frames/2026-05-26_13-55-50_activity_started.jpg
9687a345-d28a-44fa-8497-7009defbc1a4,2026-05-26 13:55:50,new_species_detected,species=antelope_like,saved_frames/2026-05-26_13-55-50_new_antelope_like.jpg
5a55cecf-5b72-4b96-b67f-2f64b249d59c,2026-05-26 13:55:50,new_species_detected,species=ungulate,saved_frames/2026-05-26_13-55-50_new_ungulate.jpg
c587a619-a970-4409-acee-9bbc3feedda0,2026-05-26 13:55:50,multi_species_detected,"species=['antelope_like', 'ungulate']",saved_frames/2026-05-26_13-55-50_multi_species.jpg
01ee0df5-fd6f-428e-beb2-5f2f91195a2e,2026-05-26 13:55:51,new_species_detected,species=ungulate,saved_frames/2026-05-26_13-55-51_new_ungulate.jpg
f9adb272-184c-4b5b-9c26-9c9a819332c9,2026-05-26 13:55:51,multi_species_detected,"species=['antelope_like', 'ungulate']",saved_frames/2026-05-26_13-55-51_multi_species.jpg
0bf7e36a-9a08-409a-b734-aadeede39908,2026-05-26 13:55:51,new_species_detected,species=ungulate,saved_frames/2026-05-26_13-55-51_new_ungulate.jpg
8aecc2de-9013-4e31-ae9e-2c772132f794,2026-05-26 13:55:51,multi_species_detected,"species=['antelope_like', 'ungulate']",saved_frames/2026-05-26_13-55-51_multi_species.jpg
16c3ca9a-458e-44c8-9944-836fb3e27a93,2026-05-26 13:55:51,new_species_detected,species=ungulate,saved_frames/2026-05-26_13-55-51_new_ungulate.jpg
9f8125d3-639e-4fc1-ab7c-26284e74366c,2026-05-26 13:55:51,multi_species_detected,"species=['antelope_like', 'ungulate']",saved_frames/2026-05-26_13-55-51_multi_species.jpg
9e48fddd-876f-4bb1-ace0-a14e615929ec,2026-05-26 13:55:51,large_group_detected,total_animals=3,saved_frames/2026-05-26_13-55-51_large_group.jpg
7e220e0c-1b78-49a3-b865-8d11e102f08f,2026-05-26 13:55:52,new_species_detected,species=ungulate,saved_frames/2026-05-26_13-55-52_new_ungulate.jpg
d867355a-2a2e-46dc-a93b-7fb3a4bd55a0,2026-05-26 13:55:52,multi_species_detected,"species=['antelope_like', 'ungulate']",saved_frames/2026-05-26_13-55-52_multi_species.jpg
6acb3e54-0b46-424e-9c5a-e136fec0b0be,2026-05-26 13:55:52,large_group_detected,total_animals=3,saved_frames/2026-05-26_13-55-52_large_group.jpg
823ecb78-9f3c-4f85-a0ff-7168a5db3fe3,2026-05-26 13:55:52,new_species_detected,species=ungulate,saved_frames/2026-05-26_13-55-52_new_ungulate.jpg
4bba6eab-40e2-44b8-8843-e40371dc7770,2026-05-26 13:55:52,multi_species_detected,"species=['antelope_like', 'ungulate']",saved_frames/2026-05-26_13-55-52_multi_species.jpg
f5844f8e-e817-49a5-a073-8dbf06c98f01,2026-05-26 13:55:52,large_group_detected,total_animals=4,saved_frames/2026-05-26_13-55-52_large_group.jpg
82c8c7d3-73e1-464e-ad2d-b5ec1c5ed7d1,2026-05-26 13:55:53,new_species_detected,species=ungulate,saved_frames/2026-05-26_13-55-53_new_ungulate.jpg
d1ac5271-6efc-4c54-b2d6-6c326f04918f,2026-05-26 13:55:53,multi_species_detected,"species=['antelope_like', 'ungulate']",saved_frames/2026-05-26_13-55-53_multi_species.jpg
70839a57-1acf-40ae-a471-8b69752c4204,2026-05-26 13:55:53,large_group_detected,total_animals=4,saved_frames/2026-05-26_13-55-53_large_group.jpg
90f37489-880e-404c-94e3-9d494f1d3755,2026-05-26 13:55:54,activity_ended,scene became empty,saved_frames/2026-05-26_13-55-54_activity_ended.jpg
0de8f42e-ed49-495b-9a96-a09f3da4c95f,2026-05-26 13:55:54,activity_started,counts={'antelope_like': 1},saved_frames/2026-05-26_13-55-54_activity_started.jpg
7008460f-a3a0-4694-b1d4-3beeba3e1711,2026-05-26 13:55:54,new_species_detected,species=antelope_like,saved_frames/2026-05-26_13-55-54_new_antelope_like.jpg
5c6c3811-243d-4701-8610-7aea7ae58ba4,2026-05-26 13:55:55,activity_ended,scene became empty,saved_frames/2026-05-26_13-55-55_activity_ended.jpg
3d7d2ab9-320c-4607-a99f-fc90f3a4d29d,2026-05-26 13:55:56,activity_started,counts={'ungulate': 1},saved_frames/2026-05-26_13-55-56_activity_started.jpg
79cbaf30-7386-4824-a42f-572be5df9d13,2026-05-26 13:55:56,new_species_detected,species=ungulate,saved_frames/2026-05-26_13-55-56_new_ungulate.jpg
dd37ffbc-153d-42d0-8477-8cc1838092f4,2026-05-26 13:55:57,activity_ended,scene became empty,saved_frames/2026-05-26_13-55-57_activity_ended.jpg
d62df903-919e-4ab4-9f9f-2d2f7f16fe2d,2026-05-26 13:55:57,activity_started,counts={'antelope_like': 1},saved_frames/2026-05-26_13-55-57_activity_started.jpg
40f0a980-52b9-4288-9a4f-b46b327f41de,2026-05-26 13:55:57,new_species_detected,species=antelope_like,saved_frames/2026-05-26_13-55-57_new_antelope_like.jpg
2225228f-7660-44d8-89e9-48d4baf8bf95,2026-05-26 13:55:58,new_species_detected,species=ungulate,saved_frames/2026-05-26_13-55-58_new_ungulate.jpg
eb803f92-f9ae-42ac-9c8a-f4ee9c278ebc,2026-05-26 13:55:58,multi_species_detected,"species=['antelope_like', 'ungulate']",saved_frames/2026-05-26_13-55-58_multi_species.jpg
548b79d8-c10e-400a-a140-f164a48f46b7,2026-05-26 13:55:58,new_species_detected,species=ungulate,saved_frames/2026-05-26_13-55-58_new_ungulate.jpg
005f502e-59d7-4c0b-98cb-c653b359a38a,2026-05-26 13:55:58,multi_species_detected,"species=['antelope_like', 'ungulate']",saved_frames/2026-05-26_13-55-58_multi_species.jpg
2ccb528e-c4ed-4b87-8a14-c5f51a4d8441,2026-05-26 13:55:58,large_group_detected,total_animals=3,saved_frames/2026-05-26_13-55-58_large_group.jpg
71c50b57-1a21-4d99-8e9a-614dcdf037fd,2026-05-26 13:55:58,activity_ended,scene became empty,saved_frames/2026-05-26_13-55-58_activity_ended.jpg
4c19d451-ddb8-4b23-92ac-4c525dd0b165,2026-05-26 13:55:59,activity_started,counts={'antelope_like': 1},saved_frames/2026-05-26_13-55-59_activity_started.jpg
d98d0ca9-f9e0-4e40-8d7f-1f40d05b9dd3,2026-05-26 13:55:59,new_species_detected,species=antelope_like,saved_frames/2026-05-26_13-55-59_new_antelope_like.jpg
3fdac518-ac41-485f-9d90-dd582635bc33,2026-05-26 13:56:00,activity_ended,scene became empty,saved_frames/2026-05-26_13-56-00_activity_ended.jpg
cb492598-992c-4179-8d1e-f2917a8fa46c,2026-05-26 13:56:00,activity_started,counts={'antelope_like': 1},saved_frames/2026-05-26_13-56-00_activity_started.jpg
f0a54877-f139-467e-8d6a-3a9bb75dc5fb,2026-05-26 13:56:00,new_species_detected,species=antelope_like,saved_frames/2026-05-26_13-56-00_new_antelope_like.jpg
c64cc2a3-68ae-472c-b6bc-aae4524e873e,2026-05-26 13:56:03,activity_ended,scene became empty,saved_frames/2026-05-26_13-56-03_activity_ended.jpg
70f589b8-5a79-4a36-88d3-3f6da59051ab,2026-05-26 13:56:03,activity_started,counts={'ungulate': 1},saved_frames/2026-05-26_13-56-03_activity_started.jpg
508f68a6-57b3-46ee-9754-fe297cd82617,2026-05-26 13:56:03,new_species_detected,species=ungulate,saved_frames/2026-05-26_13-56-03_new_ungulate.jpg
959b2f7c-da66-494e-badd-443c35c18929,2026-05-26 13:56:03,activity_ended,scene became empty,saved_frames/2026-05-26_13-56-03_activity_ended.jpg
96243e58-b7f3-4746-a4b9-79251564af94,2026-05-26 13:56:04,activity_started,"counts={'antelope_like': 1, 'ungulate': 1}",saved_frames/2026-05-26_13-56-04_activity_started.jpg
11624e59-cb7c-4039-8def-d76a107ad8f7,2026-05-26 13:56:04,new_species_detected,species=antelope_like,saved_frames/2026-05-26_13-56-04_new_antelope_like.jpg
ea23565c-5dd0-458f-a979-92ec16a72e18,2026-05-26 13:56:04,new_species_detected,species=ungulate,saved_frames/2026-05-26_13-56-04_new_ungulate.jpg
85ce1efb-780d-4636-a586-bfa6f339fa8a,2026-05-26 13:56:04,multi_species_detected,"species=['antelope_like', 'ungulate']",saved_frames/2026-05-26_13-56-04_multi_species.jpg
3ba9335e-8bb1-4ff4-ae58-a48b2348894c,2026-05-26 13:56:05,new_species_detected,species=ungulate,saved_frames/2026-05-26_13-56-05_new_ungulate.jpg
e50c6b49-5372-4d2c-b112-f714565a34c2,2026-05-26 13:56:05,multi_species_detected,"species=['antelope_like', 'ungulate']",saved_frames/2026-05-26_13-56-05_multi_species.jpg
e01823b9-3e4f-4d4d-b334-cd1be9581675,2026-05-26 13:56:05,new_species_detected,species=ungulate,saved_frames/2026-05-26_13-56-05_new_ungulate.jpg
fbacf54e-68cf-452d-9e18-216707d6691c,2026-05-26 13:56:05,multi_species_detected,"species=['antelope_like', 'ungulate']",saved_frames/2026-05-26_13-56-05_multi_species.jpg
49081803-b779-42b7-bd63-f581c36f6c51,2026-05-26 13:56:05,activity_ended,scene became empty,saved_frames/2026-05-26_13-56-05_activity_ended.jpg
71bc6e9c-65d7-4f65-bb9c-7093d0e0b50b,2026-05-26 13:56:05,activity_started,counts={'antelope_like': 1},saved_frames/2026-05-26_13-56-05_activity_started.jpg
a6aa7a4c-5674-4099-97a6-54f2b3826261,2026-05-26 13:56:05,new_species_detected,species=antelope_like,saved_frames/2026-05-26_13-56-05_new_antelope_like.jpg
c8b70cc6-9344-4d35-8ccf-e0923f1583ee,2026-05-26 13:56:05,activity_ended,scene became empty,saved_frames/2026-05-26_13-56-05_activity_ended.jpg
da97aac8-916a-4665-9638-f684022a8c09,2026-05-26 13:56:05,activity_started,counts={'antelope_like': 1},saved_frames/2026-05-26_13-56-05_activity_started.jpg
ac94afa4-dcee-46f7-b100-ef7ddf122ada,2026-05-26 13:56:05,new_species_detected,species=antelope_like,saved_frames/2026-05-26_13-56-05_new_antelope_like.jpg
98a4cf91-dd8c-4c84-a901-5e1393d1db8e,2026-05-26 13:56:06,new_species_detected,species=ungulate,saved_frames/2026-05-26_13-56-06_new_ungulate.jpg
ab2a8d60-1dca-4fc9-b7f7-b0353dd54b07,2026-05-26 13:56:06,multi_species_detected,"species=['antelope_like', 'ungulate']",saved_frames/2026-05-26_13-56-06_multi_species.jpg
786d7b6f-5f8d-4367-a766-a51c359bcca5,2026-05-26 13:56:06,activity_ended,scene became empty,saved_frames/2026-05-26_13-56-06_activity_ended.jpg
db66c300-508b-44f2-98dd-0c96a9d5940c,2026-05-26 13:56:06,activity_started,"counts={'antelope_like': 1, 'ungulate': 1}",saved_frames/2026-05-26_13-56-06_activity_started.jpg
a8cf63ea-ace6-4fa6-8310-fb48618e01bf,2026-05-26 13:56:06,new_species_detected,species=antelope_like,saved_frames/2026-05-26_13-56-06_new_antelope_like.jpg
1056c7ce-bffd-4cd3-aa3a-7d9ef98de748,2026-05-26 13:56:06,new_species_detected,species=ungulate,saved_frames/2026-05-26_13-56-06_new_ungulate.jpg
19d01345-fb97-4ff6-b87c-3bc61029d78f,2026-05-26 13:56:06,multi_species_detected,"species=['antelope_like', 'ungulate']",saved_frames/2026-05-26_13-56-06_multi_species.jpg
bad1a991-a4c0-4eb8-892d-a386f581a585,2026-05-26 13:56:06,new_species_detected,species=ungulate,saved_frames/2026-05-26_13-56-06_new_ungulate.jpg
c59deeb6-f5bb-4d87-8ef5-a501029d5b01,2026-05-26 13:56:06,multi_species_detected,"species=['antelope_like', 'ungulate']",saved_frames/2026-05-26_13-56-06_multi_species.jpg
490ea6fb-bcd8-4328-9ca0-a81f18c19325,2026-05-26 13:56:06,new_species_detected,species=ungulate,saved_frames/2026-05-26_13-56-06_new_ungulate.jpg
48638e4b-7545-4aeb-9d29-c01b88b02160,2026-05-26 13:56:06,multi_species_detected,"species=['antelope_like', 'ungulate']",saved_frames/2026-05-26_13-56-06_multi_species.jpg
ddf63c39-9f20-454b-95b5-1378fa30b93b,2026-05-26 13:56:07,large_group_detected,total_animals=3,saved_frames/2026-05-26_13-56-07_large_group.jpg
ae4d9848-e6af-47eb-90af-f9a0eb6b1ef9,2026-05-26 13:56:07,activity_ended,scene became empty,saved_frames/2026-05-26_13-56-07_activity_ended.jpg
48a30691-e277-4ea7-85ae-e897e6fcec35,2026-05-26 13:56:07,activity_started,"counts={'antelope_like': 2, 'ungulate': 1}",saved_frames/2026-05-26_13-56-07_activity_started.jpg
038b7e6a-fc11-42e9-a541-09e81bd50216,2026-05-26 13:56:07,new_species_detected,species=antelope_like,saved_frames/2026-05-26_13-56-07_new_antelope_like.jpg
d538741e-d836-4700-9658-2f8bad8d9e53,2026-05-26 13:56:07,new_species_detected,species=ungulate,saved_frames/2026-05-26_13-56-07_new_ungulate.jpg
6d5a32f7-7fac-4b3f-acaf-61ea2bb77615,2026-05-26 13:56:07,multi_species_detected,"species=['antelope_like', 'ungulate']",saved_frames/2026-05-26_13-56-07_multi_species.jpg
d2aeeeba-e546-4e8d-8e38-dac80efb01a0,2026-05-26 13:56:07,large_group_detected,total_animals=3,saved_frames/2026-05-26_13-56-07_large_group.jpg
054109bb-9001-4403-9f55-6f8a5bc5867e,2026-05-26 13:56:07,new_species_detected,species=antelope_like,saved_frames/2026-05-26_13-56-07_new_antelope_like.jpg
d04833f8-da0b-4ff3-841f-a27035b7b342,2026-05-26 13:56:07,multi_species_detected,"species=['antelope_like', 'ungulate']",saved_frames/2026-05-26_13-56-07_multi_species.jpg
5a8182ee-5736-48eb-90d1-21f64a2f96a6,2026-05-26 13:56:08,large_group_detected,total_animals=3,saved_frames/2026-05-26_13-56-08_large_group.jpg
691bdf70-9833-44da-a069-a2c37da10b09,2026-05-26 13:56:08,large_group_detected,total_animals=3,saved_frames/2026-05-26_13-56-08_large_group.jpg
b2343258-4fe8-44cc-b5d2-be7daa98de2e,2026-05-26 13:56:09,large_group_detected,total_animals=3,saved_frames/2026-05-26_13-56-09_large_group.jpg
d6eb10c3-ff23-41bb-8f80-188441419b2c,2026-05-26 13:56:12,large_group_detected,total_animals=3,saved_frames/2026-05-26_13-56-12_large_group.jpg
a541b2f8-056b-4a3f-b06c-a3688bbbd834,2026-05-26 13:56:15,activity_ended,scene became empty,saved_frames/2026-05-26_13-56-15_activity_ended.jpg
3ab14ba8-4431-45a8-a4ac-337476f8b4a4,2026-05-26 13:56:15,activity_started,counts={'antelope_like': 1},saved_frames/2026-05-26_13-56-15_activity_started.jpg
bb3bd4cb-3db2-40ad-b60c-ec31b84613c6,2026-05-26 13:56:15,new_species_detected,species=antelope_like,saved_frames/2026-05-26_13-56-15_new_antelope_like.jpg
f4311d25-b78a-40e5-993d-e27265aa2744,2026-05-26 13:56:16,activity_ended,scene became empty,saved_frames/2026-05-26_13-56-16_activity_ended.jpg
527494ab-d4f1-4496-8fd1-7e0a0f1521ad,2026-05-26 13:56:17,activity_started,counts={'antelope_like': 2},saved_frames/2026-05-26_13-56-17_activity_started.jpg
714e7431-0bde-43d2-986f-791e1b0cd8d0,2026-05-26 13:56:17,new_species_detected,species=antelope_like,saved_frames/2026-05-26_13-56-17_new_antelope_like.jpg
8e1d149c-4e8f-405f-bb13-fa30a2a2e3e4,2026-05-26 13:56:17,activity_ended,scene became empty,saved_frames/2026-05-26_13-56-17_activity_ended.jpg
1cfd47f8-70d4-405c-b1b0-51c1fa24d48c,2026-05-26 13:56:18,activity_started,counts={'antelope_like': 1},saved_frames/2026-05-26_13-56-18_activity_started.jpg
cc4bf6d3-46de-421d-9ccb-7b5aa0635602,2026-05-26 13:56:18,new_species_detected,species=antelope_like,saved_frames/2026-05-26_13-56-18_new_antelope_like.jpg
036a7703-5695-4344-8054-3370b8b47d5a,2026-05-26 13:56:18,activity_ended,scene became empty,saved_frames/2026-05-26_13-56-18_activity_ended.jpg
a8a034f2-7278-46ee-aea1-3ede2ecc5529,2026-05-26 13:56:19,activity_started,counts={'antelope_like': 1},saved_frames/2026-05-26_13-56-19_activity_started.jpg
877b14ef-2650-4273-87d4-7ef30806669f,2026-05-26 13:56:19,new_species_detected,species=antelope_like,saved_frames/2026-05-26_13-56-19_new_antelope_like.jpg
f453d0eb-67ca-4acf-8642-66e1b03e7e4d,2026-05-26 13:56:20,new_species_detected,species=ungulate,saved_frames/2026-05-26_13-56-20_new_ungulate.jpg
1c0fed34-66bb-4ff7-9234-529bdef84549,2026-05-26 13:56:20,new_species_detected,species=antelope_like,saved_frames/2026-05-26_13-56-20_new_antelope_like.jpg
d8316dc7-fe05-4324-b1c8-433982ad2d11,2026-05-26 13:56:21,new_species_detected,species=ungulate,saved_frames/2026-05-26_13-56-21_new_ungulate.jpg
ed84da54-6c02-4a63-9e53-e890d3a6a19a,2026-05-26 13:56:21,new_species_detected,species=antelope_like,saved_frames/2026-05-26_13-56-21_new_antelope_like.jpg
a05a7847-d9bd-417d-a9fb-27f37da74dd3,2026-05-26 13:56:21,multi_species_detected,"species=['antelope_like', 'ungulate']",saved_frames/2026-05-26_13-56-21_multi_species.jpg
ad27701f-f522-4dd1-a788-9f59cffd7c46,2026-05-26 13:56:21,new_species_detected,species=antelope_like,saved_frames/2026-05-26_13-56-21_new_antelope_like.jpg
91afacbb-513d-4b56-a65b-65472827be32,2026-05-26 13:56:22,large_group_detected,total_animals=3,saved_frames/2026-05-26_13-56-22_large_group.jpg
3d515c52-58f8-4091-8c22-3e9312f2341d,2026-05-26 13:56:23,activity_ended,scene became empty,saved_frames/2026-05-26_13-56-23_activity_ended.jpg
f7cc72ab-63a6-40ef-ac63-ebb3f0b002da,2026-05-26 13:56:23,activity_started,counts={'antelope_like': 1},saved_frames/2026-05-26_13-56-23_activity_started.jpg
e431ee01-5de1-485b-af2a-e71c7e9b0fc6,2026-05-26 13:56:23,new_species_detected,species=antelope_like,saved_frames/2026-05-26_13-56-23_new_antelope_like.jpg
ba7a4d1b-ce08-4fda-99af-5baecbf3beea,2026-05-26 13:56:24,activity_ended,scene became empty,saved_frames/2026-05-26_13-56-24_activity_ended.jpg
a8780095-5d95-4e78-b0d1-d07ee6be27dc,2026-05-26 13:56:24,activity_started,counts={'antelope_like': 1},saved_frames/2026-05-26_13-56-24_activity_started.jpg
58002741-6100-4f4a-baaa-e2a771f6f3e1,2026-05-26 13:56:24,new_species_detected,species=antelope_like,saved_frames/2026-05-26_13-56-24_new_antelope_like.jpg
a76c50f9-1b90-4ea5-89aa-b6acd2f685ea,2026-05-26 13:56:26,large_group_detected,total_animals=3,saved_frames/2026-05-26_13-56-26_large_group.jpg
2ddb76e4-0995-49f8-8e24-f58f010e34e2,2026-05-26 13:56:26,new_species_detected,species=ungulate,saved_frames/2026-05-26_13-56-26_new_ungulate.jpg
4d2654b5-51dc-4a0c-8e39-f0376659576a,2026-05-26 13:56:27,new_species_detected,species=antelope_like,saved_frames/2026-05-26_13-56-27_new_antelope_like.jpg
01b032f4-a288-49fa-a27b-69bf773f9a5e,2026-05-26 13:56:27,new_species_detected,species=ungulate,saved_frames/2026-05-26_13-56-27_new_ungulate.jpg
9bdee93f-2748-4c93-bc60-23d9179c36f8,2026-05-26 13:56:27,activity_ended,scene became empty,saved_frames/2026-05-26_13-56-27_activity_ended.jpg
44f637b1-a5a6-4918-a7b5-5321649d0ede,2026-05-26 13:56:27,activity_started,counts={'ungulate': 1},saved_frames/2026-05-26_13-56-27_activity_started.jpg
427c8145-103e-40a8-a3ff-63db842189e2,2026-05-26 13:56:27,new_species_detected,species=ungulate,saved_frames/2026-05-26_13-56-27_new_ungulate.jpg
28bda5d5-5fe4-4e59-85fa-d3fb35bd7726,2026-05-26 13:56:27,new_species_detected,species=antelope_like,saved_frames/2026-05-26_13-56-27_new_antelope_like.jpg
25cc4c73-54cb-4037-9796-22620f8f31c8,2026-05-26 13:56:27,activity_ended,scene became empty,saved_frames/2026-05-26_13-56-27_activity_ended.jpg
c10f7238-a622-4814-aa2e-908c460cd638,2026-05-26 13:56:29,activity_started,counts={'ungulate': 1},saved_frames/2026-05-26_13-56-29_activity_started.jpg
2355b364-46f0-4ab2-b63b-991a4434f761,2026-05-26 13:56:29,new_species_detected,species=ungulate,saved_frames/2026-05-26_13-56-29_new_ungulate.jpg
9030c9f9-b144-4a1c-ae36-714f12f4b4a8,2026-05-26 13:56:29,activity_ended,scene became empty,saved_frames/2026-05-26_13-56-29_activity_ended.jpg
c9591b37-3c60-4605-98b1-d6499b944580,2026-05-26 13:56:29,activity_started,"counts={'antelope_like': 1, 'ungulate': 1}",saved_frames/2026-05-26_13-56-29_activity_started.jpg
45cb3394-df65-49cd-a4c3-45a9f2f9929f,2026-05-26 13:56:29,new_species_detected,species=antelope_like,saved_frames/2026-05-26_13-56-29_new_antelope_like.jpg
100d565a-98df-44a0-8982-b903a30cba69,2026-05-26 13:56:29,new_species_detected,species=ungulate,saved_frames/2026-05-26_13-56-29_new_ungulate.jpg
8fb9e243-3a41-4240-9a8c-8f94f3c35073,2026-05-26 13:56:29,multi_species_detected,"species=['antelope_like', 'ungulate']",saved_frames/2026-05-26_13-56-29_multi_species.jpg
93d6e4ca-1f4d-4f39-b7a4-3ea3a57f1367,2026-05-26 13:56:29,activity_ended,scene became empty,saved_frames/2026-05-26_13-56-29_activity_ended.jpg
e32df7dd-d137-4211-a91b-82a73cd87aa4,2026-05-26 13:56:30,activity_started,"counts={'antelope_like': 1, 'ungulate': 1}",saved_frames/2026-05-26_13-56-30_activity_started.jpg
db93eb25-290b-47a8-ab1f-d83df03f41fd,2026-05-26 13:56:30,new_species_detected,species=antelope_like,saved_frames/2026-05-26_13-56-30_new_antelope_like.jpg
1518f4fd-451e-4b7b-a1b9-f19728d8aadb,2026-05-26 13:56:30,new_species_detected,species=ungulate,saved_frames/2026-05-26_13-56-30_new_ungulate.jpg
b5479f41-bfc0-428c-a405-5a3e73c5d4fa,2026-05-26 13:56:30,multi_species_detected,"species=['antelope_like', 'ungulate']",saved_frames/2026-05-26_13-56-30_multi_species.jpg
2ef8e145-bfaf-4f52-9d41-a86bb0a28c89,2026-05-26 13:56:30,activity_ended,scene became empty,saved_frames/2026-05-26_13-56-30_activity_ended.jpg
d28c6fe6-41ec-4bcd-baea-7075117bac7e,2026-05-26 13:56:30,activity_started,counts={'antelope_like': 1},saved_frames/2026-05-26_13-56-30_activity_started.jpg
91527831-c618-4072-b11e-0ba7e7f44355,2026-05-26 13:56:30,new_species_detected,species=antelope_like,saved_frames/2026-05-26_13-56-30_new_antelope_like.jpg
1f3dc2c8-c169-4945-9ed9-d117f0958552,2026-05-26 13:56:31,activity_ended,scene became empty,saved_frames/2026-05-26_13-56-31_activity_ended.jpg
52eeb072-7e48-4531-b720-aefe7b25a36a,2026-05-26 13:56:31,activity_started,counts={'antelope_like': 1},saved_frames/2026-05-26_13-56-31_activity_started.jpg
c8072ad1-50ab-471f-aaa5-88363f46a0d6,2026-05-26 13:56:31,new_species_detected,species=antelope_like,saved_frames/2026-05-26_13-56-31_new_antelope_like.jpg
7a970e71-8ce4-41c9-98c7-27284cbf43ef,2026-05-26 13:56:31,activity_ended,scene became empty,saved_frames/2026-05-26_13-56-31_activity_ended.jpg
a281ca3c-c43f-42cb-ba96-17794b1c5cd7,2026-05-26 13:56:33,activity_started,counts={'antelope_like': 1},saved_frames/2026-05-26_13-56-33_activity_started.jpg
7271b3b1-58d4-4e03-8d03-6b5c3d77480a,2026-05-26 13:56:33,new_species_detected,species=antelope_like,saved_frames/2026-05-26_13-56-33_new_antelope_like.jpg
f5def73d-3fe5-4010-b406-5c94d06520b7,2026-05-26 13:56:34,activity_ended,scene became empty,saved_frames/2026-05-26_13-56-34_activity_ended.jpg
3a0ec9bc-24f5-4c02-845d-c9d1401811f2,2026-05-26 13:56:34,activity_started,counts={'antelope_like': 1},saved_frames/2026-05-26_13-56-34_activity_started.jpg
61038dfe-38b3-452d-9b69-9e0baf6f1967,2026-05-26 13:56:34,new_species_detected,species=antelope_like,saved_frames/2026-05-26_13-56-34_new_antelope_like.jpg
1447688f-d4d7-4714-b81b-b342068a82ed,2026-05-26 13:56:35,activity_ended,scene became empty,saved_frames/2026-05-26_13-56-35_activity_ended.jpg
93d4cf36-a199-4252-9d76-bc7f18c85dd8,2026-05-26 13:56:35,activity_started,counts={'antelope_like': 1},saved_frames/2026-05-26_13-56-35_activity_started.jpg
8d1669c6-f3c8-483c-b21f-8c5112e9f4a3,2026-05-26 13:56:35,new_species_detected,species=antelope_like,saved_frames/2026-05-26_13-56-35_new_antelope_like.jpg
28381a93-a077-4319-803e-086ad17678ec,2026-05-26 13:56:35,large_group_detected,total_animals=3,saved_frames/2026-05-26_13-56-35_large_group.jpg
c970348e-3e15-45bd-a6c9-420110887e22,2026-05-26 13:56:40,new_species_detected,species=ungulate,saved_frames/2026-05-26_13-56-40_new_ungulate.jpg
1daf1036-ff48-481d-8f05-42b68d1489f3,2026-05-26 13:56:40,multi_species_detected,"species=['antelope_like', 'ungulate']",saved_frames/2026-05-26_13-56-40_multi_species.jpg
02c3610d-4aa4-4be4-9eff-c231362dd905,2026-05-26 13:56:40,large_group_detected,total_animals=3,saved_frames/2026-05-26_13-56-40_large_group.jpg
21f599b6-d942-4a83-ae64-baf56fd5824a,2026-05-26 13:56:41,new_species_detected,species=ungulate,saved_frames/2026-05-26_13-56-41_new_ungulate.jpg
28c4beab-72ff-4897-a2ee-3ec14b121fa3,2026-05-26 13:56:41,multi_species_detected,"species=['antelope_like', 'ungulate']",saved_frames/2026-05-26_13-56-41_multi_species.jpg
a6fca8aa-cf07-4caa-9ce0-6821f1b73cef,2026-05-26 13:56:45,large_group_detected,total_animals=4,saved_frames/2026-05-26_13-56-45_large_group.jpg
4a8ca231-fe8f-4952-aa72-fb61c7775769,2026-05-26 13:56:47,large_group_detected,total_animals=4,saved_frames/2026-05-26_13-56-47_large_group.jpg
a53ef3c9-647c-47c2-9581-31bf7274887d,2026-05-26 13:56:49,large_group_detected,total_animals=3,saved_frames/2026-05-26_13-56-49_large_group.jpg
f774367e-82a8-4487-83fd-5c31a0c6342c,2026-05-26 13:56:58,large_group_detected,total_animals=3,saved_frames/2026-05-26_13-56-58_large_group.jpg
4c2c1f1a-78b9-4a98-8c55-e090ad21e3e0,2026-05-26 13:57:00,large_group_detected,total_animals=3,saved_frames/2026-05-26_13-57-00_large_group.jpg
6506de48-dafe-4660-8dcf-4bb58443a5fb,2026-05-26 13:57:01,large_group_detected,total_animals=3,saved_frames/2026-05-26_13-57-01_large_group.jpg
f830a9f5-d2fb-4c11-bb48-4ccc7014caa0,2026-05-26 13:57:01,large_group_detected,total_animals=3,saved_frames/2026-05-26_13-57-01_large_group.jpg
7599e141-a6f2-4350-a1be-23b109ee4241,2026-05-26 13:57:01,large_group_detected,total_animals=3,saved_frames/2026-05-26_13-57-01_large_group.jpg
be8df66c-38dc-4ffc-803c-e5b36c2b72eb,2026-05-26 13:57:04,new_species_detected,species=ungulate,saved_frames/2026-05-26_13-57-04_new_ungulate.jpg
e5a2c090-f2dd-45aa-b118-f419b03a19e6,2026-05-26 13:57:04,multi_species_detected,"species=['antelope_like', 'ungulate']",saved_frames/2026-05-26_13-57-04_multi_species.jpg
3182d255-c113-4008-bb95-20ec9445eafd,2026-05-26 13:57:05,large_group_detected,total_animals=3,saved_frames/2026-05-26_13-57-05_large_group.jpg
c68178fe-a0de-4810-8994-681fecea20b8,2026-05-26 13:57:12,large_group_detected,total_animals=3,saved_frames/2026-05-26_13-57-12_large_group.jpg
d83bfdc3-08a4-47c7-ac0d-ee3e6edc14ff,2026-05-26 13:57:13,large_group_detected,total_animals=3,saved_frames/2026-05-26_13-57-13_large_group.jpg
ae695b32-4826-4b0d-9d51-e10a1dfd74e8,2026-05-26 13:57:15,large_group_detected,total_animals=3,saved_frames/2026-05-26_13-57-15_large_group.jpg
1789665f-c4ad-41e9-8193-a29f8a8332f1,2026-05-26 13:57:16,large_group_detected,total_animals=3,saved_frames/2026-05-26_13-57-16_large_group.jpg
a3eecc84-090d-49a4-924d-17df989ecbaa,2026-05-26 13:57:17,large_group_detected,total_animals=3,saved_frames/2026-05-26_13-57-17_large_group.jpg
4a9c24de-660f-44d1-ae14-47113d45e698,2026-05-26 13:57:18,large_group_detected,total_animals=4,saved_frames/2026-05-26_13-57-18_large_group.jpg
4fa471c4-3669-4dbd-9905-939ebd980148,2026-05-26 13:57:19,large_group_detected,total_animals=3,saved_frames/2026-05-26_13-57-19_large_group.jpg
cb51e502-7423-4c69-8041-eca9a67bb178,2026-05-26 13:57:26,new_species_detected,species=ungulate,saved_frames/2026-05-26_13-57-26_new_ungulate.jpg
c83f62e5-354b-42f1-a36a-a83f8a709e32,2026-05-26 13:57:26,multi_species_detected,"species=['antelope_like', 'ungulate']",saved_frames/2026-05-26_13-57-26_multi_species.jpg
f548238e-beb0-4a3a-8908-58b8ad657d31,2026-05-26 13:57:26,new_species_detected,species=ungulate,saved_frames/2026-05-26_13-57-26_new_ungulate.jpg
063ffb12-08a2-4596-bdc1-2caf3c51bf21,2026-05-26 13:57:26,multi_species_detected,"species=['antelope_like', 'ungulate']",saved_frames/2026-05-26_13-57-26_multi_species.jpg
580fbdde-29c4-4f21-a267-9a0db7f60774,2026-05-26 13:57:30,large_group_detected,total_animals=3,saved_frames/2026-05-26_13-57-30_large_group.jpg
3e2a24a2-5788-4616-8242-504abb3a2429,2026-05-26 13:57:33,large_group_detected,total_animals=3,saved_frames/2026-05-26_13-57-33_large_group.jpg
49057fee-b406-46f9-ac90-bb597bcb8a9e,2026-05-26 13:57:35,large_group_detected,total_animals=3,saved_frames/2026-05-26_13-57-35_large_group.jpg
4309c706-b444-4eb2-914d-82b1d8829268,2026-05-26 13:57:44,large_group_detected,total_animals=3,saved_frames/2026-05-26_13-57-44_large_group.jpg
2a87e1d1-8c94-44a9-8764-4b913f5ed94a,2026-05-26 13:57:45,large_group_detected,total_animals=3,saved_frames/2026-05-26_13-57-45_large_group.jpg
a1d37a8c-d054-4a9d-b1c4-c99a0b5599bb,2026-05-26 13:57:53,large_group_detected,total_animals=3,saved_frames/2026-05-26_13-57-53_large_group.jpg
efdcbf02-5fad-466c-8a35-55de731e17fb,2026-05-26 13:57:53,large_group_detected,total_animals=3,saved_frames/2026-05-26_13-57-53_large_group.jpg
a2c4fb3a-7fbf-452c-bc48-eec4269da84a,2026-05-26 13:58:08,large_group_detected,total_animals=3,saved_frames/2026-05-26_13-58-08_large_group.jpg
7ae1366d-6121-481f-8cdb-9518516a761e,2026-05-26 13:58:08,large_group_detected,total_animals=3,saved_frames/2026-05-26_13-58-08_large_group.jpg
619a4918-29bf-4e93-b4ce-25561bc63fed,2026-05-26 13:58:10,new_species_detected,species=ungulate,saved_frames/2026-05-26_13-58-10_new_ungulate.jpg
2e60dd64-5778-49cf-800b-0a9bab5d85fb,2026-05-26 13:58:10,multi_species_detected,"species=['antelope_like', 'ungulate']",saved_frames/2026-05-26_13-58-10_multi_species.jpg
0adaa3ab-935b-434f-a55b-457cc98b5d36,2026-05-26 13:58:10,large_group_detected,total_animals=3,saved_frames/2026-05-26_13-58-10_large_group.jpg
ec629b70-e4ec-4717-b12c-d4eb70349d27,2026-05-26 13:58:10,new_species_detected,species=ungulate,saved_frames/2026-05-26_13-58-10_new_ungulate.jpg
08d9bda0-56d4-42e1-ad94-4d9cef0e3a24,2026-05-26 13:58:10,multi_species_detected,"species=['antelope_like', 'ungulate']",saved_frames/2026-05-26_13-58-10_multi_species.jpg
f1ceca08-3c6e-4cc2-83f8-3f7a79767aef,2026-05-26 13:58:16,large_group_detected,total_animals=3,saved_frames/2026-05-26_13-58-16_large_group.jpg
b5a38e25-bfdc-4f1a-aa99-294d55a8f237,2026-05-26 13:58:17,large_group_detected,total_animals=3,saved_frames/2026-05-26_13-58-17_large_group.jpg
f8940f0f-e6b2-4182-859f-76b1bfbfd9f6,2026-05-26 13:58:21,large_group_detected,total_animals=3,saved_frames/2026-05-26_13-58-21_large_group.jpg
4fce5b18-2e32-411f-912b-cf7924e74e11,2026-05-26 13:58:21,large_group_detected,total_animals=3,saved_frames/2026-05-26_13-58-21_large_group.jpg
bc7bc02f-f715-42a0-8eb9-aa4f03797450,2026-05-26 13:58:22,large_group_detected,total_animals=3,saved_frames/2026-05-26_13-58-22_large_group.jpg
9fd11acd-c695-4958-ad5f-f17bdb9aa0a0,2026-05-26 13:58:23,large_group_detected,total_animals=3,saved_frames/2026-05-26_13-58-23_large_group.jpg
ce71fef2-4204-4e2c-9a04-635109fb98a1,2026-05-26 13:58:23,new_species_detected,species=ungulate,saved_frames/2026-05-26_13-58-23_new_ungulate.jpg
ce67bd0e-a0bc-45be-a9b6-5a77d9666884,2026-05-26 13:58:23,multi_species_detected,"species=['antelope_like', 'ungulate']",saved_frames/2026-05-26_13-58-23_multi_species.jpg
8f6b0586-9d3e-4202-8265-4129b085d97d,2026-05-26 13:58:23,large_group_detected,total_animals=3,saved_frames/2026-05-26_13-58-23_large_group.jpg
4f5c04fa-ffa9-49a5-b68e-e8c45ad40d81,2026-05-26 13:58:26,large_group_detected,total_animals=3,saved_frames/2026-05-26_13-58-26_large_group.jpg
206cfd4a-19d0-4977-be3b-9c43628acc41,2026-05-26 13:58:31,large_group_detected,total_animals=3,saved_frames/2026-05-26_13-58-31_large_group.jpg
badf0918-6e67-4ae7-835b-2e5d05157cf3,2026-05-26 13:58:40,large_group_detected,total_animals=3,saved_frames/2026-05-26_13-58-40_large_group.jpg
d717e2d3-4292-4eee-b80c-b237a95bcf17,2026-05-26 13:58:40,large_group_detected,total_animals=4,saved_frames/2026-05-26_13-58-40_large_group.jpg
7be07ca4-01cf-4dce-a0ac-88ffce0dd18f,2026-05-26 13:58:41,large_group_detected,total_animals=3,saved_frames/2026-05-26_13-58-41_large_group.jpg
f7c6332c-4425-47e6-a5b9-13ff6fdabfbe,2026-05-26 13:58:45,large_group_detected,total_animals=3,saved_frames/2026-05-26_13-58-45_large_group.jpg
f1c7b2b4-b5ad-4158-9af6-65955b9e7d06,2026-05-26 13:58:47,large_group_detected,total_animals=3,saved_frames/2026-05-26_13-58-47_large_group.jpg
52846438-6a13-4fc0-ba7d-466c2b3cce4b,2026-05-26 13:58:56,large_group_detected,total_animals=3,saved_frames/2026-05-26_13-58-56_large_group.jpg
47f6e883-a84d-42b2-93e3-3470e2e5cf3d,2026-05-26 13:58:58,large_group_detected,total_animals=3,saved_frames/2026-05-26_13-58-58_large_group.jpg
9da0ba90-6445-4ffe-b056-3ac944c306cc,2026-05-26 13:58:58,large_group_detected,total_animals=3,saved_frames/2026-05-26_13-58-58_large_group.jpg
aaf4e55e-afc2-4dd5-9e0b-c9644f2cb5e0,2026-05-26 13:59:08,large_group_detected,total_animals=4,saved_frames/2026-05-26_13-59-08_large_group.jpg
47035bf8-8494-4488-91ed-6afa11f52df6,2026-05-26 13:59:09,large_group_detected,total_animals=3,saved_frames/2026-05-26_13-59-09_large_group.jpg
48e5ab5e-1968-48c3-aee7-8510ff90a4ee,2026-05-26 13:59:12,large_group_detected,total_animals=4,saved_frames/2026-05-26_13-59-12_large_group.jpg
795ac6c5-7b4e-4825-8576-a40652fc8f8e,2026-05-26 13:59:13,large_group_detected,total_animals=3,saved_frames/2026-05-26_13-59-13_large_group.jpg
9e7569f9-b99c-4cfd-a6e1-7d57fba30376,2026-05-26 13:59:14,large_group_detected,total_animals=3,saved_frames/2026-05-26_13-59-14_large_group.jpg
ffaa83ed-5390-49a2-a6bf-a45d417ecc32,2026-05-26 13:59:15,large_group_detected,total_animals=3,saved_frames/2026-05-26_13-59-15_large_group.jpg
431fcaf9-ada2-4239-8fe0-243e6e09b17a,2026-05-26 13:59:20,large_group_detected,total_animals=3,saved_frames/2026-05-26_13-59-20_large_group.jpg
50259571-4b47-4bc4-9696-95bc3392071f,2026-05-26 13:59:20,large_group_detected,total_animals=4,saved_frames/2026-05-26_13-59-20_large_group.jpg
c221f3a0-1af9-40df-8ff8-d01574669c03,2026-05-26 13:59:21,large_group_detected,total_animals=3,saved_frames/2026-05-26_13-59-21_large_group.jpg
a3af9d6d-3431-4dd4-8ed2-791c66d71fd9,2026-05-26 13:59:22,large_group_detected,total_animals=3,saved_frames/2026-05-26_13-59-22_large_group.jpg
d7b402e7-c8b7-4ccf-8c7e-6bad5e9e85bd,2026-05-26 13:59:22,large_group_detected,total_animals=3,saved_frames/2026-05-26_13-59-22_large_group.jpg
bb0f6b17-25ba-497c-9b34-d600ef978ff6,2026-05-26 13:59:22,large_group_detected,total_animals=3,saved_frames/2026-05-26_13-59-22_large_group.jpg
f0200c69-38f1-42f6-a78e-1513182dc24b,2026-05-26 13:59:23,large_group_detected,total_animals=3,saved_frames/2026-05-26_13-59-23_large_group.jpg
30642253-d9c1-4994-a429-a1f0e62d4576,2026-05-26 13:59:23,large_group_detected,total_animals=3,saved_frames/2026-05-26_13-59-23_large_group.jpg
4a7792c5-2658-40c5-a865-9bd1fca0bd3e,2026-05-26 13:59:24,large_group_detected,total_animals=3,saved_frames/2026-05-26_13-59-24_large_group.jpg
deed8c12-5849-491b-8e32-3f8725c54a22,2026-05-26 13:59:24,large_group_detected,total_animals=3,saved_frames/2026-05-26_13-59-24_large_group.jpg
094b1304-7f0b-401e-add0-dd610187324d,2026-05-26 13:59:25,large_group_detected,total_animals=3,saved_frames/2026-05-26_13-59-25_large_group.jpg
70f32c2d-2768-425a-bf48-47cbaac98756,2026-05-26 13:59:25,large_group_detected,total_animals=3,saved_frames/2026-05-26_13-59-25_large_group.jpg
d941e7ee-004c-465b-b1f8-78c334052d67,2026-05-26 13:59:25,large_group_detected,total_animals=3,saved_frames/2026-05-26_13-59-25_large_group.jpg
bad81cf2-4818-4cee-9fba-ee875f4f3b7f,2026-05-26 13:59:27,large_group_detected,total_animals=3,saved_frames/2026-05-26_13-59-27_large_group.jpg
9ef8a7b7-dcbb-41c5-b4e8-2ba52d27ec58,2026-05-26 13:59:30,large_group_detected,total_animals=3,saved_frames/2026-05-26_13-59-30_large_group.jpg
8904c98d-d7af-4545-870c-8b6a920ba5ef,2026-05-26 13:59:31,large_group_detected,total_animals=3,saved_frames/2026-05-26_13-59-31_large_group.jpg
63386b78-e656-4c53-af9e-5f93f97ec515,2026-05-26 13:59:32,large_group_detected,total_animals=3,saved_frames/2026-05-26_13-59-32_large_group.jpg
6d0dca7d-6fdb-4421-a637-472df2b91907,2026-05-26 13:59:35,large_group_detected,total_animals=3,saved_frames/2026-05-26_13-59-35_large_group.jpg
4cf16346-354d-40bd-9d7c-00bf1591c795,2026-05-26 13:59:35,activity_ended,scene became empty,saved_frames/2026-05-26_13-59-35_activity_ended.jpg
1e08b81f-6597-490b-a4fe-02a739bd9d5a,2026-05-26 13:59:35,activity_started,counts={'antelope_like': 2},saved_frames/2026-05-26_13-59-35_activity_started.jpg
ebb26130-da4e-41d1-92fc-ffe9b73aa751,2026-05-26 13:59:35,new_species_detected,species=antelope_like,saved_frames/2026-05-26_13-59-35_new_antelope_like.jpg
7d8fa013-3475-4793-9597-ef366d6c728e,2026-05-26 13:59:37,large_group_detected,total_animals=3,saved_frames/2026-05-26_13-59-37_large_group.jpg
227a0f3e-67af-4118-8613-241b646857d8,2026-05-26 13:59:38,large_group_detected,total_animals=3,saved_frames/2026-05-26_13-59-38_large_group.jpg
14b7c60c-56e4-4c7b-9cd5-e51ca042e87f,2026-05-26 13:59:38,large_group_detected,total_animals=3,saved_frames/2026-05-26_13-59-38_large_group.jpg
17b69a36-729a-4215-a1c4-dbc22b751cad,2026-05-26 13:59:39,large_group_detected,total_animals=3,saved_frames/2026-05-26_13-59-39_large_group.jpg
dd0e21a4-2c64-4dde-80ed-3b63190b0677,2026-05-26 13:59:39,large_group_detected,total_animals=3,saved_frames/2026-05-26_13-59-39_large_group.jpg
000460d7-ec15-44d1-955c-cc796b167ca7,2026-05-26 13:59:40,large_group_detected,total_animals=4,saved_frames/2026-05-26_13-59-40_large_group.jpg
f819c890-8c48-4107-b817-9ae13b3eadce,2026-05-26 13:59:44,large_group_detected,total_animals=3,saved_frames/2026-05-26_13-59-44_large_group.jpg
2079bc3d-285c-4a4c-9b4d-d80641623702,2026-05-26 13:59:49,large_group_detected,total_animals=3,saved_frames/2026-05-26_13-59-49_large_group.jpg
c4014664-f232-4db5-9bdd-20d41db43413,2026-05-26 13:59:49,large_group_detected,total_animals=3,saved_frames/2026-05-26_13-59-49_large_group.jpg
7e799431-96dd-488a-897b-5fac262c83fd,2026-05-26 13:59:50,large_group_detected,total_animals=3,saved_frames/2026-05-26_13-59-50_large_group.jpg
8bd4de4a-a7f9-417f-b6c6-78c6ab7f9e76,2026-05-26 13:59:51,large_group_detected,total_animals=3,saved_frames/2026-05-26_13-59-51_large_group.jpg
71fd4c36-2b97-4e0d-b75e-0676ab59c9e9,2026-05-26 13:59:52,large_group_detected,total_animals=3,saved_frames/2026-05-26_13-59-52_large_group.jpg
874c1afa-e19d-4a3d-866d-d64bf8c0027f,2026-05-26 13:59:53,large_group_detected,total_animals=3,saved_frames/2026-05-26_13-59-53_large_group.jpg
07829ece-8efd-4c2f-b3e5-3352643dc176,2026-05-26 13:59:58,large_group_detected,total_animals=3,saved_frames/2026-05-26_13-59-58_large_group.jpg
6b86d290-c3d4-45e3-8689-3ef9ebf97474,2026-05-26 14:00:01,large_group_detected,total_animals=3,saved_frames/2026-05-26_14-00-01_large_group.jpg
7247f76a-90c6-41cf-9bb8-ef9700aa696a,2026-05-26 14:00:04,large_group_detected,total_animals=3,saved_frames/2026-05-26_14-00-04_large_group.jpg
82aa2378-adce-4d12-91a0-6f6ad00af347,2026-05-26 14:00:34,large_group_detected,total_animals=3,saved_frames/2026-05-26_14-00-34_large_group.jpg
7048287b-b712-42e2-8296-becfaf6af9ce,2026-05-26 14:00:36,large_group_detected,total_animals=3,saved_frames/2026-05-26_14-00-36_large_group.jpg
b06ba058-172a-4185-9659-9f78d52bc6ec,2026-05-26 14:00:37,large_group_detected,total_animals=3,saved_frames/2026-05-26_14-00-37_large_group.jpg
fc7b2f1f-3172-4900-82ab-0645c6e91f08,2026-05-26 14:00:37,large_group_detected,total_animals=3,saved_frames/2026-05-26_14-00-37_large_group.jpg
77a524cf-3f90-42ef-9413-5999cdbb8036,2026-05-26 14:00:51,new_species_detected,species=bird,saved_frames/2026-05-26_14-00-51_new_bird.jpg
e784b288-f086-4684-88ee-0353fde30cfe,2026-05-26 14:00:51,multi_species_detected,"species=['antelope_like', 'bird']",saved_frames/2026-05-26_14-00-51_multi_species.jpg
940ba133-4fc7-4723-9de3-240aaf3eec6e,2026-05-26 14:00:51,large_group_detected,total_animals=3,saved_frames/2026-05-26_14-00-51_large_group.jpg
a17c4ce0-f11c-4025-8766-a6beb3d4873c,2026-05-26 14:00:52,large_group_detected,total_animals=3,saved_frames/2026-05-26_14-00-52_large_group.jpg
86116ed9-2dbc-44a6-b3d0-a7b898d929f9,2026-05-26 14:00:54,large_group_detected,total_animals=3,saved_frames/2026-05-26_14-00-54_large_group.jpg
1f62af84-9954-4e34-96f1-7282a58b7fdd,2026-05-26 14:00:55,large_group_detected,total_animals=3,saved_frames/2026-05-26_14-00-55_large_group.jpg
a1bdd8db-4251-49d2-a05f-68b16507cba4,2026-05-26 14:00:58,activity_ended,scene became empty,saved_frames/2026-05-26_14-00-58_activity_ended.jpg
d1ffdf7c-bf70-4ef7-9677-eed5984851fa,2026-05-26 14:00:59,activity_started,counts={'antelope_like': 1},saved_frames/2026-05-26_14-00-59_activity_started.jpg
6abab57e-06c8-4ea3-b655-620ff8eb01dd,2026-05-26 14:00:59,new_species_detected,species=antelope_like,saved_frames/2026-05-26_14-00-59_new_antelope_like.jpg
c01c3b3c-2184-4c57-933e-4a40ceff345d,2026-05-26 14:01:01,activity_ended,scene became empty,saved_frames/2026-05-26_14-01-01_activity_ended.jpg
e604b4e6-1b22-4983-86c2-9562d18870bc,2026-05-26 14:01:02,activity_started,counts={'antelope_like': 1},saved_frames/2026-05-26_14-01-02_activity_started.jpg
3fe312c3-4dbc-446a-835f-921daf503d45,2026-05-26 14:01:02,new_species_detected,species=antelope_like,saved_frames/2026-05-26_14-01-02_new_antelope_like.jpg
d9028e33-48a0-41d0-9506-50fd82ef9ccd,2026-05-26 14:01:03,large_group_detected,total_animals=3,saved_frames/2026-05-26_14-01-03_large_group.jpg
e17fddf1-b115-439d-a7b7-01ea8d9747d5,2026-05-26 14:01:04,large_group_detected,total_animals=3,saved_frames/2026-05-26_14-01-04_large_group.jpg
14d69658-357d-4db1-bd3e-ad5675ca905c,2026-05-26 14:01:06,activity_ended,scene became empty,saved_frames/2026-05-26_14-01-06_activity_ended.jpg
ac4b53d1-f805-4a62-85b1-d147e7671f61,2026-05-26 14:01:06,activity_started,counts={'antelope_like': 2},saved_frames/2026-05-26_14-01-06_activity_started.jpg
419ce077-66be-4490-9dc3-e7e60f637455,2026-05-26 14:01:06,new_species_detected,species=antelope_like,saved_frames/2026-05-26_14-01-06_new_antelope_like.jpg
2d851155-d95f-440e-8d94-ec6e0026fa8b,2026-05-26 14:01:06,large_group_detected,total_animals=3,saved_frames/2026-05-26_14-01-06_large_group.jpg
d23c3b88-dba6-4c93-8b3a-52f9d5df8376,2026-05-26 14:01:07,activity_ended,scene became empty,saved_frames/2026-05-26_14-01-07_activity_ended.jpg
a25e06b0-835d-4561-a519-24aacc010790,2026-05-26 14:01:07,activity_started,counts={'antelope_like': 1},saved_frames/2026-05-26_14-01-07_activity_started.jpg
2b036b26-16f1-451d-abd6-0e8870a64d95,2026-05-26 14:01:07,new_species_detected,species=antelope_like,saved_frames/2026-05-26_14-01-07_new_antelope_like.jpg
9e9e4559-633c-49e8-be82-72d90fb58c95,2026-05-26 14:01:09,activity_ended,scene became empty,saved_frames/2026-05-26_14-01-09_activity_ended.jpg
5a0b8769-e9c3-4a1a-b23b-adf1b906d270,2026-05-26 14:01:10,activity_started,counts={'antelope_like': 1},saved_frames/2026-05-26_14-01-10_activity_started.jpg
d796dc75-8da0-43d1-8f15-b4d36440b32b,2026-05-26 14:01:10,new_species_detected,species=antelope_like,saved_frames/2026-05-26_14-01-10_new_antelope_like.jpg
108197d0-32cf-4406-958f-7d81cd796d1d,2026-05-26 14:01:10,activity_ended,scene became empty,saved_frames/2026-05-26_14-01-10_activity_ended.jpg
68f33431-2cac-4b6b-95d1-d077a0b47f5c,2026-05-26 14:01:10,activity_started,counts={'antelope_like': 1},saved_frames/2026-05-26_14-01-10_activity_started.jpg
2a70bf36-74ec-4672-962b-ec0bbc6dfadf,2026-05-26 14:01:10,new_species_detected,species=antelope_like,saved_frames/2026-05-26_14-01-10_new_antelope_like.jpg
7fcf4bb7-68a4-4008-916b-2cffc1d5b578,2026-05-26 14:01:10,activity_ended,scene became empty,saved_frames/2026-05-26_14-01-10_activity_ended.jpg
96898984-1d7b-4d18-9b50-179d48aff3f0,2026-05-26 14:01:11,activity_started,counts={'antelope_like': 1},saved_frames/2026-05-26_14-01-11_activity_started.jpg
b2eb5011-b496-4d20-ab8f-69b61177ade7,2026-05-26 14:01:11,new_species_detected,species=antelope_like,saved_frames/2026-05-26_14-01-11_new_antelope_like.jpg
efd2636b-43cf-4b79-849f-e1de47a1a6a6,2026-05-26 14:01:11,activity_ended,scene became empty,saved_frames/2026-05-26_14-01-11_activity_ended.jpg
285e711f-357c-477d-bf47-c85ec818b223,2026-05-26 14:01:11,activity_started,counts={'antelope_like': 1},saved_frames/2026-05-26_14-01-11_activity_started.jpg
63e4041b-9300-4107-bdf9-f66391af01e0,2026-05-26 14:01:11,new_species_detected,species=antelope_like,saved_frames/2026-05-26_14-01-11_new_antelope_like.jpg
94cb8eba-4d2a-4b92-ad6d-702456db597d,2026-05-26 14:01:12,activity_ended,scene became empty,saved_frames/2026-05-26_14-01-12_activity_ended.jpg
afc7ccfa-40ae-4c48-b665-dc5c785f07e6,2026-05-26 14:01:12,activity_started,counts={'antelope_like': 1},saved_frames/2026-05-26_14-01-12_activity_started.jpg
398a6192-0c8c-4201-a2d6-e4cc6d81f7cc,2026-05-26 14:01:12,new_species_detected,species=antelope_like,saved_frames/2026-05-26_14-01-12_new_antelope_like.jpg
51f5fda8-577e-4127-bb03-c8d394a48c45,2026-05-26 14:01:14,activity_ended,scene became empty,saved_frames/2026-05-26_14-01-14_activity_ended.jpg
c24ec05f-7da9-4762-a19a-5019025cf20d,2026-05-26 14:01:14,activity_started,counts={'antelope_like': 1},saved_frames/2026-05-26_14-01-14_activity_started.jpg
b99c3bea-e455-4cd8-8ed4-cd455567bb9c,2026-05-26 14:01:14,new_species_detected,species=antelope_like,saved_frames/2026-05-26_14-01-14_new_antelope_like.jpg
b634dbab-160c-422e-b99f-be5c04b5c19c,2026-05-26 14:01:14,activity_ended,scene became empty,saved_frames/2026-05-26_14-01-14_activity_ended.jpg
fcad15fd-4085-4bb9-88c2-ec7b6824a7e0,2026-05-26 14:01:15,activity_started,counts={'antelope_like': 1},saved_frames/2026-05-26_14-01-15_activity_started.jpg
ec965477-50d9-46d9-8cab-813151bee125,2026-05-26 14:01:15,new_species_detected,species=antelope_like,saved_frames/2026-05-26_14-01-15_new_antelope_like.jpg
0d28dac7-b07f-499c-bb15-c80ba7d9fd73,2026-05-26 14:01:17,activity_ended,scene became empty,saved_frames/2026-05-26_14-01-17_activity_ended.jpg
fb94e471-d68b-4696-8595-2a10cbe3e474,2026-05-26 14:01:17,activity_started,counts={'antelope_like': 1},saved_frames/2026-05-26_14-01-17_activity_started.jpg
e8307b61-935e-4acd-b7f7-2e821e6ad6e9,2026-05-26 14:01:17,new_species_detected,species=antelope_like,saved_frames/2026-05-26_14-01-17_new_antelope_like.jpg
669c93b0-891a-4a6d-94ab-76c93efbf000,2026-05-26 14:01:17,activity_ended,scene became empty,saved_frames/2026-05-26_14-01-17_activity_ended.jpg
d9267140-5046-4614-85a1-b5fd4c1470a0,2026-05-26 14:01:18,activity_started,counts={'antelope_like': 1},saved_frames/2026-05-26_14-01-18_activity_started.jpg
22e582c2-851a-4c92-88fb-ab1ee68a01a1,2026-05-26 14:01:18,new_species_detected,species=antelope_like,saved_frames/2026-05-26_14-01-18_new_antelope_like.jpg
b88208a6-8925-4d76-9c03-7809222f7311,2026-05-26 14:01:18,activity_ended,scene became empty,saved_frames/2026-05-26_14-01-18_activity_ended.jpg
76e1f314-104f-4bf5-8c69-922bff612038,2026-05-26 14:01:19,activity_started,counts={'antelope_like': 1},saved_frames/2026-05-26_14-01-19_activity_started.jpg
85fd2154-09de-446c-b26d-caf7188d8908,2026-05-26 14:01:19,new_species_detected,species=antelope_like,saved_frames/2026-05-26_14-01-19_new_antelope_like.jpg
d7bfb62a-9617-4dec-92e6-b97ef55eda91,2026-05-26 14:01:19,large_group_detected,total_animals=3,saved_frames/2026-05-26_14-01-19_large_group.jpg
49362d5a-6b1d-40ad-9807-eeefde4ba3fb,2026-05-26 14:01:20,large_group_detected,total_animals=4,saved_frames/2026-05-26_14-01-20_large_group.jpg
774846f0-562a-4f21-bab7-cb5b3b5e2bf4,2026-05-26 14:01:21,large_group_detected,total_animals=3,saved_frames/2026-05-26_14-01-21_large_group.jpg
f83c798e-78ef-4407-b3c4-4768bc33b556,2026-05-26 14:01:22,large_group_detected,total_animals=3,saved_frames/2026-05-26_14-01-22_large_group.jpg
87c75bdc-ef48-4ecb-b613-c16a2fae37d3,2026-05-26 14:01:24,large_group_detected,total_animals=3,saved_frames/2026-05-26_14-01-24_large_group.jpg
5f7e02db-6a57-499a-9a90-d26557d5e148,2026-05-26 14:01:24,large_group_detected,total_animals=3,saved_frames/2026-05-26_14-01-24_large_group.jpg
9e92baf3-945d-41c9-be0c-0af8eb63575d,2026-05-26 14:01:25,large_group_detected,total_animals=3,saved_frames/2026-05-26_14-01-25_large_group.jpg
ff946296-1d74-463b-996e-b391478ee21c,2026-05-26 14:01:26,large_group_detected,total_animals=3,saved_frames/2026-05-26_14-01-26_large_group.jpg
ecde9fb8-a297-44d4-a77c-e31c2d830d65,2026-05-26 14:01:27,large_group_detected,total_animals=3,saved_frames/2026-05-26_14-01-27_large_group.jpg
498d3b88-4e3a-4a53-8772-808c4664a0f7,2026-05-26 14:01:28,large_group_detected,total_animals=3,saved_frames/2026-05-26_14-01-28_large_group.jpg
a53707ad-9a07-4cae-a253-6108e3db72e2,2026-05-26 14:01:29,large_group_detected,total_animals=3,saved_frames/2026-05-26_14-01-29_large_group.jpg
5cb2e0bd-b887-4c9b-bdd0-280e7e6b1877,2026-05-26 14:01:29,large_group_detected,total_animals=3,saved_frames/2026-05-26_14-01-29_large_group.jpg
75fa0a90-6b49-4017-b15f-97842d2e4d75,2026-05-26 14:01:30,large_group_detected,total_animals=3,saved_frames/2026-05-26_14-01-30_large_group.jpg
d39840db-b3e1-407e-bd71-c568262c1cab,2026-05-26 14:01:34,large_group_detected,total_animals=3,saved_frames/2026-05-26_14-01-34_large_group.jpg
6ba0051c-7385-452d-a739-49c7c071f1c6,2026-05-26 14:01:34,large_group_detected,total_animals=3,saved_frames/2026-05-26_14-01-34_large_group.jpg
38ddd130-1dee-45a7-9a2c-b04d2c550279,2026-05-26 14:01:34,large_group_detected,total_animals=3,saved_frames/2026-05-26_14-01-34_large_group.jpg
825af6af-3672-48ae-a000-9e75e315062b,2026-05-26 14:01:38,activity_ended,scene became empty,saved_frames/2026-05-26_14-01-38_activity_ended.jpg
a96dcff9-f4fe-4934-a926-ef1ef8b55e8f,2026-05-26 14:01:39,activity_started,counts={'antelope_like': 1},saved_frames/2026-05-26_14-01-39_activity_started.jpg
3f498123-f7a0-496c-9b9f-8f77b4d63ef7,2026-05-26 14:01:39,new_species_detected,species=antelope_like,saved_frames/2026-05-26_14-01-39_new_antelope_like.jpg
43bc205c-7a20-45d6-851e-fc1d2e534669,2026-05-26 14:01:39,activity_ended,scene became empty,saved_frames/2026-05-26_14-01-39_activity_ended.jpg
7d0260ce-7186-4a13-9154-24db1e6a480b,2026-05-26 14:01:39,activity_started,counts={'antelope_like': 2},saved_frames/2026-05-26_14-01-39_activity_started.jpg
ec6cb425-553d-47af-9c0a-c41cb279b8b7,2026-05-26 14:01:39,new_species_detected,species=antelope_like,saved_frames/2026-05-26_14-01-39_new_antelope_like.jpg
854c1512-ab6b-45f4-bac9-f688006d4f10,2026-05-26 14:01:41,large_group_detected,total_animals=3,saved_frames/2026-05-26_14-01-41_large_group.jpg
e0793455-7bfa-46d8-84cb-c8aa4b6563ee,2026-05-26 14:01:42,large_group_detected,total_animals=3,saved_frames/2026-05-26_14-01-42_large_group.jpg
15d03931-b266-4fe6-85e4-2bd41b8c1fe8,2026-05-26 14:01:50,large_group_detected,total_animals=3,saved_frames/2026-05-26_14-01-50_large_group.jpg
637c4363-29ba-4089-9c9e-fdb0c5cb550e,2026-05-26 14:01:53,large_group_detected,total_animals=3,saved_frames/2026-05-26_14-01-53_large_group.jpg
134efae7-70b6-47be-965c-03b1437ae359,2026-05-26 14:02:00,large_group_detected,total_animals=3,saved_frames/2026-05-26_14-02-00_large_group.jpg
38f2ca54-6dab-4947-bc0c-645f2772b732,2026-05-26 14:02:03,large_group_detected,total_animals=3,saved_frames/2026-05-26_14-02-03_large_group.jpg
d270178e-9eb0-46cf-9f66-dba572a91cd6,2026-05-26 14:02:05,large_group_detected,total_animals=3,saved_frames/2026-05-26_14-02-05_large_group.jpg
a538d62a-c3e9-4e77-830f-080a719eada8,2026-05-26 14:02:07,large_group_detected,total_animals=3,saved_frames/2026-05-26_14-02-07_large_group.jpg
34a9cbf5-74fe-4d18-b109-3de983524b86,2026-05-26 14:02:08,new_species_detected,species=ungulate,saved_frames/2026-05-26_14-02-08_new_ungulate.jpg
70c36fc5-c5cf-4057-858c-c2cac504f05f,2026-05-26 14:02:08,multi_species_detected,"species=['antelope_like', 'ungulate']",saved_frames/2026-05-26_14-02-08_multi_species.jpg
d3d36024-b7df-44d4-98d4-618dff4e74d6,2026-05-26 14:02:08,large_group_detected,total_animals=3,saved_frames/2026-05-26_14-02-08_large_group.jpg
d33783e8-b035-4255-afdf-5964051b2716,2026-05-26 14:02:08,new_species_detected,species=ungulate,saved_frames/2026-05-26_14-02-08_new_ungulate.jpg
5590bfca-4ddc-4e0b-af7a-5ef0304b9e64,2026-05-26 14:02:08,multi_species_detected,"species=['antelope_like', 'ungulate']",saved_frames/2026-05-26_14-02-08_multi_species.jpg
325528db-7ab5-4237-a3ac-031fa2a5e9a4,2026-05-26 14:02:08,large_group_detected,total_animals=3,saved_frames/2026-05-26_14-02-08_large_group.jpg
06d31c8f-18ab-4bf8-b613-76ce75b3f4cd,2026-05-26 14:02:09,large_group_detected,total_animals=3,saved_frames/2026-05-26_14-02-09_large_group.jpg
55535479-b0fa-4409-90ad-77283567d37a,2026-05-26 14:02:09,large_group_detected,total_animals=3,saved_frames/2026-05-26_14-02-09_large_group.jpg
e3916c17-3cf1-4ae3-8e73-defda755c5a0,2026-05-26 14:02:10,large_group_detected,total_animals=3,saved_frames/2026-05-26_14-02-10_large_group.jpg
161bdeda-40bb-482a-ab5e-9adbe67c8fa8,2026-05-26 14:02:10,large_group_detected,total_animals=3,saved_frames/2026-05-26_14-02-10_large_group.jpg
7402df9e-72c5-4519-b09d-492d5a4144ab,2026-05-26 14:02:11,large_group_detected,total_animals=3,saved_frames/2026-05-26_14-02-11_large_group.jpg
aa679b35-85fd-49bb-814d-39df8176f7d5,2026-05-26 14:02:11,large_group_detected,total_animals=3,saved_frames/2026-05-26_14-02-11_large_group.jpg
fc264383-dbf9-4d0e-9613-39d25215bae9,2026-05-26 14:02:13,large_group_detected,total_animals=3,saved_frames/2026-05-26_14-02-13_large_group.jpg
774b098f-9d6a-4962-a771-9df2d72c8563,2026-05-26 14:02:15,large_group_detected,total_animals=3,saved_frames/2026-05-26_14-02-15_large_group.jpg
a482c8da-2013-4400-96b4-904b0b2c3942,2026-05-26 14:02:17,large_group_detected,total_animals=4,saved_frames/2026-05-26_14-02-17_large_group.jpg
024abbe0-21ad-48ee-b7c2-92cd1bc8f968,2026-05-26 14:03:01,large_group_detected,total_animals=4,saved_frames/2026-05-26_14-03-01_large_group.jpg
c2686238-6bd0-4f05-a6c9-f800cec34d20,2026-05-26 14:03:03,large_group_detected,total_animals=4,saved_frames/2026-05-26_14-03-03_large_group.jpg
29ac3a32-0f69-438b-a3b3-8967308baacd,2026-05-26 14:03:07,large_group_detected,total_animals=3,saved_frames/2026-05-26_14-03-07_large_group.jpg
2b20a625-298f-4cb5-9a28-e3ce9c14a0d6,2026-05-26 14:03:09,large_group_detected,total_animals=3,saved_frames/2026-05-26_14-03-09_large_group.jpg
3da72576-e229-4c21-9ab2-3f02588d3974,2026-05-26 14:03:27,large_group_detected,total_animals=3,saved_frames/2026-05-26_14-03-27_large_group.jpg
45d529f4-1024-4faf-ae60-a66f5733eef4,2026-05-26 14:03:27,large_group_detected,total_animals=3,saved_frames/2026-05-26_14-03-27_large_group.jpg
b15a47b1-bf54-4107-b63a-0f3c6d622f0e,2026-05-26 14:03:28,large_group_detected,total_animals=3,saved_frames/2026-05-26_14-03-28_large_group.jpg
375e8fca-f1a1-444d-9368-3a2be7061756,2026-05-26 14:03:34,large_group_detected,total_animals=3,saved_frames/2026-05-26_14-03-34_large_group.jpg
bcd997d3-53d7-49f3-b101-97ec60842d3c,2026-05-26 14:03:48,large_group_detected,total_animals=3,saved_frames/2026-05-26_14-03-48_large_group.jpg
7ceab5d4-1402-4c68-806e-db42a33305cf,2026-05-26 14:03:48,large_group_detected,total_animals=3,saved_frames/2026-05-26_14-03-48_large_group.jpg
8bb4bef8-eab1-4017-93ad-b2a62079ee08,2026-05-26 14:03:55,large_group_detected,total_animals=3,saved_frames/2026-05-26_14-03-55_large_group.jpg
53dc75ee-7520-4097-99bc-8057a08bfb27,2026-05-26 14:03:55,large_group_detected,total_animals=4,saved_frames/2026-05-26_14-03-55_large_group.jpg
ab0eb567-6b9a-4bee-a94d-5126a5249e38,2026-05-26 14:03:56,large_group_detected,total_animals=4,saved_frames/2026-05-26_14-03-56_large_group.jpg
31b05d04-86ba-49c9-80fd-81c1f7555f5e,2026-05-26 14:04:02,large_group_detected,total_animals=3,saved_frames/2026-05-26_14-04-02_large_group.jpg
7174e33f-568b-4b39-afa9-d3932c12c3d4,2026-05-26 14:04:02,large_group_detected,total_animals=3,saved_frames/2026-05-26_14-04-02_large_group.jpg
7995f3d8-3f1e-47fa-b359-d6937723668d,2026-05-26 14:04:04,large_group_detected,total_animals=3,saved_frames/2026-05-26_14-04-04_large_group.jpg
c2bf1cf6-384b-41fe-b562-fea8049db110,2026-05-26 14:04:10,large_group_detected,total_animals=3,saved_frames/2026-05-26_14-04-10_large_group.jpg
3d264ac9-80ff-4a2a-a9ca-79aa26f67656,2026-05-26 14:04:10,large_group_detected,total_animals=3,saved_frames/2026-05-26_14-04-10_large_group.jpg
28b41df6-0469-48ac-b27d-6be3f3787c14,2026-05-26 14:04:10,large_group_detected,total_animals=3,saved_frames/2026-05-26_14-04-10_large_group.jpg
54d72215-3131-436c-8963-6053c4699161,2026-05-26 14:04:12,new_species_detected,species=ungulate,saved_frames/2026-05-26_14-04-12_new_ungulate.jpg
4575be4f-ba84-4628-b465-bf70c8df75a8,2026-05-26 14:04:12,multi_species_detected,"species=['antelope_like', 'ungulate']",saved_frames/2026-05-26_14-04-12_multi_species.jpg
7c1b016d-3286-4c0a-b34e-2b6abd7e9f85,2026-05-26 14:04:12,new_species_detected,species=ungulate,saved_frames/2026-05-26_14-04-12_new_ungulate.jpg
781cb39d-3cfa-4f73-8c41-fba43d3334ed,2026-05-26 14:04:12,multi_species_detected,"species=['antelope_like', 'ungulate']",saved_frames/2026-05-26_14-04-12_multi_species.jpg
4c5f0e10-80d0-420f-a2d3-ace6b060d256,2026-05-26 14:04:14,large_group_detected,total_animals=3,saved_frames/2026-05-26_14-04-14_large_group.jpg
2ecf5bef-e764-4917-958e-41b0a7d5fb0c,2026-05-26 14:04:18,large_group_detected,total_animals=3,saved_frames/2026-05-26_14-04-18_large_group.jpg
86d2d6f3-68bd-4213-a909-c5be9e8245e8,2026-05-26 14:04:18,large_group_detected,total_animals=3,saved_frames/2026-05-26_14-04-18_large_group.jpg
2ef13f69-e243-46c7-bc44-843bf913441f,2026-05-26 14:04:19,new_species_detected,species=ungulate,saved_frames/2026-05-26_14-04-19_new_ungulate.jpg
16fa15f6-50bd-4f85-92be-28412127a1e7,2026-05-26 14:04:19,multi_species_detected,"species=['antelope_like', 'ungulate']",saved_frames/2026-05-26_14-04-19_multi_species.jpg
8ebf5854-2430-42a4-aaa8-3ce81860b030,2026-05-26 14:04:19,new_species_detected,species=ungulate,saved_frames/2026-05-26_14-04-19_new_ungulate.jpg
5075cca0-9e5f-4a42-a14d-044ca0db16cb,2026-05-26 14:04:19,multi_species_detected,"species=['antelope_like', 'ungulate']",saved_frames/2026-05-26_14-04-19_multi_species.jpg
df1819a8-ee4b-409a-9f6b-66dfd2374817,2026-05-26 14:04:20,new_species_detected,species=ungulate,saved_frames/2026-05-26_14-04-20_new_ungulate.jpg
b6e96d0f-5146-498d-95d7-c82572519546,2026-05-26 14:04:20,multi_species_detected,"species=['antelope_like', 'ungulate']",saved_frames/2026-05-26_14-04-20_multi_species.jpg
3b6d4411-ebe7-4fdf-a3e9-b618e3e81abf,2026-05-26 14:04:20,new_species_detected,species=ungulate,saved_frames/2026-05-26_14-04-20_new_ungulate.jpg
e00f49bd-fc7d-4dda-a32c-c18f20414429,2026-05-26 14:04:20,multi_species_detected,"species=['antelope_like', 'ungulate']",saved_frames/2026-05-26_14-04-20_multi_species.jpg
021ab464-b60a-4660-9d51-76a3d89fa5cf,2026-05-26 14:04:21,new_species_detected,species=ungulate,saved_frames/2026-05-26_14-04-21_new_ungulate.jpg
55a9b660-8b7a-4076-9c3d-d5d345b5898b,2026-05-26 14:04:21,multi_species_detected,"species=['antelope_like', 'ungulate']",saved_frames/2026-05-26_14-04-21_multi_species.jpg
5971b2b4-33a6-4b19-a0f3-b8d20340d7b7,2026-05-26 14:04:21,new_species_detected,species=ungulate,saved_frames/2026-05-26_14-04-21_new_ungulate.jpg
255a8796-3681-46c4-8137-1648461d3abf,2026-05-26 14:04:21,multi_species_detected,"species=['antelope_like', 'ungulate']",saved_frames/2026-05-26_14-04-21_multi_species.jpg
ac9d701c-111b-41ee-be91-f1fbde29cf6f,2026-05-26 14:04:25,large_group_detected,total_animals=4,saved_frames/2026-05-26_14-04-25_large_group.jpg
1b98bb0c-c3dd-462e-8b47-91d28c7fd97c,2026-05-26 14:04:25,large_group_detected,total_animals=4,saved_frames/2026-05-26_14-04-25_large_group.jpg
e406c580-45fa-4a52-af24-07df99c1fa20,2026-05-26 14:04:26,large_group_detected,total_animals=3,saved_frames/2026-05-26_14-04-26_large_group.jpg
bf6d225b-bacd-4889-a8ff-a46276e624a5,2026-05-26 14:04:26,large_group_detected,total_animals=4,saved_frames/2026-05-26_14-04-26_large_group.jpg
402b8fd7-f5f7-479b-b6a2-6d29c149539a,2026-05-26 14:04:29,large_group_detected,total_animals=3,saved_frames/2026-05-26_14-04-29_large_group.jpg
e1968773-eb36-4046-89d2-02039ccf2f44,2026-05-26 14:04:29,large_group_detected,total_animals=3,saved_frames/2026-05-26_14-04-29_large_group.jpg
dd25253d-1d8a-4c01-9f93-f432b0da6d49,2026-05-26 14:04:31,large_group_detected,total_animals=3,saved_frames/2026-05-26_14-04-31_large_group.jpg
46a0a2b0-b9bb-48ca-b8ab-5adf42089cc4,2026-05-26 14:04:33,new_species_detected,species=ungulate,saved_frames/2026-05-26_14-04-33_new_ungulate.jpg
ffa808cc-2ab8-4c00-81b7-c8447ce1e6ce,2026-05-26 14:04:33,multi_species_detected,"species=['antelope_like', 'ungulate']",saved_frames/2026-05-26_14-04-33_multi_species.jpg
bd93ded9-744d-4b8c-8667-eab998669c01,2026-05-26 14:04:33,large_group_detected,total_animals=3,saved_frames/2026-05-26_14-04-33_large_group.jpg
53a7623c-deed-4760-b784-a1e230239c5e,2026-05-26 14:04:35,large_group_detected,total_animals=3,saved_frames/2026-05-26_14-04-35_large_group.jpg
3d3f8fd9-0c05-4e09-88bb-aa42927ef108,2026-05-26 14:04:36,large_group_detected,total_animals=3,saved_frames/2026-05-26_14-04-36_large_group.jpg
7496f95f-98c4-465f-9b6d-a2c03a26d620,2026-05-26 14:04:38,large_group_detected,total_animals=4,saved_frames/2026-05-26_14-04-38_large_group.jpg
1ddcd0b6-dc85-443e-b354-25ec4d2d7b3f,2026-05-26 14:04:38,large_group_detected,total_animals=3,saved_frames/2026-05-26_14-04-38_large_group.jpg
a465269c-d2d8-420c-baf0-5a42431ff2ae,2026-05-26 14:04:40,large_group_detected,total_animals=3,saved_frames/2026-05-26_14-04-40_large_group.jpg
19e502bb-ef37-4141-afb1-77c10d8f5cd5,2026-05-26 14:04:41,large_group_detected,total_animals=3,saved_frames/2026-05-26_14-04-41_large_group.jpg
9a4980d1-7fcd-4c54-aeeb-4bf344c216d9,2026-05-26 14:04:41,large_group_detected,total_animals=3,saved_frames/2026-05-26_14-04-41_large_group.jpg
5fa81e28-0b80-4bbe-abf1-1486929d6d31,2026-05-26 14:04:41,large_group_detected,total_animals=3,saved_frames/2026-05-26_14-04-41_large_group.jpg
9990d4de-2726-4f23-81c8-5a2617e35bd5,2026-05-26 14:04:42,large_group_detected,total_animals=3,saved_frames/2026-05-26_14-04-42_large_group.jpg
9175dca2-0c1b-436f-b211-dc74f77844de,2026-05-26 14:04:42,large_group_detected,total_animals=3,saved_frames/2026-05-26_14-04-42_large_group.jpg
dc8b9423-161b-49b9-a994-8242110ebaf7,2026-05-26 14:04:43,large_group_detected,total_animals=3,saved_frames/2026-05-26_14-04-43_large_group.jpg
0583f9ed-c13d-43ec-b6bb-74074f3623f6,2026-05-26 14:04:44,new_species_detected,species=ungulate,saved_frames/2026-05-26_14-04-44_new_ungulate.jpg
c12ee58d-7872-41ed-a82e-abee2eeac198,2026-05-26 14:04:44,multi_species_detected,"species=['antelope_like', 'ungulate']",saved_frames/2026-05-26_14-04-44_multi_species.jpg
add66b0d-e479-4a9e-960b-e1660b13ddde,2026-05-26 14:04:44,large_group_detected,total_animals=3,saved_frames/2026-05-26_14-04-44_large_group.jpg
d51f4bd7-f7ef-4141-b6c8-a4cfb3f492d1,2026-05-26 14:04:47,large_group_detected,total_animals=3,saved_frames/2026-05-26_14-04-47_large_group.jpg
57eadbe2-27bf-46d8-936f-c5071b544c9f,2026-05-26 14:04:47,new_species_detected,species=ungulate,saved_frames/2026-05-26_14-04-47_new_ungulate.jpg
8d103256-0e45-4286-8ac6-34c69cf12fd2,2026-05-26 14:04:47,multi_species_detected,"species=['antelope_like', 'ungulate']",saved_frames/2026-05-26_14-04-47_multi_species.jpg
06f2d4e2-2365-405f-b4c4-62fe4d1e3fc4,2026-05-26 14:04:49,new_species_detected,species=ungulate,saved_frames/2026-05-26_14-04-49_new_ungulate.jpg
aeebeb0e-4f12-43cf-811a-b147faecccae,2026-05-26 14:04:49,multi_species_detected,"species=['antelope_like', 'ungulate']",saved_frames/2026-05-26_14-04-49_multi_species.jpg
706524dc-d00d-40bc-b4f3-34d2f7433524,2026-05-26 14:04:49,large_group_detected,total_animals=3,saved_frames/2026-05-26_14-04-49_large_group.jpg
9e3e9581-9b3d-4298-93eb-f4df6bcc8e47,2026-05-26 14:04:49,large_group_detected,total_animals=3,saved_frames/2026-05-26_14-04-49_large_group.jpg
f9042769-49b5-4c8d-a4e4-8787c744510e,2026-05-26 14:04:51,large_group_detected,total_animals=3,saved_frames/2026-05-26_14-04-51_large_group.jpg
61941c6f-e432-4e7c-a384-72f48173b5fb,2026-05-26 14:04:51,large_group_detected,total_animals=3,saved_frames/2026-05-26_14-04-51_large_group.jpg
293a9e2a-309a-48c6-a5af-c5c3682729e7,2026-05-26 14:04:52,large_group_detected,total_animals=3,saved_frames/2026-05-26_14-04-52_large_group.jpg
a8b72696-985f-4914-bfb0-6858ab528d9b,2026-05-26 14:04:53,large_group_detected,total_animals=3,saved_frames/2026-05-26_14-04-53_large_group.jpg
4a66d636-86ae-4798-8f85-f707f0ea21fe,2026-05-26 14:04:55,large_group_detected,total_animals=3,saved_frames/2026-05-26_14-04-55_large_group.jpg
c203cb7d-03e7-4be4-aee1-bf1305b7f4f1,2026-05-26 14:04:57,large_group_detected,total_animals=3,saved_frames/2026-05-26_14-04-57_large_group.jpg
fd81a2f2-103f-40bf-b486-0fe1bb05a433,2026-05-26 14:04:58,large_group_detected,total_animals=3,saved_frames/2026-05-26_14-04-58_large_group.jpg
8a5e49f9-c576-402f-a54a-fa165232274a,2026-05-26 14:05:00,large_group_detected,total_animals=3,saved_frames/2026-05-26_14-05-00_large_group.jpg
2a33d72c-eb8c-40ae-b0c4-97c7dc8c18db,2026-05-26 14:05:02,large_group_detected,total_animals=3,saved_frames/2026-05-26_14-05-02_large_group.jpg
3337b322-d21c-477e-8143-c7fb9edd2a54,2026-05-26 14:05:03,large_group_detected,total_animals=4,saved_frames/2026-05-26_14-05-03_large_group.jpg
eef52f1c-efc7-40ff-bf21-004f44d08a92,2026-05-26 14:05:03,new_species_detected,species=ungulate,saved_frames/2026-05-26_14-05-03_new_ungulate.jpg
7be06158-77a5-4c10-9fc1-14860f211868,2026-05-26 14:05:03,multi_species_detected,"species=['antelope_like', 'ungulate']",saved_frames/2026-05-26_14-05-03_multi_species.jpg
b0576e59-04e5-4b8c-a8c6-2ba6c9e6bee2,2026-05-26 14:05:06,large_group_detected,total_animals=3,saved_frames/2026-05-26_14-05-06_large_group.jpg
5df5392a-e64e-4732-bc9c-b8e0900616ab,2026-05-26 14:05:07,large_group_detected,total_animals=3,saved_frames/2026-05-26_14-05-07_large_group.jpg
88b905a1-7e20-4139-8973-e76cb5bb668b,2026-05-26 14:05:07,large_group_detected,total_animals=3,saved_frames/2026-05-26_14-05-07_large_group.jpg
199fa665-d08f-4cce-9a3a-e4fb752aea80,2026-05-26 14:05:08,large_group_detected,total_animals=3,saved_frames/2026-05-26_14-05-08_large_group.jpg
4a225508-dc17-4194-88eb-2ea68f1f94f3,2026-05-26 14:05:08,large_group_detected,total_animals=3,saved_frames/2026-05-26_14-05-08_large_group.jpg
63fe4c37-bcc3-4863-b92f-814bb023ce31,2026-05-26 14:05:09,large_group_detected,total_animals=3,saved_frames/2026-05-26_14-05-09_large_group.jpg
e577e84b-3de7-4712-b4cf-61794b325f50,2026-05-26 14:05:11,large_group_detected,total_animals=3,saved_frames/2026-05-26_14-05-11_large_group.jpg
7b9d0b95-d90f-4ff9-a532-c1bea220a782,2026-05-26 14:05:11,large_group_detected,total_animals=3,saved_frames/2026-05-26_14-05-11_large_group.jpg
25b88073-5110-42da-b5cc-88efe1a3c989,2026-05-26 14:05:12,new_species_detected,species=elephant,saved_frames/2026-05-26_14-05-12_new_elephant.jpg
d843b08c-f4aa-4b78-af39-4c21c16f117c,2026-05-26 14:05:12,multi_species_detected,"species=['antelope_like', 'elephant']",saved_frames/2026-05-26_14-05-12_multi_species.jpg
68999793-3dcf-4469-981b-fc9faf360482,2026-05-26 14:05:21,new_species_detected,species=elephant,saved_frames/2026-05-26_14-05-21_new_elephant.jpg
52306e27-fb62-42dd-aff2-1dd3f591ce18,2026-05-26 14:05:21,multi_species_detected,"species=['antelope_like', 'elephant']",saved_frames/2026-05-26_14-05-21_multi_species.jpg
a30e673d-a1de-47d7-a9a4-1cdc9f7f79cd,2026-05-26 14:05:48,large_group_detected,total_animals=3,saved_frames/2026-05-26_14-05-48_large_group.jpg
2616c051-9eab-49f8-aef1-4f2d4bb66271,2026-05-26 14:05:48,new_species_detected,species=ungulate,saved_frames/2026-05-26_14-05-48_new_ungulate.jpg
d02501f8-3420-4c5e-9e27-67d1b683bdf4,2026-05-26 14:05:48,multi_species_detected,"species=['antelope_like', 'ungulate']",saved_frames/2026-05-26_14-05-48_multi_species.jpg
f94ff0e6-56b4-42e5-91fa-f62ef1ae9416,2026-05-26 14:05:49,large_group_detected,total_animals=3,saved_frames/2026-05-26_14-05-49_large_group.jpg
d89125c2-52b8-406c-a0c0-74de9cbc7d4d,2026-05-26 14:05:50,large_group_detected,total_animals=3,saved_frames/2026-05-26_14-05-50_large_group.jpg
ed0262f7-a5b4-49da-8f80-56b6f0be76e2,2026-05-26 14:05:51,large_group_detected,total_animals=3,saved_frames/2026-05-26_14-05-51_large_group.jpg
22204a81-2747-406b-bc19-0a47338ce076,2026-05-26 14:05:52,large_group_detected,total_animals=3,saved_frames/2026-05-26_14-05-52_large_group.jpg
1ed15b37-ad35-4b14-91e8-0b51e49fb9ac,2026-05-26 14:05:52,large_group_detected,total_animals=3,saved_frames/2026-05-26_14-05-52_large_group.jpg
6db94382-f9a2-4c35-b5a2-2b4378ee98a7,2026-05-26 14:05:54,large_group_detected,total_animals=3,saved_frames/2026-05-26_14-05-54_large_group.jpg
a2256aee-8e32-4688-9b9e-ce17b73e88e1,2026-05-26 14:05:55,large_group_detected,total_animals=3,saved_frames/2026-05-26_14-05-55_large_group.jpg
a90fc2ee-cb44-436f-8a01-e68cd59a3729,2026-05-26 14:05:55,large_group_detected,total_animals=3,saved_frames/2026-05-26_14-05-55_large_group.jpg
92956f73-fb72-42df-bad2-b1a5a6986442,2026-05-26 14:05:55,large_group_detected,total_animals=3,saved_frames/2026-05-26_14-05-55_large_group.jpg
53c44928-063f-4ac9-89ed-e67406617294,2026-05-26 14:05:57,large_group_detected,total_animals=3,saved_frames/2026-05-26_14-05-57_large_group.jpg
bf643a6d-6529-4aed-9402-bcbc508c438a,2026-05-26 14:05:58,large_group_detected,total_animals=3,saved_frames/2026-05-26_14-05-58_large_group.jpg
059a2696-10e4-4b7b-9f24-b451ac719fd6,2026-05-26 14:05:58,large_group_detected,total_animals=3,saved_frames/2026-05-26_14-05-58_large_group.jpg
f0825bae-a129-4e5e-92ea-97ce4be76738,2026-05-26 14:06:15,large_group_detected,total_animals=4,saved_frames/2026-05-26_14-06-15_large_group.jpg
31ec5437-c17e-4490-8705-a901097ac62a,2026-05-26 14:06:16,large_group_detected,total_animals=4,saved_frames/2026-05-26_14-06-16_large_group.jpg
5228759c-fd9e-4193-8d0a-3bb6b1886c77,2026-05-26 14:06:43,large_group_detected,total_animals=3,saved_frames/2026-05-26_14-06-43_large_group.jpg
e73ec8b1-52d7-4238-bb75-1658b9626d07,2026-05-26 14:06:44,large_group_detected,total_animals=3,saved_frames/2026-05-26_14-06-44_large_group.jpg
530bca73-827e-4931-b723-6e229b807dac,2026-05-26 14:06:44,large_group_detected,total_animals=4,saved_frames/2026-05-26_14-06-44_large_group.jpg
e8158ebe-8062-46ce-b056-a7c7028835e6,2026-05-26 14:06:45,large_group_detected,total_animals=3,saved_frames/2026-05-26_14-06-45_large_group.jpg
21968ae8-7ce2-4573-ab5f-45140d4eb8dd,2026-05-26 14:07:18,new_species_detected,species=ungulate,saved_frames/2026-05-26_14-07-18_new_ungulate.jpg
75fda4a7-61b6-40dc-baba-33825fdec1bf,2026-05-26 14:07:18,multi_species_detected,"species=['antelope_like', 'ungulate']",saved_frames/2026-05-26_14-07-18_multi_species.jpg
5b55c1b7-d7e0-469e-958d-346654511aab,2026-05-26 14:07:19,new_species_detected,species=ungulate,saved_frames/2026-05-26_14-07-19_new_ungulate.jpg
09063620-f07b-42fd-86e1-319753763c02,2026-05-26 14:07:19,multi_species_detected,"species=['antelope_like', 'ungulate']",saved_frames/2026-05-26_14-07-19_multi_species.jpg
96292016-3b10-4df7-a171-b821e9a249e0,2026-05-26 14:07:19,new_species_detected,species=ungulate,saved_frames/2026-05-26_14-07-19_new_ungulate.jpg
282b4759-c2d2-4cb4-9f6c-72224594378e,2026-05-26 14:07:19,multi_species_detected,"species=['antelope_like', 'ungulate']",saved_frames/2026-05-26_14-07-19_multi_species.jpg
25415b95-c0e1-42d7-bd21-46aa9f15cddd,2026-05-26 14:07:19,new_species_detected,species=ungulate,saved_frames/2026-05-26_14-07-19_new_ungulate.jpg
3f0d88d5-1c3f-400c-ad79-2822c077f6d1,2026-05-26 14:07:19,multi_species_detected,"species=['antelope_like', 'ungulate']",saved_frames/2026-05-26_14-07-19_multi_species.jpg
957cc4ee-088b-47a6-9faf-1ba00cf30b9e,2026-05-26 14:07:20,new_species_detected,species=ungulate,saved_frames/2026-05-26_14-07-20_new_ungulate.jpg
dc20afc8-2043-43a5-ad23-e2b561d7294e,2026-05-26 14:07:20,multi_species_detected,"species=['antelope_like', 'ungulate']",saved_frames/2026-05-26_14-07-20_multi_species.jpg
e4f84e4d-2237-4984-b6b0-9b070fc5519e,2026-05-26 14:07:22,large_group_detected,total_animals=3,saved_frames/2026-05-26_14-07-22_large_group.jpg
70003f09-716e-449e-bff4-d9dbbbf17e3f,2026-05-26 14:07:22,large_group_detected,total_animals=4,saved_frames/2026-05-26_14-07-22_large_group.jpg
3e039e3b-ac8d-45a4-863c-a16b57b412ed,2026-05-26 14:07:23,large_group_detected,total_animals=3,saved_frames/2026-05-26_14-07-23_large_group.jpg
32a90d60-0861-4bd6-82b3-448a375107df,2026-05-26 14:07:23,new_species_detected,species=ungulate,saved_frames/2026-05-26_14-07-23_new_ungulate.jpg
50847068-dbf0-462e-b652-d1be382567b4,2026-05-26 14:07:23,multi_species_detected,"species=['antelope_like', 'ungulate']",saved_frames/2026-05-26_14-07-23_multi_species.jpg
af2e97db-4b9b-46a5-ad71-4c266277d012,2026-05-26 14:07:23,new_species_detected,species=ungulate,saved_frames/2026-05-26_14-07-23_new_ungulate.jpg
f2773c2c-3b73-4ffb-9dcc-adb34024673e,2026-05-26 14:07:23,multi_species_detected,"species=['antelope_like', 'ungulate']",saved_frames/2026-05-26_14-07-23_multi_species.jpg
68857817-a5d4-4049-8326-3c5dafbe19a0,2026-05-26 14:07:23,large_group_detected,total_animals=3,saved_frames/2026-05-26_14-07-23_large_group.jpg
42f40b9a-6b57-4ce4-9d10-2036bb998637,2026-05-26 14:07:24,large_group_detected,total_animals=3,saved_frames/2026-05-26_14-07-24_large_group.jpg
55fa430a-a59a-424f-9f0a-0848eedc888b,2026-05-26 14:07:25,large_group_detected,total_animals=3,saved_frames/2026-05-26_14-07-25_large_group.jpg
28e8a97e-e366-4965-8c60-4f5ca6295d87,2026-05-26 14:07:27,large_group_detected,total_animals=3,saved_frames/2026-05-26_14-07-27_large_group.jpg
879e2614-262f-493b-a48c-c77de6dc8ec8,2026-05-26 14:07:27,large_group_detected,total_animals=3,saved_frames/2026-05-26_14-07-27_large_group.jpg
1cbd6406-a72b-4c73-a7c2-9aced28800de,2026-05-26 14:07:29,large_group_detected,total_animals=3,saved_frames/2026-05-26_14-07-29_large_group.jpg
dac3a350-16a7-43e7-ba3e-c8fc5671c77a,2026-05-26 14:07:29,large_group_detected,total_animals=3,saved_frames/2026-05-26_14-07-29_large_group.jpg
08b4da16-9f70-4158-a050-5503649eb2e2,2026-05-26 14:07:32,activity_ended,scene became empty,saved_frames/2026-05-26_14-07-32_activity_ended.jpg
0a90796f-25d1-4ad4-91be-f57b9fa23769,2026-05-26 14:07:32,activity_started,counts={'antelope_like': 1},saved_frames/2026-05-26_14-07-32_activity_started.jpg
1f32963f-1f8b-40be-bd71-200a91d51892,2026-05-26 14:07:32,new_species_detected,species=antelope_like,saved_frames/2026-05-26_14-07-32_new_antelope_like.jpg
69ac17a5-fcbc-4bf2-9225-c289b0078aca,2026-05-26 14:07:32,new_species_detected,species=ungulate,saved_frames/2026-05-26_14-07-32_new_ungulate.jpg
006f6566-1ade-4145-8dcd-7c68eb0d056d,2026-05-26 14:07:33,new_species_detected,species=antelope_like,saved_frames/2026-05-26_14-07-33_new_antelope_like.jpg
ff73abc8-3fb6-44c9-99ef-ca39b2146035,2026-05-26 14:07:33,multi_species_detected,"species=['antelope_like', 'ungulate']",saved_frames/2026-05-26_14-07-33_multi_species.jpg
cb0fb908-ffd8-48c3-8308-8d78e3d04f13,2026-05-26 14:07:33,new_species_detected,species=antelope_like,saved_frames/2026-05-26_14-07-33_new_antelope_like.jpg
a3c72ee4-fa2f-493c-a6e0-4f2196849b89,2026-05-26 14:07:33,multi_species_detected,"species=['antelope_like', 'ungulate']",saved_frames/2026-05-26_14-07-33_multi_species.jpg
0ad1cffc-a03e-4429-8973-0b18cf995510,2026-05-26 14:07:33,large_group_detected,total_animals=3,saved_frames/2026-05-26_14-07-33_large_group.jpg
8d963b8a-06c1-4819-864f-1bd50b70380b,2026-05-26 14:07:34,new_species_detected,species=antelope_like,saved_frames/2026-05-26_14-07-34_new_antelope_like.jpg
d2f4a1e0-17eb-47a8-9ebd-32054b890eb6,2026-05-26 14:07:34,activity_ended,scene became empty,saved_frames/2026-05-26_14-07-34_activity_ended.jpg
d07d1904-3ec8-431a-8300-88e320aef3c6,2026-05-26 14:07:35,activity_started,counts={'antelope_like': 2},saved_frames/2026-05-26_14-07-35_activity_started.jpg
8afd3cdd-5d0c-4cce-8e2a-2a1921c12242,2026-05-26 14:07:35,new_species_detected,species=antelope_like,saved_frames/2026-05-26_14-07-35_new_antelope_like.jpg
80bbe69d-0b74-48d9-af72-8a042bc91da3,2026-05-26 14:07:36,large_group_detected,total_animals=3,saved_frames/2026-05-26_14-07-36_large_group.jpg
be5f7502-04fb-4f79-9c7d-992842ba244f,2026-05-26 14:07:37,new_species_detected,species=ungulate,saved_frames/2026-05-26_14-07-37_new_ungulate.jpg
4d19b32e-4ec9-48a1-a563-89bc101656c2,2026-05-26 14:07:37,multi_species_detected,"species=['antelope_like', 'ungulate']",saved_frames/2026-05-26_14-07-37_multi_species.jpg
51556592-ad4c-4498-8b3c-85cf826abb08,2026-05-26 14:07:38,new_species_detected,species=antelope_like,saved_frames/2026-05-26_14-07-38_new_antelope_like.jpg
e2e91868-5014-43fb-b3f2-641916eaefa3,2026-05-26 14:07:38,multi_species_detected,"species=['antelope_like', 'ungulate']",saved_frames/2026-05-26_14-07-38_multi_species.jpg
6674d2e2-bc03-491e-8e66-e363c458b2c2,2026-05-26 14:07:38,large_group_detected,total_animals=3,saved_frames/2026-05-26_14-07-38_large_group.jpg
c8275c91-c889-4c90-88b2-905ef18a6ff0,2026-05-26 14:07:39,new_species_detected,species=antelope_like,saved_frames/2026-05-26_14-07-39_new_antelope_like.jpg
243f34ee-a932-4acd-a88e-1cf43b3e4877,2026-05-26 14:07:39,multi_species_detected,"species=['antelope_like', 'ungulate']",saved_frames/2026-05-26_14-07-39_multi_species.jpg
e0e841a7-1821-4a8e-b145-30f8670f54e0,2026-05-26 14:07:39,large_group_detected,total_animals=5,saved_frames/2026-05-26_14-07-39_large_group.jpg
08a26959-fe09-46d1-a044-6abf7f6d83ae,2026-05-26 14:07:40,large_group_detected,total_animals=4,saved_frames/2026-05-26_14-07-40_large_group.jpg
1f50215e-313b-4173-bbcf-13796660e866,2026-05-26 14:07:43,new_species_detected,species=ungulate,saved_frames/2026-05-26_14-07-43_new_ungulate.jpg
480f20f8-4438-4a4c-9ee2-da00a12bdc9e,2026-05-26 14:07:43,multi_species_detected,"species=['antelope_like', 'ungulate']",saved_frames/2026-05-26_14-07-43_multi_species.jpg
1845d84a-dbba-4d54-82e5-c31c5633b4f4,2026-05-26 14:07:45,new_species_detected,species=ungulate,saved_frames/2026-05-26_14-07-45_new_ungulate.jpg
da0642b3-70b1-4cf7-9883-b4c862a27cd0,2026-05-26 14:07:45,multi_species_detected,"species=['antelope_like', 'ungulate']",saved_frames/2026-05-26_14-07-45_multi_species.jpg
bf0cd9de-0072-4608-b88b-ebcab497b97f,2026-05-26 14:07:45,large_group_detected,total_animals=5,saved_frames/2026-05-26_14-07-45_large_group.jpg
77d104ca-be9b-4312-a9be-e284c26569d0,2026-05-26 14:08:03,new_species_detected,species=ungulate,saved_frames/2026-05-26_14-08-03_new_ungulate.jpg
46b88f80-20c9-4827-a442-d97dc1837f25,2026-05-26 14:08:03,multi_species_detected,"species=['antelope_like', 'ungulate']",saved_frames/2026-05-26_14-08-03_multi_species.jpg
8ade3803-a0af-4eac-a2ae-748dabeded87,2026-05-26 14:08:07,new_species_detected,species=ungulate,saved_frames/2026-05-26_14-08-07_new_ungulate.jpg
72743cc8-2335-439a-a801-566294a73a45,2026-05-26 14:08:07,multi_species_detected,"species=['antelope_like', 'ungulate']",saved_frames/2026-05-26_14-08-07_multi_species.jpg
8b6e5de1-6fe2-4143-954e-43ef1daa5951,2026-05-26 14:08:10,new_species_detected,species=ungulate,saved_frames/2026-05-26_14-08-10_new_ungulate.jpg
f48ab9ec-be2f-46fa-bf46-065992b2f700,2026-05-26 14:08:10,multi_species_detected,"species=['antelope_like', 'ungulate']",saved_frames/2026-05-26_14-08-10_multi_species.jpg
e384ef05-4229-419b-99b9-f86a4f6211ce,2026-05-26 14:08:18,new_species_detected,species=ungulate,saved_frames/2026-05-26_14-08-18_new_ungulate.jpg
0ddb69ba-a22e-47fa-8c13-daf4a83d7282,2026-05-26 14:08:18,multi_species_detected,"species=['antelope_like', 'ungulate']",saved_frames/2026-05-26_14-08-18_multi_species.jpg
8798a826-6eb4-447d-b2ba-050eae95745e,2026-05-26 14:08:18,new_species_detected,species=ungulate,saved_frames/2026-05-26_14-08-18_new_ungulate.jpg
cd70b6ec-566a-4b15-b7b3-263cb516430f,2026-05-26 14:08:18,multi_species_detected,"species=['antelope_like', 'ungulate']",saved_frames/2026-05-26_14-08-18_multi_species.jpg
25a0504f-d298-4cc9-bf48-b09828561011,2026-05-26 14:08:19,new_species_detected,species=ungulate,saved_frames/2026-05-26_14-08-19_new_ungulate.jpg
e660d7dc-80aa-4935-abc0-0de66fddbe78,2026-05-26 14:08:19,multi_species_detected,"species=['antelope_like', 'ungulate']",saved_frames/2026-05-26_14-08-19_multi_species.jpg
d8b29373-4fe1-41aa-9cbf-495b373ed1d5,2026-05-26 14:08:23,new_species_detected,species=ungulate,saved_frames/2026-05-26_14-08-23_new_ungulate.jpg
0ab8c1c4-5938-4a92-9946-5c58c54904f6,2026-05-26 14:08:23,multi_species_detected,"species=['antelope_like', 'ungulate']",saved_frames/2026-05-26_14-08-23_multi_species.jpg
7cf6ee38-168c-45d5-86e6-7e33f1df7a62,2026-05-26 14:08:23,new_species_detected,species=ungulate,saved_frames/2026-05-26_14-08-23_new_ungulate.jpg
f2164795-98e5-4197-9c3c-09e2c2c5fcea,2026-05-26 14:08:23,multi_species_detected,"species=['antelope_like', 'ungulate']",saved_frames/2026-05-26_14-08-23_multi_species.jpg
baa8ef49-e298-4a6f-8702-ac773eac02d2,2026-05-26 14:08:27,large_group_detected,total_animals=3,saved_frames/2026-05-26_14-08-27_large_group.jpg
a17b2d60-ceec-4af4-a85c-a1c924ec087d,2026-05-26 14:08:30,large_group_detected,total_animals=4,saved_frames/2026-05-26_14-08-30_large_group.jpg
3ec3305e-9363-4170-9dda-54067b6e56c1,2026-05-26 14:08:31,large_group_detected,total_animals=3,saved_frames/2026-05-26_14-08-31_large_group.jpg
98c7e6d0-c2fd-4f33-9c7d-fd8446692939,2026-05-26 14:08:32,large_group_detected,total_animals=4,saved_frames/2026-05-26_14-08-32_large_group.jpg
aaf3abb8-9dfa-4110-ac75-412acdf1a510,2026-05-26 14:08:33,new_species_detected,species=ungulate,saved_frames/2026-05-26_14-08-33_new_ungulate.jpg
9da9032e-5364-4726-ae60-911c8c71aa49,2026-05-26 14:08:33,multi_species_detected,"species=['antelope_like', 'ungulate']",saved_frames/2026-05-26_14-08-33_multi_species.jpg
f1563a64-f864-4525-bd14-9f4a4ca66a6f,2026-05-26 14:08:34,new_species_detected,species=ungulate,saved_frames/2026-05-26_14-08-34_new_ungulate.jpg
6d771a21-1687-4e3f-9396-6e3ab8d3663a,2026-05-26 14:08:34,multi_species_detected,"species=['antelope_like', 'ungulate']",saved_frames/2026-05-26_14-08-34_multi_species.jpg
c2634640-04d8-4bde-8d69-cbd3e8780eb3,2026-05-26 14:08:38,large_group_detected,total_animals=3,saved_frames/2026-05-26_14-08-38_large_group.jpg
332e75eb-41fb-4812-b6bf-35cb066c4c5f,2026-05-26 14:08:40,new_species_detected,species=ungulate,saved_frames/2026-05-26_14-08-40_new_ungulate.jpg
35d00a34-b500-4e66-812b-4f8906ece9e9,2026-05-26 14:08:40,multi_species_detected,"species=['antelope_like', 'ungulate']",saved_frames/2026-05-26_14-08-40_multi_species.jpg
33fb382f-47e2-4b9b-93d7-63df91daeae8,2026-05-26 14:08:42,new_species_detected,species=ungulate,saved_frames/2026-05-26_14-08-42_new_ungulate.jpg
e42cc9cd-c952-4771-b34b-93ad12d1db6e,2026-05-26 14:08:42,multi_species_detected,"species=['antelope_like', 'ungulate']",saved_frames/2026-05-26_14-08-42_multi_species.jpg
088f1a64-73c9-4d5d-9dda-be19ec4e964f,2026-05-26 14:08:42,new_species_detected,species=ungulate,saved_frames/2026-05-26_14-08-42_new_ungulate.jpg
9a97cbb4-ec9b-40cd-9dfe-d53dcf11df0a,2026-05-26 14:08:42,multi_species_detected,"species=['antelope_like', 'ungulate']",saved_frames/2026-05-26_14-08-42_multi_species.jpg
a9fe785b-da7b-443e-ab19-0bb104b30d79,2026-05-26 14:09:13,new_species_detected,species=bird,saved_frames/2026-05-26_14-09-13_new_bird.jpg
19090f49-c36d-4a9a-a33b-3026cfb166b6,2026-05-26 14:09:13,multi_species_detected,"species=['antelope_like', 'bird']",saved_frames/2026-05-26_14-09-13_multi_species.jpg
2b174416-95cd-43ef-852f-f4c320fb5f27,2026-05-26 14:09:35,new_species_detected,species=ungulate,saved_frames/2026-05-26_14-09-35_new_ungulate.jpg
3c591046-8ed7-4ae7-96fe-8bbafce13608,2026-05-26 14:09:35,multi_species_detected,"species=['antelope_like', 'ungulate']",saved_frames/2026-05-26_14-09-35_multi_species.jpg
87610946-768c-4f33-a392-d28c806305aa,2026-05-26 14:09:42,new_species_detected,species=ungulate,saved_frames/2026-05-26_14-09-42_new_ungulate.jpg
aacec71e-133c-4c86-a2ed-f8ad42590c8d,2026-05-26 14:09:42,multi_species_detected,"species=['antelope_like', 'ungulate']",saved_frames/2026-05-26_14-09-42_multi_species.jpg
e34f27ce-f264-4187-a56a-45f494c55f6d,2026-05-26 14:09:43,new_species_detected,species=ungulate,saved_frames/2026-05-26_14-09-43_new_ungulate.jpg
f0b1eea9-3f80-401d-ab03-11ca24c3b089,2026-05-26 14:09:43,multi_species_detected,"species=['antelope_like', 'ungulate']",saved_frames/2026-05-26_14-09-43_multi_species.jpg
766a1491-e6ba-413a-901a-196fae86f9f0,2026-05-26 14:09:44,new_species_detected,species=ungulate,saved_frames/2026-05-26_14-09-44_new_ungulate.jpg
3a0bc60d-0fd8-47c3-8d8a-d755bd04ddd9,2026-05-26 14:09:44,multi_species_detected,"species=['antelope_like', 'ungulate']",saved_frames/2026-05-26_14-09-44_multi_species.jpg
fb9b3b81-9623-4624-acc7-c4f93e0c9fbd,2026-05-26 14:09:47,activity_ended,scene became empty,saved_frames/2026-05-26_14-09-47_activity_ended.jpg
9e7b609c-2359-4916-82d6-bd0c500c4b90,2026-05-26 14:09:47,activity_started,counts={'antelope_like': 1},saved_frames/2026-05-26_14-09-47_activity_started.jpg
f412ff39-2c99-4535-85b4-1558c0e4e3f8,2026-05-26 14:09:47,new_species_detected,species=antelope_like,saved_frames/2026-05-26_14-09-47_new_antelope_like.jpg
7500c6d1-0cf2-4b42-bc70-0f3226e35115,2026-05-26 14:09:47,large_group_detected,total_animals=3,saved_frames/2026-05-26_14-09-47_large_group.jpg
429f99b4-72e4-4085-8cdc-ff7cd5c82873,2026-05-26 14:09:47,activity_ended,scene became empty,saved_frames/2026-05-26_14-09-47_activity_ended.jpg
45b249f2-1c69-4404-b17b-6fa3779506c7,2026-05-26 14:09:47,activity_started,counts={'antelope_like': 3},saved_frames/2026-05-26_14-09-47_activity_started.jpg
f02d1c29-9e44-4e9a-88fb-c05477e8638a,2026-05-26 14:09:47,new_species_detected,species=antelope_like,saved_frames/2026-05-26_14-09-47_new_antelope_like.jpg
96ea58ac-ce15-49e0-8498-baf433562b86,2026-05-26 14:09:47,large_group_detected,total_animals=3,saved_frames/2026-05-26_14-09-47_large_group.jpg
9f2a9890-adcd-4145-83fe-fdcaa93e9acb,2026-05-26 14:09:48,large_group_detected,total_animals=3,saved_frames/2026-05-26_14-09-48_large_group.jpg
07b48cce-31b0-4b6e-9b42-2bacfa4601eb,2026-05-26 14:09:50,new_species_detected,species=ungulate,saved_frames/2026-05-26_14-09-50_new_ungulate.jpg
31b964fc-19bc-42b5-8aff-869b3fca1004,2026-05-26 14:09:50,multi_species_detected,"species=['antelope_like', 'ungulate']",saved_frames/2026-05-26_14-09-50_multi_species.jpg
c71077e0-5772-42ff-9d52-04316dfcef26,2026-05-26 14:09:51,new_species_detected,species=ungulate,saved_frames/2026-05-26_14-09-51_new_ungulate.jpg
e393707e-9e47-442d-8095-10b5f449caad,2026-05-26 14:09:51,multi_species_detected,"species=['antelope_like', 'ungulate']",saved_frames/2026-05-26_14-09-51_multi_species.jpg
bf3cfb45-cf6c-4bcf-90e7-2420298e6d96,2026-05-26 14:09:51,large_group_detected,total_animals=4,saved_frames/2026-05-26_14-09-51_large_group.jpg
af1f1ef7-b6b7-46fc-8238-0febde8c21e8,2026-05-26 14:09:52,new_species_detected,species=bird,saved_frames/2026-05-26_14-09-52_new_bird.jpg
aad4c9b2-9eec-4cb1-9107-31b48293335d,2026-05-26 14:09:52,multi_species_detected,"species=['antelope_like', 'bird']",saved_frames/2026-05-26_14-09-52_multi_species.jpg
22af03aa-b8de-4108-b80e-9b149d20db77,2026-05-26 14:09:53,large_group_detected,total_animals=3,saved_frames/2026-05-26_14-09-53_large_group.jpg
bb67c8a1-6961-40cb-82c3-ed0f304ec75a,2026-05-26 14:09:54,new_species_detected,species=antelope_like,saved_frames/2026-05-26_14-09-54_new_antelope_like.jpg
105888af-eeab-4fed-8910-c2c66137081e,2026-05-26 14:09:54,multi_species_detected,"species=['antelope_like', 'bird']",saved_frames/2026-05-26_14-09-54_multi_species.jpg
80820af0-ae3c-41d7-b9e4-941dd11a051f,2026-05-26 14:09:54,large_group_detected,total_animals=4,saved_frames/2026-05-26_14-09-54_large_group.jpg
752270ff-3376-45e8-b126-faa266848a66,2026-05-26 14:09:55,large_group_detected,total_animals=4,saved_frames/2026-05-26_14-09-55_large_group.jpg
1debc242-283b-48c0-937d-6e7925fed40d,2026-05-26 14:09:55,new_species_detected,species=bird,saved_frames/2026-05-26_14-09-55_new_bird.jpg
548fac06-5bf5-4fc3-b37e-ebdf4c027a4f,2026-05-26 14:09:55,multi_species_detected,"species=['antelope_like', 'bird']",saved_frames/2026-05-26_14-09-55_multi_species.jpg
474da971-2361-4611-9f54-00022af90acb,2026-05-26 14:09:55,new_species_detected,species=ungulate,saved_frames/2026-05-26_14-09-55_new_ungulate.jpg
5c342bf0-e8ec-4100-b045-6bebc0709b22,2026-05-26 14:09:55,multi_species_detected,"species=['antelope_like', 'ungulate']",saved_frames/2026-05-26_14-09-55_multi_species.jpg
d965c512-d175-43a1-8620-c0ef1a8e5907,2026-05-26 14:09:56,large_group_detected,total_animals=3,saved_frames/2026-05-26_14-09-56_large_group.jpg
a1b14d46-44d5-4064-bf5b-7db235c1a25c,2026-05-26 14:09:56,new_species_detected,species=bird,saved_frames/2026-05-26_14-09-56_new_bird.jpg
d6bc8214-d88d-4640-abda-fb12fd3dcb5b,2026-05-26 14:09:56,new_species_detected,species=ungulate,saved_frames/2026-05-26_14-09-56_new_ungulate.jpg
b034c08c-224e-44eb-873a-ac493a7295f5,2026-05-26 14:09:56,multi_species_detected,"species=['antelope_like', 'ungulate']",saved_frames/2026-05-26_14-09-56_multi_species.jpg
d499b3b7-9b9d-483f-aa37-92136e7f29b4,2026-05-26 14:09:57,large_group_detected,total_animals=5,saved_frames/2026-05-26_14-09-57_large_group.jpg
c5605260-6887-4c20-b2cf-f66d439b3fec,2026-05-26 14:09:57,new_species_detected,species=bird,saved_frames/2026-05-26_14-09-57_new_bird.jpg
f5f7a43c-a86b-4be9-85af-be6ae51bfc24,2026-05-26 14:09:57,multi_species_detected,"species=['antelope_like', 'bird']",saved_frames/2026-05-26_14-09-57_multi_species.jpg
dbb2a621-9998-4293-ae5f-02ecb0ff8dc0,2026-05-26 14:09:58,new_species_detected,species=bird,saved_frames/2026-05-26_14-09-58_new_bird.jpg
cbd616a8-09ca-4acf-bc6c-b1e801d8fe44,2026-05-26 14:09:58,multi_species_detected,"species=['antelope_like', 'bird']",saved_frames/2026-05-26_14-09-58_multi_species.jpg
4c085369-a322-4549-9819-039942eb4beb,2026-05-26 14:09:58,new_species_detected,species=bird,saved_frames/2026-05-26_14-09-58_new_bird.jpg
6a5759d4-da93-41eb-ade1-3196f1391568,2026-05-26 14:09:58,multi_species_detected,"species=['antelope_like', 'bird']",saved_frames/2026-05-26_14-09-58_multi_species.jpg
f60939fb-55e3-4ec7-8bc6-d2157d1eb1f6,2026-05-26 14:09:58,new_species_detected,species=bird,saved_frames/2026-05-26_14-09-58_new_bird.jpg
65b8d3b5-506a-4011-b8b7-43bcf3d1c18e,2026-05-26 14:09:58,multi_species_detected,"species=['antelope_like', 'bird']",saved_frames/2026-05-26_14-09-58_multi_species.jpg
b6484905-d12d-4fed-b557-7025983f3ffd,2026-05-26 14:09:59,new_species_detected,species=ungulate,saved_frames/2026-05-26_14-09-59_new_ungulate.jpg
77f91886-4a49-4268-9e1c-e39441501c0d,2026-05-26 14:09:59,new_species_detected,species=ungulate,saved_frames/2026-05-26_14-09-59_new_ungulate.jpg
96f4d37f-495f-4e21-8742-ad902570d74e,2026-05-26 14:09:59,new_species_detected,species=ungulate,saved_frames/2026-05-26_14-09-59_new_ungulate.jpg
b65d2e76-f07f-49f8-ba9d-2ad321564426,2026-05-26 14:09:59,multi_species_detected,"species=['antelope_like', 'ungulate']",saved_frames/2026-05-26_14-09-59_multi_species.jpg
bff1ba52-c782-4307-8e2a-595923168b7e,2026-05-26 14:09:59,new_species_detected,species=ungulate,saved_frames/2026-05-26_14-09-59_new_ungulate.jpg
121659e2-b4d7-4657-b61b-0b6bf6a6973d,2026-05-26 14:09:59,multi_species_detected,"species=['antelope_like', 'ungulate']",saved_frames/2026-05-26_14-09-59_multi_species.jpg
ed1f3cb1-bdab-4781-b8d9-a79d959b2854,2026-05-26 14:10:08,large_group_detected,total_animals=5,saved_frames/2026-05-26_14-10-08_large_group.jpg
bd00bd3c-f28a-4c7b-901a-295e162f4a50,2026-05-26 14:10:10,large_group_detected,total_animals=3,saved_frames/2026-05-26_14-10-10_large_group.jpg
18527b6c-ceb7-4f42-8060-570838a50564,2026-05-26 14:10:10,large_group_detected,total_animals=3,saved_frames/2026-05-26_14-10-10_large_group.jpg
f55e52eb-b5d8-413e-aac4-3c5e5263e9a3,2026-05-26 14:10:13,large_group_detected,total_animals=3,saved_frames/2026-05-26_14-10-13_large_group.jpg
956a5a29-0949-4a14-acf7-911dd8b5eae4,2026-05-26 14:10:22,new_species_detected,species=ungulate,saved_frames/2026-05-26_14-10-22_new_ungulate.jpg
ee73e7f9-2c6b-4e71-a92d-9cb5baf95b31,2026-05-26 14:10:22,multi_species_detected,"species=['antelope_like', 'ungulate']",saved_frames/2026-05-26_14-10-22_multi_species.jpg
62d9b721-69c1-4e9c-894a-c538594bc4cc,2026-05-26 14:10:23,large_group_detected,total_animals=4,saved_frames/2026-05-26_14-10-23_large_group.jpg
c926ee0a-a56e-456c-90c2-3b276157ca6a,2026-05-26 14:10:23,new_species_detected,species=ungulate,saved_frames/2026-05-26_14-10-23_new_ungulate.jpg
8ff995d3-1726-4d01-942f-1dc92977e0d7,2026-05-26 14:10:23,multi_species_detected,"species=['antelope_like', 'ungulate']",saved_frames/2026-05-26_14-10-23_multi_species.jpg
28b362ad-42f2-44f8-ad8a-3595415f57ff,2026-05-26 14:10:24,new_species_detected,species=ungulate,saved_frames/2026-05-26_14-10-24_new_ungulate.jpg
2f72fa79-0630-4728-ac6b-5e6b82fbb249,2026-05-26 14:10:24,multi_species_detected,"species=['antelope_like', 'ungulate']",saved_frames/2026-05-26_14-10-24_multi_species.jpg
7907f955-b7a0-401c-ab00-3df18df5ad2a,2026-05-26 14:10:25,new_species_detected,species=ungulate,saved_frames/2026-05-26_14-10-25_new_ungulate.jpg
67efb036-ade8-4ea4-9fb2-ac073bb841df,2026-05-26 14:10:25,multi_species_detected,"species=['antelope_like', 'ungulate']",saved_frames/2026-05-26_14-10-25_multi_species.jpg
43b33969-e1ed-47ee-ab9a-4d6c687c5ffe,2026-05-26 14:10:32,large_group_detected,total_animals=4,saved_frames/2026-05-26_14-10-32_large_group.jpg
1c7ccab1-0584-4e84-846d-3e4ebf200d96,2026-05-26 14:10:32,new_species_detected,species=ungulate,saved_frames/2026-05-26_14-10-32_new_ungulate.jpg
3ea12857-23b9-4021-a07a-d40e8811f37e,2026-05-26 14:10:32,multi_species_detected,"species=['antelope_like', 'ungulate']",saved_frames/2026-05-26_14-10-32_multi_species.jpg
5c833e4b-86d2-420f-85b6-3084017a573c,2026-05-26 14:10:33,large_group_detected,total_animals=3,saved_frames/2026-05-26_14-10-33_large_group.jpg
6b6f397c-c1d0-4e4c-95c7-6a0a622f49ee,2026-05-26 14:10:33,large_group_detected,total_animals=3,saved_frames/2026-05-26_14-10-33_large_group.jpg
802b1a6d-44c5-4255-a0e1-96e33f2e1dd7,2026-05-26 14:10:34,large_group_detected,total_animals=3,saved_frames/2026-05-26_14-10-34_large_group.jpg
8ba34484-95dd-4a44-b520-feaa6f51ae0f,2026-05-26 14:10:35,large_group_detected,total_animals=3,saved_frames/2026-05-26_14-10-35_large_group.jpg
5d3a5b9a-c6c7-459f-9603-4a72d540ad98,2026-05-26 14:10:35,new_species_detected,species=ungulate,saved_frames/2026-05-26_14-10-35_new_ungulate.jpg
85f4fc4f-bd4e-4f9f-bc1a-f5c4b53e5667,2026-05-26 14:10:35,multi_species_detected,"species=['antelope_like', 'ungulate']",saved_frames/2026-05-26_14-10-35_multi_species.jpg
6f689189-3e7a-4540-a8e6-97a4fadcf9fa,2026-05-26 14:10:36,new_species_detected,species=ungulate,saved_frames/2026-05-26_14-10-36_new_ungulate.jpg
e1789117-6ba5-44b7-b03c-56eb430ed47d,2026-05-26 14:10:36,multi_species_detected,"species=['antelope_like', 'ungulate']",saved_frames/2026-05-26_14-10-36_multi_species.jpg
67c001a8-212a-4e46-bc46-c1543ce85297,2026-05-26 14:10:36,new_species_detected,species=ungulate,saved_frames/2026-05-26_14-10-36_new_ungulate.jpg
f8625fdb-50c7-4659-91d6-f275fc7a6662,2026-05-26 14:10:36,multi_species_detected,"species=['antelope_like', 'ungulate']",saved_frames/2026-05-26_14-10-36_multi_species.jpg
8303af90-c6ad-45e0-8196-718a5c5553d9,2026-05-26 14:10:37,large_group_detected,total_animals=4,saved_frames/2026-05-26_14-10-37_large_group.jpg
6b9d1fe7-b4c4-4704-8db5-24e7a1b714c8,2026-05-26 14:10:37,large_group_detected,total_animals=3,saved_frames/2026-05-26_14-10-37_large_group.jpg
dfaf18a6-f959-4c64-b99c-385c0ea826c8,2026-05-26 14:10:38,large_group_detected,total_animals=4,saved_frames/2026-05-26_14-10-38_large_group.jpg
657b992e-4573-4a9f-a43f-83a7bf397d5b,2026-05-26 14:10:38,activity_ended,scene became empty,saved_frames/2026-05-26_14-10-38_activity_ended.jpg
92b39628-1934-4e04-9bfc-847ab36734b6,2026-05-26 14:10:40,activity_started,counts={'antelope_like': 1},saved_frames/2026-05-26_14-10-40_activity_started.jpg
a116effd-4559-4773-980d-1962b49550ba,2026-05-26 14:10:40,new_species_detected,species=antelope_like,saved_frames/2026-05-26_14-10-40_new_antelope_like.jpg
92a5f019-6742-451f-90aa-440d323a8821,2026-05-26 14:10:41,large_group_detected,total_animals=3,saved_frames/2026-05-26_14-10-41_large_group.jpg
590a3ce9-79b6-445d-b617-faf7ad2b74d7,2026-05-26 14:10:41,large_group_detected,total_animals=3,saved_frames/2026-05-26_14-10-41_large_group.jpg
c2aef3ce-ecd2-4db2-8229-e2ffde1dd812,2026-05-26 14:10:42,large_group_detected,total_animals=3,saved_frames/2026-05-26_14-10-42_large_group.jpg
4a2e8163-d22e-4019-a870-63fe896da899,2026-05-26 14:10:42,large_group_detected,total_animals=3,saved_frames/2026-05-26_14-10-42_large_group.jpg
3e271e88-3a9e-487a-b2db-483898a9c08a,2026-05-26 14:10:43,large_group_detected,total_animals=4,saved_frames/2026-05-26_14-10-43_large_group.jpg
65bef510-2da3-4a36-bfaf-bfb0640ab599,2026-05-26 14:10:44,large_group_detected,total_animals=3,saved_frames/2026-05-26_14-10-44_large_group.jpg
0ca0701d-c262-483c-a9cc-5d5bef67cbcc,2026-05-26 14:10:47,large_group_detected,total_animals=3,saved_frames/2026-05-26_14-10-47_large_group.jpg
7ca55f55-3fab-4cd6-9b2b-ffa3b967166c,2026-05-26 14:10:51,large_group_detected,total_animals=3,saved_frames/2026-05-26_14-10-51_large_group.jpg
967f6617-977e-47a4-a174-ea8ad4c23d76,2026-05-26 14:10:53,activity_ended,scene became empty,saved_frames/2026-05-26_14-10-53_activity_ended.jpg
5e9be52e-5127-4d20-a47c-037e556d83a0,2026-05-26 14:10:53,activity_started,counts={'antelope_like': 1},saved_frames/2026-05-26_14-10-53_activity_started.jpg
b4bba6df-412b-4bad-a625-a3edac94717d,2026-05-26 14:10:53,new_species_detected,species=antelope_like,saved_frames/2026-05-26_14-10-53_new_antelope_like.jpg
dd81c0cd-cf88-4145-9cc4-c92c8a762cae,2026-05-26 14:35:28,activity_started,counts={'antelope_like': 1},saved_frames/2026-05-26_14-35-28_activity_started.jpg
d9e9365c-e659-4f62-b455-f9d1697b95ef,2026-05-26 14:35:28,new_species_detected,species=antelope_like,saved_frames/2026-05-26_14-35-28_new_antelope_like.jpg
8bbb8b66-1dba-490d-ba3f-7eb14e94ded8,2026-05-26 14:35:31,activity_ended,scene became empty,saved_frames/2026-05-26_14-35-31_activity_ended.jpg
b1a8daa0-d53f-4625-8cd6-0d0d029aea9e,2026-05-26 14:35:31,activity_started,counts={'antelope_like': 1},saved_frames/2026-05-26_14-35-31_activity_started.jpg
c01a16f0-0b1e-47e7-938f-69905870e823,2026-05-26 14:35:31,new_species_detected,species=antelope_like,saved_frames/2026-05-26_14-35-31_new_antelope_like.jpg
1a9e8e64-7d3a-4ab8-a5fc-6c3e1353d021,2026-05-26 14:35:31,activity_ended,scene became empty,saved_frames/2026-05-26_14-35-31_activity_ended.jpg
83fac762-1f8f-49a2-9b8b-2c3fd7b6d413,2026-05-26 14:35:31,activity_started,counts={'antelope_like': 1},saved_frames/2026-05-26_14-35-31_activity_started.jpg
d7ae81a5-955e-40ab-814e-6055226cb644,2026-05-26 14:35:31,new_species_detected,species=antelope_like,saved_frames/2026-05-26_14-35-31_new_antelope_like.jpg
596ba051-781c-44ea-8395-a70757251248,2026-05-26 14:35:31,activity_ended,scene became empty,saved_frames/2026-05-26_14-35-31_activity_ended.jpg
5124b294-0aa2-4148-b9a7-f35c278444dc,2026-05-26 14:35:32,activity_started,counts={'antelope_like': 1},saved_frames/2026-05-26_14-35-32_activity_started.jpg
ac3e7e9b-1062-4268-a28b-e1711453c857,2026-05-26 14:35:32,new_species_detected,species=antelope_like,saved_frames/2026-05-26_14-35-32_new_antelope_like.jpg
a3237830-6371-4f7c-94b7-8dc8fcda15f5,2026-05-26 14:35:32,activity_ended,scene became empty,saved_frames/2026-05-26_14-35-32_activity_ended.jpg
a906d4e1-6418-4e20-918f-e631c34fea9c,2026-05-26 14:35:32,activity_started,counts={'antelope_like': 1},saved_frames/2026-05-26_14-35-32_activity_started.jpg
b8c3ab94-095d-4dcb-9393-4064fb51d2f7,2026-05-26 14:35:32,new_species_detected,species=antelope_like,saved_frames/2026-05-26_14-35-32_new_antelope_like.jpg
a111e795-560b-4558-a836-9d2c9416def8,2026-05-26 14:35:32,activity_ended,scene became empty,saved_frames/2026-05-26_14-35-32_activity_ended.jpg
4a0db253-cc0b-4d85-820c-bc8a415861fb,2026-05-26 14:35:33,activity_started,counts={'antelope_like': 1},saved_frames/2026-05-26_14-35-33_activity_started.jpg
ffafb967-a418-4c38-85ea-1b434a1006ce,2026-05-26 14:35:33,new_species_detected,species=antelope_like,saved_frames/2026-05-26_14-35-33_new_antelope_like.jpg
c774c2a8-75da-4fe7-b018-acbd2628caec,2026-05-26 14:35:33,activity_ended,scene became empty,saved_frames/2026-05-26_14-35-33_activity_ended.jpg
80bc5d05-817b-4724-b877-126f825f0ba8,2026-05-26 14:35:33,activity_started,counts={'antelope_like': 1},saved_frames/2026-05-26_14-35-33_activity_started.jpg
2617612a-d0b4-4d74-8894-9a6aa9de9177,2026-05-26 14:35:33,new_species_detected,species=antelope_like,saved_frames/2026-05-26_14-35-33_new_antelope_like.jpg
cc6d0964-dd45-40c1-b611-8a77c78b3e2e,2026-05-26 14:35:34,activity_ended,scene became empty,saved_frames/2026-05-26_14-35-34_activity_ended.jpg
83588933-8afc-4110-99ea-ad51a55231b9,2026-05-26 14:35:34,activity_started,counts={'antelope_like': 1},saved_frames/2026-05-26_14-35-34_activity_started.jpg
553c3cca-eb3d-430f-acaf-cb622de7f1cf,2026-05-26 14:35:34,new_species_detected,species=antelope_like,saved_frames/2026-05-26_14-35-34_new_antelope_like.jpg
8a2cf728-e720-4270-a51e-6d1ace176bc3,2026-05-26 14:35:34,activity_ended,scene became empty,saved_frames/2026-05-26_14-35-34_activity_ended.jpg
fe5e63b3-5660-479a-9221-01cc6aabb801,2026-05-26 14:35:34,activity_started,counts={'antelope_like': 1},saved_frames/2026-05-26_14-35-34_activity_started.jpg
506372f1-020c-409c-ab78-97530b1fc3a3,2026-05-26 14:35:34,new_species_detected,species=antelope_like,saved_frames/2026-05-26_14-35-34_new_antelope_like.jpg
0f021467-499a-4ed7-a208-dd8b3542d49d,2026-05-26 14:35:35,activity_ended,scene became empty,saved_frames/2026-05-26_14-35-35_activity_ended.jpg
120824d3-6192-42a7-aaf5-5c01ddb64e45,2026-05-26 14:35:35,activity_started,counts={'antelope_like': 1},saved_frames/2026-05-26_14-35-35_activity_started.jpg
63c3461c-6773-4f6d-a18c-6407d2697237,2026-05-26 14:35:35,new_species_detected,species=antelope_like,saved_frames/2026-05-26_14-35-35_new_antelope_like.jpg
36311c0c-f4c0-477c-87ea-bc7abcfe93bf,2026-05-26 14:35:35,activity_ended,scene became empty,saved_frames/2026-05-26_14-35-35_activity_ended.jpg
768b14d2-18c0-4244-850c-4f55f457b9e6,2026-05-26 14:35:35,activity_started,counts={'antelope_like': 2},saved_frames/2026-05-26_14-35-35_activity_started.jpg
be449d4f-cb57-4188-941f-e299ade6bbe6,2026-05-26 14:35:35,new_species_detected,species=antelope_like,saved_frames/2026-05-26_14-35-35_new_antelope_like.jpg
7f60ec0e-3f12-42df-83c1-f2f2241bbd83,2026-05-26 14:35:36,activity_ended,scene became empty,saved_frames/2026-05-26_14-35-36_activity_ended.jpg
bc94ed4a-3ef7-4bfb-bd40-cb2e9a2a344f,2026-05-26 14:35:36,activity_started,counts={'antelope_like': 2},saved_frames/2026-05-26_14-35-36_activity_started.jpg
c35d5a01-4f48-43da-843b-56822ac32f93,2026-05-26 14:35:36,new_species_detected,species=antelope_like,saved_frames/2026-05-26_14-35-36_new_antelope_like.jpg
36b997f5-e124-48c3-bb4d-cdca0cf8fd47,2026-05-26 14:35:36,activity_ended,scene became empty,saved_frames/2026-05-26_14-35-36_activity_ended.jpg
a59c8a4d-dbb6-418c-91a4-7cdf7a4e2baf,2026-05-26 14:35:38,activity_started,counts={'antelope_like': 1},saved_frames/2026-05-26_14-35-38_activity_started.jpg
6dfbe844-3581-443a-a1eb-c5c34d947994,2026-05-26 14:35:38,new_species_detected,species=antelope_like,saved_frames/2026-05-26_14-35-38_new_antelope_like.jpg
66730d00-a22e-43ee-a498-50d59dba38d2,2026-05-26 14:35:40,activity_ended,scene became empty,saved_frames/2026-05-26_14-35-40_activity_ended.jpg
9a71e96b-d1b5-43cd-b697-707228034575,2026-05-26 14:35:40,activity_started,counts={'antelope_like': 1},saved_frames/2026-05-26_14-35-40_activity_started.jpg
1365557f-3027-4560-91d1-837c8c63fe00,2026-05-26 14:35:40,new_species_detected,species=antelope_like,saved_frames/2026-05-26_14-35-40_new_antelope_like.jpg
0a08f21a-e6a3-41ca-9357-d2bbd6dbe57a,2026-05-26 14:35:41,activity_ended,scene became empty,saved_frames/2026-05-26_14-35-41_activity_ended.jpg
f8195a45-b76d-4489-a43c-8ba5645e4726,2026-05-26 14:35:41,activity_started,counts={'antelope_like': 1},saved_frames/2026-05-26_14-35-41_activity_started.jpg
62664479-a94c-4d23-815d-522945d187be,2026-05-26 14:35:41,new_species_detected,species=antelope_like,saved_frames/2026-05-26_14-35-41_new_antelope_like.jpg
7acca3d0-9f3f-420f-bbb1-7479b2e32e53,2026-05-26 14:35:41,activity_ended,scene became empty,saved_frames/2026-05-26_14-35-41_activity_ended.jpg
af821a31-a4a5-43bd-a63f-d2db224dd5c3,2026-05-26 14:35:41,activity_started,counts={'antelope_like': 1},saved_frames/2026-05-26_14-35-41_activity_started.jpg
240c495f-3b52-40ac-bb7f-32fb22ac09b6,2026-05-26 14:35:41,new_species_detected,species=antelope_like,saved_frames/2026-05-26_14-35-41_new_antelope_like.jpg
73e530d3-c2b7-42b1-ad34-34f3a95ebc4a,2026-05-26 14:35:41,activity_ended,scene became empty,saved_frames/2026-05-26_14-35-41_activity_ended.jpg
5f0a2155-8811-47d6-b7e2-06686ad67ff0,2026-05-26 14:35:42,activity_started,counts={'antelope_like': 1},saved_frames/2026-05-26_14-35-42_activity_started.jpg
407a24fc-52b0-46e4-82cc-cccbac2a4a7b,2026-05-26 14:35:42,new_species_detected,species=antelope_like,saved_frames/2026-05-26_14-35-42_new_antelope_like.jpg
c248a006-dc98-4fb2-acc2-4bc0fd19414b,2026-05-26 14:35:43,activity_ended,scene became empty,saved_frames/2026-05-26_14-35-43_activity_ended.jpg
74d39424-32aa-4073-8456-1bf77c0f4abd,2026-05-26 14:35:43,activity_started,counts={'antelope_like': 1},saved_frames/2026-05-26_14-35-43_activity_started.jpg
d1a5bf63-3a3a-4073-803c-184b58bc1c02,2026-05-26 14:35:43,new_species_detected,species=antelope_like,saved_frames/2026-05-26_14-35-43_new_antelope_like.jpg
eeeae5a4-faed-4ad6-bb51-fdc6f76205ed,2026-05-26 14:35:43,activity_ended,scene became empty,saved_frames/2026-05-26_14-35-43_activity_ended.jpg
2ebceba3-05e0-4344-9e6b-a500714fbfeb,2026-05-26 14:35:43,activity_started,counts={'antelope_like': 1},saved_frames/2026-05-26_14-35-43_activity_started.jpg
c3c8641c-cec8-4711-8a76-520520fcb435,2026-05-26 14:35:43,new_species_detected,species=antelope_like,saved_frames/2026-05-26_14-35-43_new_antelope_like.jpg
85128eb3-556f-44cc-a42f-d5c45a08c9a5,2026-05-26 14:35:43,activity_ended,scene became empty,saved_frames/2026-05-26_14-35-43_activity_ended.jpg
40c029fe-0fc1-4a87-86f5-0258fec23615,2026-05-26 14:35:43,activity_started,counts={'antelope_like': 1},saved_frames/2026-05-26_14-35-43_activity_started.jpg
4c735c66-7076-4877-b631-1d354d53ac2c,2026-05-26 14:35:43,new_species_detected,species=antelope_like,saved_frames/2026-05-26_14-35-43_new_antelope_like.jpg
1ed38f1d-39a3-4a4f-ba6f-b663d7cb1c0a,2026-05-26 14:35:44,activity_ended,scene became empty,saved_frames/2026-05-26_14-35-44_activity_ended.jpg
e07e26bb-8aa0-4313-96d2-c4f1799e55a1,2026-05-26 14:35:44,activity_started,counts={'antelope_like': 1},saved_frames/2026-05-26_14-35-44_activity_started.jpg
96bfb5d2-d430-4072-bba7-8566c60d0268,2026-05-26 14:35:44,new_species_detected,species=antelope_like,saved_frames/2026-05-26_14-35-44_new_antelope_like.jpg
c38c70b5-d3a3-47c7-a481-4163783b7faa,2026-05-26 14:35:45,activity_ended,scene became empty,saved_frames/2026-05-26_14-35-45_activity_ended.jpg
027e536d-57ca-40ac-a326-9ca39f22fc8e,2026-05-26 14:35:45,activity_started,counts={'antelope_like': 1},saved_frames/2026-05-26_14-35-45_activity_started.jpg
9186e200-cfc0-4a7e-9db9-28d2456bd6e1,2026-05-26 14:35:45,new_species_detected,species=antelope_like,saved_frames/2026-05-26_14-35-45_new_antelope_like.jpg
9e9c4268-94ea-45e2-b86b-a43f2014266d,2026-05-26 14:35:46,new_species_detected,species=bird,saved_frames/2026-05-26_14-35-46_new_bird.jpg
2f35bc41-0a5c-4520-a770-e48767aa3840,2026-05-26 14:35:46,new_species_detected,species=antelope_like,saved_frames/2026-05-26_14-35-46_new_antelope_like.jpg
c9540676-0602-4624-b3f5-998c5f96ade3,2026-05-26 14:35:46,activity_ended,scene became empty,saved_frames/2026-05-26_14-35-46_activity_ended.jpg
d6794a38-1a2d-452d-a47b-ea9f0068d509,2026-05-26 14:35:47,activity_started,counts={'antelope_like': 1},saved_frames/2026-05-26_14-35-47_activity_started.jpg
665733f2-4006-4621-87f6-3666bb14e5b9,2026-05-26 14:35:47,new_species_detected,species=antelope_like,saved_frames/2026-05-26_14-35-47_new_antelope_like.jpg
c83ed683-a858-483b-8f66-649d25057cc9,2026-05-26 14:35:49,activity_ended,scene became empty,saved_frames/2026-05-26_14-35-49_activity_ended.jpg
1c03cca8-c50b-44e1-b9f8-fa361a41598e,2026-05-26 14:35:49,activity_started,counts={'antelope_like': 1},saved_frames/2026-05-26_14-35-49_activity_started.jpg
7d584c5d-c98c-4ad3-9572-29a4e39237e9,2026-05-26 14:35:49,new_species_detected,species=antelope_like,saved_frames/2026-05-26_14-35-49_new_antelope_like.jpg
b68e270c-f450-4106-97bb-4b7de41a35c2,2026-05-26 14:35:53,activity_ended,scene became empty,saved_frames/2026-05-26_14-35-53_activity_ended.jpg
fe874b58-0862-4656-a70d-151869b35283,2026-05-26 14:35:54,activity_started,counts={'antelope_like': 1},saved_frames/2026-05-26_14-35-54_activity_started.jpg
8cfa7bef-f730-46b9-bd8a-8218eea07f1c,2026-05-26 14:35:54,new_species_detected,species=antelope_like,saved_frames/2026-05-26_14-35-54_new_antelope_like.jpg
183eaad3-3c30-4526-914d-9762972fb692,2026-05-26 14:35:57,activity_ended,scene became empty,saved_frames/2026-05-26_14-35-57_activity_ended.jpg
3295e963-8d3e-40e8-8477-c05b627dd8a3,2026-05-26 14:35:57,activity_started,counts={'antelope_like': 1},saved_frames/2026-05-26_14-35-57_activity_started.jpg
4a47cdda-865c-419b-a589-a6141f19f381,2026-05-26 14:35:57,new_species_detected,species=antelope_like,saved_frames/2026-05-26_14-35-57_new_antelope_like.jpg
463c82f6-6573-4b17-bc08-ed4a488155c6,2026-05-26 14:35:57,activity_ended,scene became empty,saved_frames/2026-05-26_14-35-57_activity_ended.jpg
466d51a8-026d-4216-87d1-8910f07acbcc,2026-05-26 14:35:58,activity_started,counts={'antelope_like': 1},saved_frames/2026-05-26_14-35-58_activity_started.jpg
f9f38659-97c3-4028-bed2-e5c47380b321,2026-05-26 14:35:58,new_species_detected,species=antelope_like,saved_frames/2026-05-26_14-35-58_new_antelope_like.jpg
17985b41-b9e4-4000-b801-20823439abef,2026-05-26 14:35:59,activity_ended,scene became empty,saved_frames/2026-05-26_14-35-59_activity_ended.jpg
3cc45453-fb58-4a3d-804f-7d38c4c5af4b,2026-05-26 14:36:00,activity_started,counts={'elephant': 1},saved_frames/2026-05-26_14-36-00_activity_started.jpg
e42fd734-0f88-476e-886d-6defc993ed65,2026-05-26 14:36:00,new_species_detected,species=elephant,saved_frames/2026-05-26_14-36-00_new_elephant.jpg
498ace40-8d2f-4122-8a77-1d08988f3d2f,2026-05-26 14:36:00,activity_ended,scene became empty,saved_frames/2026-05-26_14-36-00_activity_ended.jpg
7dd92139-2fd0-492f-bb6a-640abb1f7d10,2026-05-26 14:36:00,activity_started,counts={'elephant': 1},saved_frames/2026-05-26_14-36-00_activity_started.jpg
3618bfbe-5bd6-4372-804f-80f5d31fda28,2026-05-26 14:36:00,new_species_detected,species=elephant,saved_frames/2026-05-26_14-36-00_new_elephant.jpg
c1f07897-5df9-460c-a53e-ee312df196ed,2026-05-26 14:36:00,activity_ended,scene became empty,saved_frames/2026-05-26_14-36-00_activity_ended.jpg
dc7d0ac6-0e4f-40fa-ab5e-35c1e5402d16,2026-05-26 14:36:05,activity_started,counts={'antelope_like': 1},saved_frames/2026-05-26_14-36-05_activity_started.jpg
d3a19b37-6357-4fcc-b07d-224cf441ba22,2026-05-26 14:36:05,new_species_detected,species=antelope_like,saved_frames/2026-05-26_14-36-05_new_antelope_like.jpg
3061e9c3-4ffc-4b2e-aba6-ff26379f48b3,2026-05-26 14:36:05,activity_ended,scene became empty,saved_frames/2026-05-26_14-36-05_activity_ended.jpg
c386ece0-9d4d-443b-bacc-d559c92a85f9,2026-05-26 14:36:06,activity_started,counts={'antelope_like': 1},saved_frames/2026-05-26_14-36-06_activity_started.jpg
8947aab5-7f9c-43d9-a185-4e922c37d1d9,2026-05-26 14:36:06,new_species_detected,species=antelope_like,saved_frames/2026-05-26_14-36-06_new_antelope_like.jpg
d24e42ec-c9cf-4f3b-91dd-841c62c02b68,2026-05-26 14:36:06,activity_ended,scene became empty,saved_frames/2026-05-26_14-36-06_activity_ended.jpg
20865c74-aad3-4e80-ba2a-db7b034e3200,2026-05-26 14:36:07,activity_started,counts={'antelope_like': 1},saved_frames/2026-05-26_14-36-07_activity_started.jpg
6f593a9a-4329-425c-b14c-cfa043925ba0,2026-05-26 14:36:07,new_species_detected,species=antelope_like,saved_frames/2026-05-26_14-36-07_new_antelope_like.jpg
a6901a2d-c066-48b8-b874-7051ae8efa93,2026-05-26 14:36:08,activity_ended,scene became empty,saved_frames/2026-05-26_14-36-08_activity_ended.jpg
8509250f-f100-46a5-8f6e-a0834be2c8a9,2026-05-26 14:36:08,activity_started,counts={'antelope_like': 1},saved_frames/2026-05-26_14-36-08_activity_started.jpg
1809770e-b5bf-43b0-a225-828c6a30e132,2026-05-26 14:36:08,new_species_detected,species=antelope_like,saved_frames/2026-05-26_14-36-08_new_antelope_like.jpg
2e1fbb14-c4cc-428d-a253-b603845a05ad,2026-05-26 14:36:08,activity_ended,scene became empty,saved_frames/2026-05-26_14-36-08_activity_ended.jpg
2d89f903-beff-402d-8b82-926269f3f3f4,2026-05-26 14:36:09,activity_started,counts={'antelope_like': 1},saved_frames/2026-05-26_14-36-09_activity_started.jpg
48f7a745-df48-4de5-93ca-9428b0ab438f,2026-05-26 14:36:09,new_species_detected,species=antelope_like,saved_frames/2026-05-26_14-36-09_new_antelope_like.jpg
608ad391-e8fd-4c2f-a413-95dcf35e7010,2026-05-26 14:36:11,activity_ended,scene became empty,saved_frames/2026-05-26_14-36-11_activity_ended.jpg
5d508724-028e-4885-bc72-06a495a30c82,2026-05-26 14:36:11,activity_started,counts={'antelope_like': 1},saved_frames/2026-05-26_14-36-11_activity_started.jpg
5591a1b3-d391-4a97-91ea-86e878ca17bc,2026-05-26 14:36:11,new_species_detected,species=antelope_like,saved_frames/2026-05-26_14-36-11_new_antelope_like.jpg
e14d788a-e404-4dd9-bf33-1383012c41d4,2026-05-26 14:36:13,activity_ended,scene became empty,saved_frames/2026-05-26_14-36-13_activity_ended.jpg
58280e8f-7611-4c4a-b3aa-2675022df39b,2026-05-26 14:36:13,activity_started,counts={'antelope_like': 1},saved_frames/2026-05-26_14-36-13_activity_started.jpg
99007330-83a7-46d3-9dc9-35fc76f07c28,2026-05-26 14:36:13,new_species_detected,species=antelope_like,saved_frames/2026-05-26_14-36-13_new_antelope_like.jpg
44c4f7fc-7d1b-4ef8-9353-b4f5c55d1877,2026-05-26 14:36:13,activity_ended,scene became empty,saved_frames/2026-05-26_14-36-13_activity_ended.jpg
ed8974f1-733e-46c7-8526-1851dc969ce7,2026-05-26 14:36:13,activity_started,counts={'antelope_like': 1},saved_frames/2026-05-26_14-36-13_activity_started.jpg
0a6762f9-c0cd-4bd6-b78a-61e6f2fe24b9,2026-05-26 14:36:13,new_species_detected,species=antelope_like,saved_frames/2026-05-26_14-36-13_new_antelope_like.jpg
78542bed-3ed0-4cb5-9ba8-2cde202a78d1,2026-05-26 14:36:13,activity_ended,scene became empty,saved_frames/2026-05-26_14-36-13_activity_ended.jpg
69b4b611-c8d5-4b35-bda3-57baebc801c3,2026-05-26 14:36:13,activity_started,counts={'antelope_like': 1},saved_frames/2026-05-26_14-36-13_activity_started.jpg
9e2ad6fe-8d50-4803-94d7-763d85f427ae,2026-05-26 14:36:13,new_species_detected,species=antelope_like,saved_frames/2026-05-26_14-36-13_new_antelope_like.jpg
326b73ec-f55f-4b70-ba91-f2981b971286,2026-05-26 14:36:14,activity_ended,scene became empty,saved_frames/2026-05-26_14-36-14_activity_ended.jpg
7bcb9965-70c6-47f6-85f2-f1e1adc3d024,2026-05-26 14:36:14,activity_started,counts={'antelope_like': 1},saved_frames/2026-05-26_14-36-14_activity_started.jpg
cc31c6ff-7a29-4438-8613-d5cbf2b2a336,2026-05-26 14:36:14,new_species_detected,species=antelope_like,saved_frames/2026-05-26_14-36-14_new_antelope_like.jpg
1c3691b9-81c7-40ac-a878-7078b2030bb4,2026-05-26 14:36:14,activity_ended,scene became empty,saved_frames/2026-05-26_14-36-14_activity_ended.jpg
380fe6c2-dd04-4c18-9c6f-1d6bb348ac49,2026-05-26 14:36:14,activity_started,counts={'antelope_like': 1},saved_frames/2026-05-26_14-36-14_activity_started.jpg
e34113c1-3ebd-4182-9ac8-e6fe478aca29,2026-05-26 14:36:14,new_species_detected,species=antelope_like,saved_frames/2026-05-26_14-36-14_new_antelope_like.jpg
3763c926-ca17-48e8-9ae1-71fd012ee3b7,2026-05-26 14:36:15,activity_ended,scene became empty,saved_frames/2026-05-26_14-36-15_activity_ended.jpg
0f2123ea-fb1a-45d0-9f74-79fca7dc737c,2026-05-26 14:36:17,activity_started,counts={'antelope_like': 1},saved_frames/2026-05-26_14-36-17_activity_started.jpg
54ea02e7-772f-4808-9319-5c4c47e35f2f,2026-05-26 14:36:17,new_species_detected,species=antelope_like,saved_frames/2026-05-26_14-36-17_new_antelope_like.jpg
1f0bd1e4-dd82-4d80-8c30-d61e814599d6,2026-05-26 14:36:18,activity_ended,scene became empty,saved_frames/2026-05-26_14-36-18_activity_ended.jpg
b7a08253-d1c1-4ffc-b0c4-d8e80a9273d5,2026-05-26 14:36:18,activity_started,counts={'antelope_like': 1},saved_frames/2026-05-26_14-36-18_activity_started.jpg
709be15e-42e2-4616-a342-60a09396a19a,2026-05-26 14:36:18,new_species_detected,species=antelope_like,saved_frames/2026-05-26_14-36-18_new_antelope_like.jpg
d43cb213-730a-4fc7-8b8e-0ed20f6d6276,2026-05-26 14:36:19,activity_ended,scene became empty,saved_frames/2026-05-26_14-36-19_activity_ended.jpg
0b3fc34c-93d3-4c99-aa48-262ec90f3997,2026-05-26 14:36:20,activity_started,counts={'antelope_like': 1},saved_frames/2026-05-26_14-36-20_activity_started.jpg
2d521eb3-5612-4510-b36d-1727962f0c18,2026-05-26 14:36:20,new_species_detected,species=antelope_like,saved_frames/2026-05-26_14-36-20_new_antelope_like.jpg
f27c1eca-89cf-47dc-8b63-2bcb69600e58,2026-05-26 14:36:20,activity_ended,scene became empty,saved_frames/2026-05-26_14-36-20_activity_ended.jpg
60d05678-f733-4113-adc7-ec79cd89c5a5,2026-05-26 14:36:20,activity_started,counts={'antelope_like': 1},saved_frames/2026-05-26_14-36-20_activity_started.jpg
6a353a41-2393-4039-b63c-97ab373a6c63,2026-05-26 14:36:20,new_species_detected,species=antelope_like,saved_frames/2026-05-26_14-36-20_new_antelope_like.jpg
4a4cf72a-c64f-4caf-a215-927debc77a3a,2026-05-26 14:36:20,activity_ended,scene became empty,saved_frames/2026-05-26_14-36-20_activity_ended.jpg
b59b7446-1e49-40f8-9db4-7f7fb3056fb2,2026-05-26 14:36:20,activity_started,counts={'antelope_like': 1},saved_frames/2026-05-26_14-36-20_activity_started.jpg
0501c710-e288-484a-8d49-e6db0c002b21,2026-05-26 14:36:20,new_species_detected,species=antelope_like,saved_frames/2026-05-26_14-36-20_new_antelope_like.jpg
10b8e8cc-83c5-483c-bd77-cc5959f4d019,2026-05-26 14:36:22,activity_ended,scene became empty,saved_frames/2026-05-26_14-36-22_activity_ended.jpg
f5a3afc2-4617-4858-aac0-b1c63fe5b0d7,2026-05-26 14:36:23,activity_started,counts={'antelope_like': 1},saved_frames/2026-05-26_14-36-23_activity_started.jpg
5ba53bde-c43b-4279-bdd0-ca5ea461c45c,2026-05-26 14:36:23,new_species_detected,species=antelope_like,saved_frames/2026-05-26_14-36-23_new_antelope_like.jpg
92c5fa2e-3958-45c5-8993-845a4d397723,2026-05-26 14:36:24,activity_ended,scene became empty,saved_frames/2026-05-26_14-36-24_activity_ended.jpg
395fd226-6316-4e74-8dca-bb5dbc3286d0,2026-05-26 14:36:26,activity_started,counts={'antelope_like': 1},saved_frames/2026-05-26_14-36-26_activity_started.jpg
61653186-e909-4c6f-8138-f0015161ecf4,2026-05-26 14:36:26,new_species_detected,species=antelope_like,saved_frames/2026-05-26_14-36-26_new_antelope_like.jpg
d024e4ee-8e54-449b-8d1e-958f73c1e29f,2026-05-26 14:36:26,activity_ended,scene became empty,saved_frames/2026-05-26_14-36-26_activity_ended.jpg
e73494ef-b297-4dbc-8c76-86fe842e8e9b,2026-05-26 14:36:27,activity_started,counts={'antelope_like': 1},saved_frames/2026-05-26_14-36-27_activity_started.jpg
ecd2af5e-7be3-4254-996b-b95659cf8fd4,2026-05-26 14:36:27,new_species_detected,species=antelope_like,saved_frames/2026-05-26_14-36-27_new_antelope_like.jpg
06c34883-3764-4553-bb0a-43014134c4bf,2026-05-26 14:36:27,activity_ended,scene became empty,saved_frames/2026-05-26_14-36-27_activity_ended.jpg
010dc352-d3dc-481f-804c-25a38e80e81f,2026-05-26 14:36:32,activity_started,counts={'antelope_like': 1},saved_frames/2026-05-26_14-36-32_activity_started.jpg
22392f7f-bfe5-44a7-bed4-08d22ae07139,2026-05-26 14:36:32,new_species_detected,species=antelope_like,saved_frames/2026-05-26_14-36-32_new_antelope_like.jpg
6729e00b-a3f6-4e76-901d-4cd23697e4c9,2026-05-26 14:36:32,activity_ended,scene became empty,saved_frames/2026-05-26_14-36-32_activity_ended.jpg
87a10546-d2dc-45b8-bc1f-a9734eb2c2a8,2026-05-26 14:36:32,activity_started,counts={'antelope_like': 1},saved_frames/2026-05-26_14-36-32_activity_started.jpg
151f9285-2dd3-4ced-9618-9b8a511bc68f,2026-05-26 14:36:32,new_species_detected,species=antelope_like,saved_frames/2026-05-26_14-36-32_new_antelope_like.jpg
6491a2c1-b7a4-41bd-aa93-2228f5c44a27,2026-05-26 14:36:33,activity_ended,scene became empty,saved_frames/2026-05-26_14-36-33_activity_ended.jpg
c49d27e3-ca53-48ba-ab31-8a1faaa863fe,2026-05-26 14:36:34,activity_started,counts={'antelope_like': 1},saved_frames/2026-05-26_14-36-34_activity_started.jpg
7948e89d-d1c3-4432-9188-0b1b242a7798,2026-05-26 14:36:34,new_species_detected,species=antelope_like,saved_frames/2026-05-26_14-36-34_new_antelope_like.jpg
a74c5eb1-0841-4808-b289-2a620c8cfd73,2026-05-26 14:36:34,activity_ended,scene became empty,saved_frames/2026-05-26_14-36-34_activity_ended.jpg
dfff4447-8413-4c69-97ff-e6be395f1418,2026-05-26 14:36:34,activity_started,counts={'antelope_like': 1},saved_frames/2026-05-26_14-36-34_activity_started.jpg
a2a4201e-fd1b-467a-8b23-3a4d626357a4,2026-05-26 14:36:34,new_species_detected,species=antelope_like,saved_frames/2026-05-26_14-36-34_new_antelope_like.jpg
8abf503e-a315-4666-8d8c-162b2fb49fd9,2026-05-26 14:36:35,activity_ended,scene became empty,saved_frames/2026-05-26_14-36-35_activity_ended.jpg
a64ea145-15ec-4696-a79f-4bd990532b92,2026-05-26 14:36:40,activity_started,counts={'antelope_like': 1},saved_frames/2026-05-26_14-36-40_activity_started.jpg
2c356b23-3d11-4373-bed4-07945b11d9d1,2026-05-26 14:36:40,new_species_detected,species=antelope_like,saved_frames/2026-05-26_14-36-40_new_antelope_like.jpg
92a65df3-6ad1-46fe-bc26-2bbb64091513,2026-05-26 14:36:40,activity_ended,scene became empty,saved_frames/2026-05-26_14-36-40_activity_ended.jpg
b10a5363-d153-43fa-aa58-27169982d54c,2026-05-26 14:36:40,activity_started,counts={'antelope_like': 1},saved_frames/2026-05-26_14-36-40_activity_started.jpg
563cca4a-9c40-4aab-a977-1eb6949b0df9,2026-05-26 14:36:40,new_species_detected,species=antelope_like,saved_frames/2026-05-26_14-36-40_new_antelope_like.jpg
0ab5bdf8-5c91-44bc-9e2f-70e9b1096680,2026-05-26 14:36:40,activity_ended,scene became empty,saved_frames/2026-05-26_14-36-40_activity_ended.jpg
fe40b373-a69b-4186-8bef-4df99b6040ce,2026-05-26 14:36:41,activity_started,counts={'antelope_like': 1},saved_frames/2026-05-26_14-36-41_activity_started.jpg
7577c3a3-7709-4f12-82a8-0020133aa9c7,2026-05-26 14:36:41,new_species_detected,species=antelope_like,saved_frames/2026-05-26_14-36-41_new_antelope_like.jpg
f519503b-58b6-4fc1-a34c-71b0319824de,2026-05-26 14:36:41,activity_ended,scene became empty,saved_frames/2026-05-26_14-36-41_activity_ended.jpg
34ec817b-1680-4a79-9fa0-1c4386f5747f,2026-05-26 14:36:51,activity_started,counts={'antelope_like': 1},saved_frames/2026-05-26_14-36-51_activity_started.jpg
43e7cb3d-014b-4e08-83ed-bbb898a74062,2026-05-26 14:36:51,new_species_detected,species=antelope_like,saved_frames/2026-05-26_14-36-51_new_antelope_like.jpg
8b8ad69d-c076-461b-9e7b-495a9ddb3716,2026-05-26 14:36:51,activity_ended,scene became empty,saved_frames/2026-05-26_14-36-51_activity_ended.jpg
ffbf227e-7938-4215-8830-55ba75a99799,2026-05-26 14:36:52,activity_started,counts={'elephant': 1},saved_frames/2026-05-26_14-36-52_activity_started.jpg
a1e63313-845b-4264-a29d-3ca8e594eeca,2026-05-26 14:36:52,new_species_detected,species=elephant,saved_frames/2026-05-26_14-36-52_new_elephant.jpg
a7492c4a-83f2-4510-ba07-7bbf50fe4ab1,2026-05-26 14:36:52,activity_ended,scene became empty,saved_frames/2026-05-26_14-36-52_activity_ended.jpg
2e1de338-f59e-4602-93ac-5dc2ca630ee3,2026-05-26 14:36:53,activity_started,counts={'antelope_like': 1},saved_frames/2026-05-26_14-36-53_activity_started.jpg
d39aaeb3-72b0-4197-9590-3a12a6345c41,2026-05-26 14:36:53,new_species_detected,species=antelope_like,saved_frames/2026-05-26_14-36-53_new_antelope_like.jpg
cd323fbb-7fd2-4011-b9e3-52ca12e17701,2026-05-26 14:36:53,activity_ended,scene became empty,saved_frames/2026-05-26_14-36-53_activity_ended.jpg
d3446fe7-15e6-4cf1-9510-091805813ec2,2026-05-26 14:36:54,activity_started,counts={'antelope_like': 1},saved_frames/2026-05-26_14-36-54_activity_started.jpg
900edc61-ea30-41bb-9db4-8915076fc88c,2026-05-26 14:36:54,new_species_detected,species=antelope_like,saved_frames/2026-05-26_14-36-54_new_antelope_like.jpg
8538f283-dd35-4dcc-b75a-ebbc475cfa5b,2026-05-26 14:36:54,activity_ended,scene became empty,saved_frames/2026-05-26_14-36-54_activity_ended.jpg
2d65934f-2de3-46db-890a-66682c59ee4b,2026-05-26 14:37:01,activity_started,counts={'antelope_like': 1},saved_frames/2026-05-26_14-37-01_activity_started.jpg
38b54269-79ff-4a02-9a40-b0ec06e1cbec,2026-05-26 14:37:01,new_species_detected,species=antelope_like,saved_frames/2026-05-26_14-37-01_new_antelope_like.jpg
769226ea-f6f1-466a-b5b1-0ea6e3deb1b3,2026-05-26 14:37:01,activity_ended,scene became empty,saved_frames/2026-05-26_14-37-01_activity_ended.jpg
0312a2f4-bb68-41f3-a54b-4b52d39eda0b,2026-05-26 14:37:02,activity_started,counts={'antelope_like': 1},saved_frames/2026-05-26_14-37-02_activity_started.jpg
7128fdfb-83bf-4703-8b63-ec23b38a5467,2026-05-26 14:37:02,new_species_detected,species=antelope_like,saved_frames/2026-05-26_14-37-02_new_antelope_like.jpg
aace4350-a726-4472-9a79-3ecf92656f48,2026-05-26 14:37:17,new_species_detected,species=bird,saved_frames/2026-05-26_14-37-17_new_bird.jpg
e7442dd5-3f76-4826-b948-a865366c8660,2026-05-26 14:37:17,multi_species_detected,"species=['antelope_like', 'bird']",saved_frames/2026-05-26_14-37-17_multi_species.jpg
664cbe3b-a07c-4f13-9492-7f2719e030fe,2026-05-26 14:37:26,new_species_detected,species=bird,saved_frames/2026-05-26_14-37-26_new_bird.jpg
9fe0be6d-4f35-4cf7-a913-2b4a91aff027,2026-05-26 14:37:26,multi_species_detected,"species=['antelope_like', 'bird']",saved_frames/2026-05-26_14-37-26_multi_species.jpg
2369cdd5-f4c8-4b28-8017-04b55d4a809d,2026-05-26 14:37:44,activity_ended,scene became empty,saved_frames/2026-05-26_14-37-44_activity_ended.jpg
84fcad6d-c675-48f7-9825-5585fdc3b882,2026-05-26 14:37:44,activity_started,counts={'antelope_like': 1},saved_frames/2026-05-26_14-37-44_activity_started.jpg
bbe38669-4b9d-4916-9362-94b4b3975342,2026-05-26 14:37:44,new_species_detected,species=antelope_like,saved_frames/2026-05-26_14-37-44_new_antelope_like.jpg
9fe97548-5e89-4121-b7a2-704c3ddf4a75,2026-05-26 14:37:55,activity_ended,scene became empty,saved_frames/2026-05-26_14-37-55_activity_ended.jpg
c9b07136-83c1-401f-93db-e517b2e85818,2026-05-26 14:37:55,activity_started,counts={'antelope_like': 1},saved_frames/2026-05-26_14-37-55_activity_started.jpg
171a5cc7-9e7d-4c93-b0c7-868769c9b6db,2026-05-26 14:37:55,new_species_detected,species=antelope_like,saved_frames/2026-05-26_14-37-55_new_antelope_like.jpg
0cdf3dd9-d9c4-4c83-b32c-b91f54ef535d,2026-05-26 14:38:30,activity_ended,scene became empty,saved_frames/2026-05-26_14-38-30_activity_ended.jpg
93068e43-1993-4cf5-b3e0-a7f5ac7c88da,2026-05-26 14:38:31,activity_started,counts={'antelope_like': 1},saved_frames/2026-05-26_14-38-31_activity_started.jpg
ff471880-089c-45e1-9677-f18b635151de,2026-05-26 14:38:31,new_species_detected,species=antelope_like,saved_frames/2026-05-26_14-38-31_new_antelope_like.jpg
dc66a66f-5c0d-4d53-b8c6-db01933978d1,2026-05-26 14:38:35,new_species_detected,species=bird,saved_frames/2026-05-26_14-38-35_new_bird.jpg
3ac82eb9-e01d-485d-aec4-3b7a804206bd,2026-05-26 14:38:35,multi_species_detected,"species=['antelope_like', 'bird']",saved_frames/2026-05-26_14-38-35_multi_species.jpg
65987407-94b7-49d6-9c40-5c6860851e95,2026-05-26 14:38:37,new_species_detected,species=bird,saved_frames/2026-05-26_14-38-37_new_bird.jpg
2425ac14-f1f8-47e6-8ec4-398f7f5c724f,2026-05-26 14:38:37,multi_species_detected,"species=['antelope_like', 'bird']",saved_frames/2026-05-26_14-38-37_multi_species.jpg
7cc61025-8a3d-4086-9f26-0f33031ea33f,2026-05-26 14:38:40,new_species_detected,species=bird,saved_frames/2026-05-26_14-38-40_new_bird.jpg
09194950-7ebc-4ae5-9044-b3f68b84d977,2026-05-26 14:38:40,multi_species_detected,"species=['antelope_like', 'bird']",saved_frames/2026-05-26_14-38-40_multi_species.jpg
ff4af6ba-0c82-4b04-b951-a1942512f48d,2026-05-26 14:38:42,new_species_detected,species=bird,saved_frames/2026-05-26_14-38-42_new_bird.jpg
639fc8dc-5b7f-4168-beff-8a46d66b5827,2026-05-26 14:38:42,multi_species_detected,"species=['antelope_like', 'bird']",saved_frames/2026-05-26_14-38-42_multi_species.jpg
fe377d49-2382-41f2-9e57-2edbd21da1a8,2026-05-26 14:38:46,new_species_detected,species=bird,saved_frames/2026-05-26_14-38-46_new_bird.jpg
28efc012-fcb9-45c7-b8dc-517d217c5d74,2026-05-26 14:38:46,multi_species_detected,"species=['antelope_like', 'bird']",saved_frames/2026-05-26_14-38-46_multi_species.jpg
314bc1ef-d1fa-4e84-a653-84860f8baaa3,2026-05-26 14:38:52,new_species_detected,species=ungulate,saved_frames/2026-05-26_14-38-52_new_ungulate.jpg
34924375-8f9b-4dc5-b614-e96dbac79e3a,2026-05-26 14:38:53,new_species_detected,species=antelope_like,saved_frames/2026-05-26_14-38-53_new_antelope_like.jpg
6b567943-2a57-466c-af6d-4f8d80a83aef,2026-05-26 14:38:54,activity_ended,scene became empty,saved_frames/2026-05-26_14-38-54_activity_ended.jpg
8097a54b-45ab-46fa-94df-85782dae216c,2026-05-26 14:38:54,activity_started,counts={'antelope_like': 1},saved_frames/2026-05-26_14-38-54_activity_started.jpg
5fbf8152-374a-4710-b62d-11f610482e59,2026-05-26 14:38:54,new_species_detected,species=antelope_like,saved_frames/2026-05-26_14-38-54_new_antelope_like.jpg
28ea37dc-cccb-4704-ab46-90c3276a3ef5,2026-05-26 14:38:54,activity_ended,scene became empty,saved_frames/2026-05-26_14-38-54_activity_ended.jpg
f8efa306-12ad-4be8-aee1-fa8460ca68ad,2026-05-26 14:38:55,activity_started,counts={'antelope_like': 1},saved_frames/2026-05-26_14-38-55_activity_started.jpg
9315e921-c25a-49a2-bf55-02e4901df056,2026-05-26 14:38:55,new_species_detected,species=antelope_like,saved_frames/2026-05-26_14-38-55_new_antelope_like.jpg
3782f45f-6ff0-4d11-8b7c-a8ad8110f61f,2026-05-26 14:38:55,activity_ended,scene became empty,saved_frames/2026-05-26_14-38-55_activity_ended.jpg
309ec3d3-a0e2-4520-bfc9-04806eb6a6d5,2026-05-26 14:38:55,activity_started,counts={'antelope_like': 1},saved_frames/2026-05-26_14-38-55_activity_started.jpg
35df8b01-5b40-4755-bfeb-7c3a311fc9b2,2026-05-26 14:38:55,new_species_detected,species=antelope_like,saved_frames/2026-05-26_14-38-55_new_antelope_like.jpg
ad3c7693-e37e-410a-9817-1b41f671ef55,2026-05-26 14:38:59,activity_ended,scene became empty,saved_frames/2026-05-26_14-38-59_activity_ended.jpg
dd4d9650-5a33-4f11-be05-a39fa821d5bd,2026-05-26 14:39:02,activity_started,counts={'antelope_like': 1},saved_frames/2026-05-26_14-39-02_activity_started.jpg
ad00ae86-7da3-4149-a0db-66ccc50fa4cd,2026-05-26 14:39:02,new_species_detected,species=antelope_like,saved_frames/2026-05-26_14-39-02_new_antelope_like.jpg
75bb25e4-f455-4b82-adad-95b7bec7927c,2026-05-26 14:39:02,activity_ended,scene became empty,saved_frames/2026-05-26_14-39-02_activity_ended.jpg
e3da3832-f3dc-4e98-af4c-a63f077776bb,2026-05-26 14:39:02,activity_started,counts={'antelope_like': 1},saved_frames/2026-05-26_14-39-02_activity_started.jpg
050be4a1-521a-4784-86b6-447fac60d5d9,2026-05-26 14:39:02,new_species_detected,species=antelope_like,saved_frames/2026-05-26_14-39-02_new_antelope_like.jpg
72fcca3c-f910-43a7-89fe-758793c141a1,2026-05-26 14:39:14,activity_ended,scene became empty,saved_frames/2026-05-26_14-39-14_activity_ended.jpg
fbc0cad1-2c96-40a3-b979-4fc020ab58d8,2026-05-26 14:39:14,activity_started,counts={'antelope_like': 1},saved_frames/2026-05-26_14-39-14_activity_started.jpg
92c382d9-cf29-4e70-9eb7-9688eac88934,2026-05-26 14:39:14,new_species_detected,species=antelope_like,saved_frames/2026-05-26_14-39-14_new_antelope_like.jpg
d992dd36-d320-4a24-8243-3f67e2e9a69f,2026-05-26 14:39:14,activity_ended,scene became empty,saved_frames/2026-05-26_14-39-14_activity_ended.jpg
258c3986-4196-4097-873e-2d53d536a6aa,2026-05-26 14:39:14,activity_started,counts={'antelope_like': 1},saved_frames/2026-05-26_14-39-14_activity_started.jpg
b89631e8-5fa9-43d3-8ed5-c48492d3ed3a,2026-05-26 14:39:14,new_species_detected,species=antelope_like,saved_frames/2026-05-26_14-39-14_new_antelope_like.jpg
dc85d795-d9a3-40b8-85a7-b3bccc1670a0,2026-05-26 14:39:17,activity_ended,scene became empty,saved_frames/2026-05-26_14-39-17_activity_ended.jpg
febf8782-006a-4835-9769-9cde9cc4bed8,2026-05-26 14:39:17,activity_started,counts={'antelope_like': 1},saved_frames/2026-05-26_14-39-17_activity_started.jpg
5f846e2e-3dc9-43c8-8597-93fa002507a3,2026-05-26 14:39:17,new_species_detected,species=antelope_like,saved_frames/2026-05-26_14-39-17_new_antelope_like.jpg
b112e5b3-9282-4803-ba63-8d65db00f666,2026-05-26 14:39:21,new_species_detected,species=bird,saved_frames/2026-05-26_14-39-21_new_bird.jpg
d078dcd7-cb93-4879-856a-280a30fa6c56,2026-05-26 14:39:21,multi_species_detected,"species=['antelope_like', 'bird']",saved_frames/2026-05-26_14-39-21_multi_species.jpg
7b21fdf2-a077-43b3-8f43-7d52a9d082d6,2026-05-26 14:39:23,new_species_detected,species=bird,saved_frames/2026-05-26_14-39-23_new_bird.jpg
aa62115c-31d6-4fd4-a5f6-13623936191b,2026-05-26 14:39:23,multi_species_detected,"species=['antelope_like', 'bird']",saved_frames/2026-05-26_14-39-23_multi_species.jpg
62c6e70f-e254-489f-bbec-9a29c2836f17,2026-05-26 14:39:24,activity_ended,scene became empty,saved_frames/2026-05-26_14-39-24_activity_ended.jpg
e9dc7ac1-b6f9-4266-8daf-85275892285f,2026-05-26 14:39:24,activity_started,counts={'bird': 1},saved_frames/2026-05-26_14-39-24_activity_started.jpg
160dd2d5-98a7-4a69-8ff6-3bb70467223d,2026-05-26 14:39:24,new_species_detected,species=bird,saved_frames/2026-05-26_14-39-24_new_bird.jpg
141f2fe7-1085-4791-ae3d-3fbbbfa2eead,2026-05-26 14:39:25,activity_ended,scene became empty,saved_frames/2026-05-26_14-39-25_activity_ended.jpg
ac81bda8-9fd5-4253-baa0-bef04b398b9d,2026-05-26 14:39:26,activity_started,counts={'bird': 1},saved_frames/2026-05-26_14-39-26_activity_started.jpg
e6504a7f-c1d8-4a5f-bd67-d6a90c63cb37,2026-05-26 14:39:26,new_species_detected,species=bird,saved_frames/2026-05-26_14-39-26_new_bird.jpg
f1ace632-865e-48fe-bb8c-4780d28f0c50,2026-05-26 14:39:26,activity_ended,scene became empty,saved_frames/2026-05-26_14-39-26_activity_ended.jpg
46c22e91-c577-461e-95a8-7b3cee7ead9b,2026-05-26 14:39:29,activity_started,counts={'antelope_like': 1},saved_frames/2026-05-26_14-39-29_activity_started.jpg
39cbd9b7-6d52-482a-884c-aa0fd72690db,2026-05-26 14:39:29,new_species_detected,species=antelope_like,saved_frames/2026-05-26_14-39-29_new_antelope_like.jpg
0a844048-9fcb-40f7-8ee9-334e641caa32,2026-05-26 14:39:29,activity_ended,scene became empty,saved_frames/2026-05-26_14-39-29_activity_ended.jpg
390a91a5-5f99-4fd3-b9a3-44bcf8fbabb4,2026-05-26 14:39:29,activity_started,counts={'antelope_like': 1},saved_frames/2026-05-26_14-39-29_activity_started.jpg
a2534c4d-9334-43b4-9978-4f0cc30112ae,2026-05-26 14:39:29,new_species_detected,species=antelope_like,saved_frames/2026-05-26_14-39-29_new_antelope_like.jpg
fe4a6384-8bf0-4c09-968d-ec2831990457,2026-05-26 14:39:29,activity_ended,scene became empty,saved_frames/2026-05-26_14-39-29_activity_ended.jpg
581800bc-7b3c-4c57-93cb-52bdd0ccea63,2026-05-26 14:39:29,activity_started,counts={'antelope_like': 1},saved_frames/2026-05-26_14-39-29_activity_started.jpg
2cf50d29-d15e-4263-b3f8-7665839d8aa3,2026-05-26 14:39:29,new_species_detected,species=antelope_like,saved_frames/2026-05-26_14-39-29_new_antelope_like.jpg
3444a2be-a89a-49e2-becd-d5fc9ef04eb2,2026-05-26 14:39:30,activity_ended,scene became empty,saved_frames/2026-05-26_14-39-30_activity_ended.jpg
db15a80e-6a7f-481d-ab64-9079f07c274e,2026-05-26 14:39:31,activity_started,counts={'antelope_like': 1},saved_frames/2026-05-26_14-39-31_activity_started.jpg
a2ed3265-c36e-4fff-a07d-1e03de580f53,2026-05-26 14:39:31,new_species_detected,species=antelope_like,saved_frames/2026-05-26_14-39-31_new_antelope_like.jpg
4c1d813a-7a04-446c-a3ba-387fcb84556e,2026-05-26 14:39:31,activity_ended,scene became empty,saved_frames/2026-05-26_14-39-31_activity_ended.jpg
afc3024f-3ad3-4c0c-8457-283877e43158,2026-05-26 14:39:31,activity_started,counts={'antelope_like': 1},saved_frames/2026-05-26_14-39-31_activity_started.jpg
c1971b58-3d46-46f8-977a-0eda48bf1d6c,2026-05-26 14:39:31,new_species_detected,species=antelope_like,saved_frames/2026-05-26_14-39-31_new_antelope_like.jpg
0058e947-08eb-4201-ac15-aac4e44392c7,2026-05-26 14:39:32,activity_ended,scene became empty,saved_frames/2026-05-26_14-39-32_activity_ended.jpg
10137830-8d1a-4053-b2bd-b7a19877e22e,2026-05-26 14:39:32,activity_started,counts={'antelope_like': 1},saved_frames/2026-05-26_14-39-32_activity_started.jpg
b73aa5bc-047f-417f-9d18-354f66a34085,2026-05-26 14:39:32,new_species_detected,species=antelope_like,saved_frames/2026-05-26_14-39-32_new_antelope_like.jpg
4acd19aa-2ff0-423f-a493-5a71a947bfae,2026-05-26 14:39:34,activity_ended,scene became empty,saved_frames/2026-05-26_14-39-34_activity_ended.jpg
51449c5b-cc08-4943-8bf9-9da9d1a9b7ad,2026-05-26 14:39:35,activity_started,counts={'antelope_like': 1},saved_frames/2026-05-26_14-39-35_activity_started.jpg
84322713-48db-406a-8de0-18cf43fdbf3b,2026-05-26 14:39:35,new_species_detected,species=antelope_like,saved_frames/2026-05-26_14-39-35_new_antelope_like.jpg
549fc6e4-8604-48b5-b48c-fddeed2ee78a,2026-05-26 14:39:37,activity_ended,scene became empty,saved_frames/2026-05-26_14-39-37_activity_ended.jpg
687d98bb-b771-413b-8bfd-0ced94f2dfb4,2026-05-26 14:39:37,activity_started,counts={'antelope_like': 1},saved_frames/2026-05-26_14-39-37_activity_started.jpg
048c7efe-95d4-4302-8abc-910c22d28c62,2026-05-26 14:39:37,new_species_detected,species=antelope_like,saved_frames/2026-05-26_14-39-37_new_antelope_like.jpg
00f6486c-bf4b-4bc5-80a1-2c74de9f2b6f,2026-05-26 14:39:37,activity_ended,scene became empty,saved_frames/2026-05-26_14-39-37_activity_ended.jpg
6fbd9c56-60f8-4a71-98e4-1601c07d603a,2026-05-26 14:39:38,activity_started,counts={'antelope_like': 1},saved_frames/2026-05-26_14-39-38_activity_started.jpg
e0fadc9a-c1bf-4c79-9e91-0971fca6bf94,2026-05-26 14:39:38,new_species_detected,species=antelope_like,saved_frames/2026-05-26_14-39-38_new_antelope_like.jpg
8d397ca7-b5c3-417c-81c3-54da4bff217e,2026-05-26 14:39:40,activity_ended,scene became empty,saved_frames/2026-05-26_14-39-40_activity_ended.jpg
a7ed3c70-0750-4106-acdd-7aad2e28cf62,2026-05-26 14:39:41,activity_started,counts={'antelope_like': 1},saved_frames/2026-05-26_14-39-41_activity_started.jpg
777987c1-d5d0-46c0-92a6-e569b4fe792a,2026-05-26 14:39:41,new_species_detected,species=antelope_like,saved_frames/2026-05-26_14-39-41_new_antelope_like.jpg
746d0435-a43c-416f-9296-e593b2fd5d80,2026-05-26 14:39:44,new_species_detected,species=bird,saved_frames/2026-05-26_14-39-44_new_bird.jpg
083e1016-e4fe-4ea5-9af8-a40a7ebb5951,2026-05-26 14:39:44,multi_species_detected,"species=['antelope_like', 'bird']",saved_frames/2026-05-26_14-39-44_multi_species.jpg
469b5902-ae97-46f3-b013-131f561f07f8,2026-05-26 14:39:45,activity_ended,scene became empty,saved_frames/2026-05-26_14-39-45_activity_ended.jpg
5e4d6b2d-52e5-4875-abd0-d2fc7f09042f,2026-05-26 14:39:46,activity_started,counts={'antelope_like': 1},saved_frames/2026-05-26_14-39-46_activity_started.jpg
70b30f1d-e1bc-40c9-9b09-3f5adffc9710,2026-05-26 14:39:46,new_species_detected,species=antelope_like,saved_frames/2026-05-26_14-39-46_new_antelope_like.jpg
e8d3d71a-225f-49d4-bbb4-0da0951a06af,2026-05-26 14:39:49,activity_ended,scene became empty,saved_frames/2026-05-26_14-39-49_activity_ended.jpg
e3f5cdc7-78bf-43da-9dc8-74997e1d2de8,2026-05-26 14:39:49,activity_started,counts={'antelope_like': 1},saved_frames/2026-05-26_14-39-49_activity_started.jpg
d12545c0-a547-43bf-b9c9-92d692c11dc3,2026-05-26 14:39:49,new_species_detected,species=antelope_like,saved_frames/2026-05-26_14-39-49_new_antelope_like.jpg
12c4d72d-f921-4c42-9128-786cfd8487a7,2026-05-26 14:39:49,activity_ended,scene became empty,saved_frames/2026-05-26_14-39-49_activity_ended.jpg
2e589177-2351-463b-a770-1aba13993142,2026-05-26 14:39:50,activity_started,counts={'antelope_like': 1},saved_frames/2026-05-26_14-39-50_activity_started.jpg
b583ef93-916e-480e-a590-878a8adaff0b,2026-05-26 14:39:50,new_species_detected,species=antelope_like,saved_frames/2026-05-26_14-39-50_new_antelope_like.jpg
d2afc8b1-07e5-4649-8fc0-89edee0ccd67,2026-05-26 14:39:50,activity_ended,scene became empty,saved_frames/2026-05-26_14-39-50_activity_ended.jpg
dc75ee8b-b3f4-4131-bd7a-6a2597c73f00,2026-05-26 14:39:50,activity_started,counts={'antelope_like': 1},saved_frames/2026-05-26_14-39-50_activity_started.jpg
073d5752-b0c6-4ec4-8ec1-ea6448d3f7b8,2026-05-26 14:39:50,new_species_detected,species=antelope_like,saved_frames/2026-05-26_14-39-50_new_antelope_like.jpg
d9d8f5eb-db74-434d-ae73-02277a607a58,2026-05-26 14:39:51,activity_ended,scene became empty,saved_frames/2026-05-26_14-39-51_activity_ended.jpg
bf1dc3f8-a826-48eb-8a78-af35cb6e1572,2026-05-26 14:39:51,activity_started,counts={'antelope_like': 1},saved_frames/2026-05-26_14-39-51_activity_started.jpg
bc54b3cb-8879-426e-8305-fc697b6da62b,2026-05-26 14:39:51,new_species_detected,species=antelope_like,saved_frames/2026-05-26_14-39-51_new_antelope_like.jpg
b07293bf-f772-4fc9-be0f-f7d3ff099e2e,2026-05-26 14:39:51,activity_ended,scene became empty,saved_frames/2026-05-26_14-39-51_activity_ended.jpg
e217be5f-3f82-437b-ae17-0289781aab16,2026-05-26 14:39:51,activity_started,counts={'antelope_like': 1},saved_frames/2026-05-26_14-39-51_activity_started.jpg
cec856f1-6971-4b59-8d8e-d6900de12ec7,2026-05-26 14:39:51,new_species_detected,species=antelope_like,saved_frames/2026-05-26_14-39-51_new_antelope_like.jpg
ad9be281-9ec9-40a9-ae2d-66988a8122f9,2026-05-26 14:40:38,new_species_detected,species=ungulate,saved_frames/2026-05-26_14-40-38_new_ungulate.jpg
8c1eb0d3-ef72-45a9-bd73-c58123fbc7b2,2026-05-26 14:40:38,new_species_detected,species=antelope_like,saved_frames/2026-05-26_14-40-38_new_antelope_like.jpg
dc9bc156-faed-4dcc-9d19-822d8e96e8a7,2026-05-26 14:40:42,activity_ended,scene became empty,saved_frames/2026-05-26_14-40-42_activity_ended.jpg
c6ec6934-d57a-4de2-b1f7-d41dcdf875ee,2026-05-26 14:40:43,activity_started,counts={'antelope_like': 1},saved_frames/2026-05-26_14-40-43_activity_started.jpg
43f553f6-9dd2-4521-bd74-c49c3797437c,2026-05-26 14:40:43,new_species_detected,species=antelope_like,saved_frames/2026-05-26_14-40-43_new_antelope_like.jpg
2cfa4885-21f2-4f36-8c66-4cbc6222c2d0,2026-05-26 14:41:06,activity_ended,scene became empty,saved_frames/2026-05-26_14-41-06_activity_ended.jpg
69bdd056-b5c4-4633-aed5-eeba50458e99,2026-05-26 14:41:06,activity_started,counts={'antelope_like': 1},saved_frames/2026-05-26_14-41-06_activity_started.jpg
583ee2e8-68a6-4735-9380-e0142da06c2b,2026-05-26 14:41:06,new_species_detected,species=antelope_like,saved_frames/2026-05-26_14-41-06_new_antelope_like.jpg
7a797c7b-4800-4c07-9fab-b4767c4f445c,2026-05-26 14:41:07,activity_ended,scene became empty,saved_frames/2026-05-26_14-41-07_activity_ended.jpg
6a0c5fbb-643f-43d4-8bb2-5c77ecc2e3f9,2026-05-26 14:41:07,activity_started,counts={'antelope_like': 1},saved_frames/2026-05-26_14-41-07_activity_started.jpg
ebe2209f-9a08-4ca4-bebf-ee0f34fbe8f5,2026-05-26 14:41:07,new_species_detected,species=antelope_like,saved_frames/2026-05-26_14-41-07_new_antelope_like.jpg
85edd338-86f4-4c2f-8c61-cfc2fa2d7948,2026-05-26 14:41:55,new_species_detected,species=bird,saved_frames/2026-05-26_14-41-55_new_bird.jpg
8ec20b2e-d5c5-437e-acb7-abd032a1d4f0,2026-05-26 14:41:55,multi_species_detected,"species=['antelope_like', 'bird']",saved_frames/2026-05-26_14-41-55_multi_species.jpg
f0966fcd-0b5c-4113-a74f-eeca1b34f511,2026-05-26 14:41:56,new_species_detected,species=bird,saved_frames/2026-05-26_14-41-56_new_bird.jpg
ed81d760-568a-44bb-9cce-5e311b98a1b1,2026-05-26 14:41:56,multi_species_detected,"species=['antelope_like', 'bird']",saved_frames/2026-05-26_14-41-56_multi_species.jpg
cff59c82-04fb-4ae6-b2fe-18d1b5bc2dcc,2026-05-26 14:41:56,new_species_detected,species=bird,saved_frames/2026-05-26_14-41-56_new_bird.jpg
b6a678b8-736d-4237-9ba1-18aee14b0778,2026-05-26 14:41:56,multi_species_detected,"species=['antelope_like', 'bird']",saved_frames/2026-05-26_14-41-56_multi_species.jpg
b63fb3ac-21c4-46df-98b0-f167396bf007,2026-05-26 14:41:57,new_species_detected,species=bird,saved_frames/2026-05-26_14-41-57_new_bird.jpg
e1ff0a39-d66d-49c4-8b55-84d84fbab3f2,2026-05-26 14:41:57,multi_species_detected,"species=['antelope_like', 'bird']",saved_frames/2026-05-26_14-41-57_multi_species.jpg
4d253222-2a8a-4c32-bfcd-d78e1103020a,2026-05-26 14:41:58,new_species_detected,species=bird,saved_frames/2026-05-26_14-41-58_new_bird.jpg
8e62c99a-c37a-4050-81b0-1f5e5cda5594,2026-05-26 14:41:58,multi_species_detected,"species=['antelope_like', 'bird']",saved_frames/2026-05-26_14-41-58_multi_species.jpg
ee1d9a4c-e0d8-49f7-b6e9-dd3957b9d9cb,2026-05-26 14:41:58,new_species_detected,species=bird,saved_frames/2026-05-26_14-41-58_new_bird.jpg
f6bda377-c35e-43ff-aea9-2320b35ec391,2026-05-26 14:41:58,multi_species_detected,"species=['antelope_like', 'bird']",saved_frames/2026-05-26_14-41-58_multi_species.jpg
4ea4b76e-5b93-4c2f-bbf6-b68415705420,2026-05-26 14:42:49,activity_ended,scene became empty,saved_frames/2026-05-26_14-42-49_activity_ended.jpg
830ffe6f-bcf1-4b1c-8931-398647cf6902,2026-05-26 14:42:49,activity_started,counts={'antelope_like': 1},saved_frames/2026-05-26_14-42-49_activity_started.jpg
806f7d69-3996-4674-878f-9d84e285e2db,2026-05-26 14:42:49,new_species_detected,species=antelope_like,saved_frames/2026-05-26_14-42-49_new_antelope_like.jpg
a2c6436b-0624-4eff-8444-64b244f86be2,2026-05-26 14:43:03,activity_ended,scene became empty,saved_frames/2026-05-26_14-43-03_activity_ended.jpg
02d9f23a-7935-46c1-885a-44c51b62b7f3,2026-05-26 14:43:04,activity_started,counts={'antelope_like': 1},saved_frames/2026-05-26_14-43-04_activity_started.jpg
52dead3d-731d-44dd-b952-23e76647d985,2026-05-26 14:43:04,new_species_detected,species=antelope_like,saved_frames/2026-05-26_14-43-04_new_antelope_like.jpg
78c1f40e-2ba6-440c-ac97-76474edc4795,2026-05-26 14:43:47,activity_ended,scene became empty,saved_frames/2026-05-26_14-43-47_activity_ended.jpg
48b58b30-d6ae-424f-bb20-82c8c9d5aed3,2026-05-26 14:43:47,activity_started,counts={'antelope_like': 1},saved_frames/2026-05-26_14-43-47_activity_started.jpg
9dad0dad-c640-4752-b8e4-154fca392412,2026-05-26 14:43:47,new_species_detected,species=antelope_like,saved_frames/2026-05-26_14-43-47_new_antelope_like.jpg
7b89a94c-c31a-4071-ad67-ac819b07c49c,2026-05-26 14:43:47,activity_ended,scene became empty,saved_frames/2026-05-26_14-43-47_activity_ended.jpg
f2dd209c-0dac-41af-a025-43ca59da0bec,2026-05-26 14:43:48,activity_started,counts={'antelope_like': 1},saved_frames/2026-05-26_14-43-48_activity_started.jpg
cda485d4-4acc-46db-8add-166d6f609a0f,2026-05-26 14:43:48,new_species_detected,species=antelope_like,saved_frames/2026-05-26_14-43-48_new_antelope_like.jpg
7cb6399a-2630-4b73-816f-014ed3088f2c,2026-05-26 14:50:31,activity_started,counts={'antelope_like': 1},saved_frames/2026-05-26_14-50-31_activity_started.jpg
1b009f65-064c-4c43-9b20-fc49bbf9f74f,2026-05-26 14:50:31,new_species_detected,species=antelope_like,saved_frames/2026-05-26_14-50-31_new_antelope_like.jpg
4d4fa98d-f19c-4e01-851a-2aa897ae4827,2026-05-26 14:50:31,activity_ended,scene became empty,saved_frames/2026-05-26_14-50-31_activity_ended.jpg
79ac2526-43e0-4e41-be3a-bdaa56e1e69b,2026-05-26 14:50:32,activity_started,counts={'antelope_like': 1},saved_frames/2026-05-26_14-50-32_activity_started.jpg
4d87865a-dd87-4af8-9691-2cf22951fc90,2026-05-26 14:50:32,new_species_detected,species=antelope_like,saved_frames/2026-05-26_14-50-32_new_antelope_like.jpg
6c6668bf-4177-40c1-87a8-3379e80963bf,2026-05-26 14:50:34,activity_ended,scene became empty,saved_frames/2026-05-26_14-50-34_activity_ended.jpg
c58fa29a-fa0d-47d3-8148-d104b96eacd5,2026-05-26 14:50:34,activity_started,counts={'antelope_like': 1},saved_frames/2026-05-26_14-50-34_activity_started.jpg
e1f27e62-0725-442c-a529-fab4e7f1aae8,2026-05-26 14:50:34,new_species_detected,species=antelope_like,saved_frames/2026-05-26_14-50-34_new_antelope_like.jpg
76dc2685-89fa-401e-b9f2-7f6dd6285984,2026-05-26 14:50:34,activity_ended,scene became empty,saved_frames/2026-05-26_14-50-34_activity_ended.jpg
2b100bcd-2cdc-4395-9da0-b5cef92d3efd,2026-05-26 14:50:35,activity_started,counts={'antelope_like': 1},saved_frames/2026-05-26_14-50-35_activity_started.jpg
2f7f7b82-85e9-4b4a-b7a5-464cddc12299,2026-05-26 14:50:35,new_species_detected,species=antelope_like,saved_frames/2026-05-26_14-50-35_new_antelope_like.jpg
15752148-3a87-4345-9675-d8b6d13d6eaa,2026-05-26 14:50:37,activity_ended,scene became empty,saved_frames/2026-05-26_14-50-37_activity_ended.jpg
6f1b39c8-ffd2-4d15-ab81-1ea7061d4972,2026-05-26 14:50:37,activity_started,counts={'antelope_like': 1},saved_frames/2026-05-26_14-50-37_activity_started.jpg
fa7f46b4-de82-4ea2-95b0-e404837ebebf,2026-05-26 14:50:37,new_species_detected,species=antelope_like,saved_frames/2026-05-26_14-50-37_new_antelope_like.jpg
39305db4-d718-4092-915c-e1405daef3bd,2026-05-26 14:50:37,activity_ended,scene became empty,saved_frames/2026-05-26_14-50-37_activity_ended.jpg
4e1bf6ec-13db-4d33-b541-5c5ab8af9771,2026-05-26 14:50:38,activity_started,counts={'antelope_like': 1},saved_frames/2026-05-26_14-50-38_activity_started.jpg
8ee7bcd3-4a20-48b2-a95c-8c3fabcbb05a,2026-05-26 14:50:38,new_species_detected,species=antelope_like,saved_frames/2026-05-26_14-50-38_new_antelope_like.jpg
92578e82-80b3-46de-8b6e-634c9010954d,2026-05-26 14:50:38,activity_ended,scene became empty,saved_frames/2026-05-26_14-50-38_activity_ended.jpg
933b51bd-4148-429e-bf08-622bab12952e,2026-05-26 14:50:38,activity_started,counts={'antelope_like': 1},saved_frames/2026-05-26_14-50-38_activity_started.jpg
41f14030-ea33-40e9-ad65-c4feb30caa81,2026-05-26 14:50:38,new_species_detected,species=antelope_like,saved_frames/2026-05-26_14-50-38_new_antelope_like.jpg
251413b8-3fac-4d30-84d4-cec7821c9b63,2026-05-26 14:52:27,activity_ended,scene became empty,saved_frames/2026-05-26_14-52-27_activity_ended.jpg
a3916712-bae5-4509-81d6-69b5ccef3cb8,2026-05-26 14:52:27,activity_started,counts={'antelope_like': 1},saved_frames/2026-05-26_14-52-27_activity_started.jpg
ee62a2e7-5d9d-40ae-9b71-01f2873ecf5c,2026-05-26 14:52:27,new_species_detected,species=antelope_like,saved_frames/2026-05-26_14-52-27_new_antelope_like.jpg
9b057bf3-d6a4-4a99-bc66-1d92c0a80e5a,2026-05-26 15:10:32,activity_started,counts={'antelope_like': 1},saved_frames/2026-05-26_15-10-32_activity_started.jpg
c8d468f6-4730-49fb-98f4-20af850f66f7,2026-05-26 15:10:32,new_species_detected,species=antelope_like,saved_frames/2026-05-26_15-10-32_new_antelope_like.jpg
5abffb04-5800-42cc-9b23-aa350036fec1,2026-05-26 15:10:33,activity_ended,scene became empty,saved_frames/2026-05-26_15-10-33_activity_ended.jpg
2e1aa707-2f43-49c5-bdd1-cacd6565c48f,2026-05-26 15:10:33,activity_started,counts={'antelope_like': 1},saved_frames/2026-05-26_15-10-33_activity_started.jpg
75adbd85-3851-4287-9d11-086e83cdc2d7,2026-05-26 15:10:33,new_species_detected,species=antelope_like,saved_frames/2026-05-26_15-10-33_new_antelope_like.jpg
fd951d83-f137-4350-ac00-97d5d60fa402,2026-05-26 15:10:35,activity_ended,scene became empty,saved_frames/2026-05-26_15-10-35_activity_ended.jpg
95cf0f3d-baf8-4a57-b2e4-19c55fed951d,2026-05-26 15:10:36,activity_started,counts={'antelope_like': 1},saved_frames/2026-05-26_15-10-36_activity_started.jpg
70016be5-0acc-443b-9bbe-ccba51a8304e,2026-05-26 15:10:36,new_species_detected,species=antelope_like,saved_frames/2026-05-26_15-10-36_new_antelope_like.jpg
e215607b-ab02-41d5-b9b7-64b2ccd75f2d,2026-05-26 15:10:36,activity_ended,scene became empty,saved_frames/2026-05-26_15-10-36_activity_ended.jpg
96b1d3dc-c8bf-44f2-94aa-d7cc38da27a5,2026-05-26 15:10:38,activity_started,counts={'antelope_like': 1},saved_frames/2026-05-26_15-10-38_activity_started.jpg
e3c677bd-b7df-4e0a-8dae-a818cb569220,2026-05-26 15:10:38,new_species_detected,species=antelope_like,saved_frames/2026-05-26_15-10-38_new_antelope_like.jpg
75fa568c-025b-4df3-a598-3f3b2ad4c6bc,2026-05-26 15:10:38,activity_ended,scene became empty,saved_frames/2026-05-26_15-10-38_activity_ended.jpg
009cd956-7132-4edb-ba55-b757e5a5e8c5,2026-05-26 15:10:38,activity_started,counts={'antelope_like': 1},saved_frames/2026-05-26_15-10-38_activity_started.jpg
582d2939-8b99-459d-b559-00892fbde529,2026-05-26 15:10:38,new_species_detected,species=antelope_like,saved_frames/2026-05-26_15-10-38_new_antelope_like.jpg
d3143456-dbee-47bb-a344-f337d7e044fe,2026-05-26 15:10:38,activity_ended,scene became empty,saved_frames/2026-05-26_15-10-38_activity_ended.jpg
8ef3e4c8-2051-401c-9a0b-0a45ebcc31ba,2026-05-26 15:10:40,activity_started,counts={'antelope_like': 1},saved_frames/2026-05-26_15-10-40_activity_started.jpg
49adb8f8-9901-4e24-8a74-1c51835401c1,2026-05-26 15:10:40,new_species_detected,species=antelope_like,saved_frames/2026-05-26_15-10-40_new_antelope_like.jpg
b497b153-3194-4fb2-9314-87028686cfe1,2026-05-26 15:10:40,activity_ended,scene became empty,saved_frames/2026-05-26_15-10-40_activity_ended.jpg
cbdaf1fa-c03c-4046-aead-5b62e603fea9,2026-05-26 15:10:40,activity_started,counts={'antelope_like': 1},saved_frames/2026-05-26_15-10-40_activity_started.jpg
35762082-01bf-430f-9583-11a2ae3151bf,2026-05-26 15:10:40,new_species_detected,species=antelope_like,saved_frames/2026-05-26_15-10-40_new_antelope_like.jpg
03286585-c2ea-48ba-b48c-d25f3c4467ba,2026-05-26 15:10:41,activity_ended,scene became empty,saved_frames/2026-05-26_15-10-41_activity_ended.jpg
ae4c979c-3bf6-489d-a15a-b56831caaf51,2026-05-26 15:10:49,activity_started,counts={'antelope_like': 1},saved_frames/2026-05-26_15-10-49_activity_started.jpg
dd5c6b01-62d2-4daa-bfb9-0e6c495b7792,2026-05-26 15:10:49,new_species_detected,species=antelope_like,saved_frames/2026-05-26_15-10-49_new_antelope_like.jpg
3e1c01a9-f6f4-4557-9ca4-3b4835089e97,2026-05-26 15:10:50,activity_ended,scene became empty,saved_frames/2026-05-26_15-10-50_activity_ended.jpg
528e51ad-523b-441c-99de-dbf0e3c246aa,2026-05-26 15:10:50,activity_started,counts={'antelope_like': 1},saved_frames/2026-05-26_15-10-50_activity_started.jpg
f8586d7c-a2c9-4473-bc22-72aa7aa967e5,2026-05-26 15:10:50,new_species_detected,species=antelope_like,saved_frames/2026-05-26_15-10-50_new_antelope_like.jpg
831f4e17-5d7f-43d5-b76e-ab1df6dd67e9,2026-05-26 15:10:50,activity_ended,scene became empty,saved_frames/2026-05-26_15-10-50_activity_ended.jpg
8cc8f267-88c3-4049-bc2d-9a091c400588,2026-05-26 15:10:50,activity_started,counts={'antelope_like': 1},saved_frames/2026-05-26_15-10-50_activity_started.jpg
1dd51c6d-f603-4d1c-8d10-b0f09dd4c638,2026-05-26 15:10:50,new_species_detected,species=antelope_like,saved_frames/2026-05-26_15-10-50_new_antelope_like.jpg
1e8ac822-444d-44fd-9145-a2aca24bb756,2026-05-26 15:10:50,activity_ended,scene became empty,saved_frames/2026-05-26_15-10-50_activity_ended.jpg
ab5d1241-7348-40f6-b860-fc8c5de53e07,2026-05-26 15:10:59,activity_started,counts={'antelope_like': 1},saved_frames/2026-05-26_15-10-59_activity_started.jpg
f4e0b84f-d4ff-4cfd-87bf-9209f999d46a,2026-05-26 15:10:59,new_species_detected,species=antelope_like,saved_frames/2026-05-26_15-10-59_new_antelope_like.jpg
40aaf142-6dbe-4694-9745-4c7ff7e34a44,2026-05-26 15:10:59,activity_ended,scene became empty,saved_frames/2026-05-26_15-10-59_activity_ended.jpg
0beb9236-2007-4f25-8676-54af2f197ca5,2026-05-26 15:11:02,activity_started,counts={'antelope_like': 1},saved_frames/2026-05-26_15-11-02_activity_started.jpg
0aca23ee-ffeb-4a7e-b4cd-7ac1b38581f7,2026-05-26 15:11:02,new_species_detected,species=antelope_like,saved_frames/2026-05-26_15-11-02_new_antelope_like.jpg
dd2449b1-4897-4cd8-b35e-d327ad328846,2026-05-26 15:11:02,activity_ended,scene became empty,saved_frames/2026-05-26_15-11-02_activity_ended.jpg
fa05ea71-8aac-411a-a154-2552c05bfa3c,2026-05-26 15:11:02,activity_started,counts={'antelope_like': 1},saved_frames/2026-05-26_15-11-02_activity_started.jpg
17de49e5-f2a2-4295-a3ab-714392bf2435,2026-05-26 15:11:02,new_species_detected,species=antelope_like,saved_frames/2026-05-26_15-11-02_new_antelope_like.jpg
775d0058-0af7-4da7-b855-e38e1038df18,2026-05-26 15:11:02,activity_ended,scene became empty,saved_frames/2026-05-26_15-11-02_activity_ended.jpg
e65c6d2e-f8fd-47fa-88f6-78bbc521bf4f,2026-05-26 15:11:02,activity_started,counts={'antelope_like': 1},saved_frames/2026-05-26_15-11-02_activity_started.jpg
063ab78d-fb53-47ef-bd29-50016c17ac49,2026-05-26 15:11:02,new_species_detected,species=antelope_like,saved_frames/2026-05-26_15-11-02_new_antelope_like.jpg
bfda7787-5043-43ca-a3af-2bd6f1fb7ded,2026-05-26 15:11:02,activity_ended,scene became empty,saved_frames/2026-05-26_15-11-02_activity_ended.jpg
ddeff953-bb71-4c8e-91d3-5065eb90c1ef,2026-05-26 15:11:02,activity_started,counts={'antelope_like': 1},saved_frames/2026-05-26_15-11-02_activity_started.jpg
1236079e-659a-41f0-accc-fd5b048957a5,2026-05-26 15:11:02,new_species_detected,species=antelope_like,saved_frames/2026-05-26_15-11-02_new_antelope_like.jpg
202fdb4c-94ed-4bb9-bb6d-05a9a66943ad,2026-05-26 15:11:03,activity_ended,scene became empty,saved_frames/2026-05-26_15-11-03_activity_ended.jpg
ebe6edfd-1861-46e0-94bd-2f352ed9cd4d,2026-05-26 15:11:03,activity_started,counts={'antelope_like': 1},saved_frames/2026-05-26_15-11-03_activity_started.jpg
e4ce9a0b-cdd0-4b17-97d5-7a038e1994c7,2026-05-26 15:11:03,new_species_detected,species=antelope_like,saved_frames/2026-05-26_15-11-03_new_antelope_like.jpg
cec37629-1251-43f3-9d7f-562576c52973,2026-05-26 15:11:08,activity_ended,scene became empty,saved_frames/2026-05-26_15-11-08_activity_ended.jpg
30d062f1-fcfb-411e-b8d9-69f31280dc7b,2026-05-26 15:11:08,activity_started,counts={'antelope_like': 1},saved_frames/2026-05-26_15-11-08_activity_started.jpg
fc8c1c31-cf42-4f5b-9106-706b5f21a55f,2026-05-26 15:11:08,new_species_detected,species=antelope_like,saved_frames/2026-05-26_15-11-08_new_antelope_like.jpg
737a1520-01f6-4bcb-82d4-99a5f6461846,2026-05-26 15:11:10,activity_ended,scene became empty,saved_frames/2026-05-26_15-11-10_activity_ended.jpg
099a6523-e352-4a26-9dfa-b7a882fe11ef,2026-05-26 15:11:12,activity_started,counts={'antelope_like': 1},saved_frames/2026-05-26_15-11-12_activity_started.jpg
af35e69e-573c-46de-bd9b-86eae82e1214,2026-05-26 15:11:12,new_species_detected,species=antelope_like,saved_frames/2026-05-26_15-11-12_new_antelope_like.jpg
b65376fc-c76b-4aa3-96fc-1d29b5d30688,2026-05-26 15:11:13,activity_ended,scene became empty,saved_frames/2026-05-26_15-11-13_activity_ended.jpg
1b87f320-19da-4761-a7f1-9a2999851c9e,2026-05-26 15:11:16,activity_started,counts={'antelope_like': 1},saved_frames/2026-05-26_15-11-16_activity_started.jpg
b7a4971e-039f-4436-a8f4-f8aacb3a76e2,2026-05-26 15:11:16,new_species_detected,species=antelope_like,saved_frames/2026-05-26_15-11-16_new_antelope_like.jpg
cf760b95-3788-451d-b544-3ca1f0efac42,2026-05-26 15:11:16,activity_ended,scene became empty,saved_frames/2026-05-26_15-11-16_activity_ended.jpg
6ea719e8-5623-475d-b314-59134a74fda5,2026-05-26 15:11:17,activity_started,counts={'antelope_like': 1},saved_frames/2026-05-26_15-11-17_activity_started.jpg
9b49fbfc-c08c-4154-86ae-84fb681dc468,2026-05-26 15:11:17,new_species_detected,species=antelope_like,saved_frames/2026-05-26_15-11-17_new_antelope_like.jpg
22ac8c51-e6b1-4650-9776-a06c6dc2fe69,2026-05-26 15:11:17,activity_ended,scene became empty,saved_frames/2026-05-26_15-11-17_activity_ended.jpg
1443d1b3-b38a-4102-93f5-4083bdc1da64,2026-05-26 15:11:17,activity_started,counts={'antelope_like': 1},saved_frames/2026-05-26_15-11-17_activity_started.jpg
cfdc91fd-4463-4c11-81c8-a46df63317ed,2026-05-26 15:11:17,new_species_detected,species=antelope_like,saved_frames/2026-05-26_15-11-17_new_antelope_like.jpg
e51966cb-dcee-45c1-ac2b-32d69e90f388,2026-05-26 15:11:20,activity_ended,scene became empty,saved_frames/2026-05-26_15-11-20_activity_ended.jpg
3d709377-115f-4962-a3e4-be1c4797b533,2026-05-26 15:11:24,activity_started,counts={'antelope_like': 1},saved_frames/2026-05-26_15-11-24_activity_started.jpg
2cfd8926-a8ec-49e6-b643-99a6f9673405,2026-05-26 15:11:24,new_species_detected,species=antelope_like,saved_frames/2026-05-26_15-11-24_new_antelope_like.jpg
49928a13-f15c-4c8b-a5d2-77b3d8c7e553,2026-05-26 15:11:24,activity_ended,scene became empty,saved_frames/2026-05-26_15-11-24_activity_ended.jpg
0cf54c76-6f26-4fd4-8e16-0c53e8ab81c6,2026-05-26 15:11:26,activity_started,counts={'antelope_like': 1},saved_frames/2026-05-26_15-11-26_activity_started.jpg
4163379a-6d83-4765-b026-91dc605ffb0d,2026-05-26 15:11:26,new_species_detected,species=antelope_like,saved_frames/2026-05-26_15-11-26_new_antelope_like.jpg
cf5688ce-0ec2-48a8-b169-bbd0f02846a5,2026-05-26 15:11:26,activity_ended,scene became empty,saved_frames/2026-05-26_15-11-26_activity_ended.jpg
14577176-baa0-4740-940d-57fd16f46eab,2026-05-26 15:11:26,activity_started,counts={'antelope_like': 1},saved_frames/2026-05-26_15-11-26_activity_started.jpg
a7fda9b5-15bf-4564-8134-ae4596db2aa0,2026-05-26 15:11:26,new_species_detected,species=antelope_like,saved_frames/2026-05-26_15-11-26_new_antelope_like.jpg
e601be21-811a-444e-9d58-fc962ec5d6ec,2026-05-26 15:11:27,activity_ended,scene became empty,saved_frames/2026-05-26_15-11-27_activity_ended.jpg
bd6a6c59-cd13-4181-8d43-ed34e16357be,2026-05-26 15:11:27,activity_started,counts={'antelope_like': 1},saved_frames/2026-05-26_15-11-27_activity_started.jpg
897618f4-3e03-4e6d-9b00-b337f42747a8,2026-05-26 15:11:27,new_species_detected,species=antelope_like,saved_frames/2026-05-26_15-11-27_new_antelope_like.jpg
d576287a-5b69-443b-bd37-9649decab8b1,2026-05-26 15:11:27,activity_ended,scene became empty,saved_frames/2026-05-26_15-11-27_activity_ended.jpg
b76fefa6-3f45-4a77-bbe8-c8599e4d2a78,2026-05-26 15:11:27,activity_started,counts={'antelope_like': 1},saved_frames/2026-05-26_15-11-27_activity_started.jpg
65d58666-f816-416b-9b38-ec1706421783,2026-05-26 15:11:27,new_species_detected,species=antelope_like,saved_frames/2026-05-26_15-11-27_new_antelope_like.jpg
93dba9fb-9899-497c-8166-d3bf28dbf552,2026-05-26 15:11:34,activity_ended,scene became empty,saved_frames/2026-05-26_15-11-34_activity_ended.jpg
421bdd13-8768-407a-ba94-3378493d1d17,2026-05-26 15:11:34,activity_started,counts={'antelope_like': 1},saved_frames/2026-05-26_15-11-34_activity_started.jpg
aa08317b-0f65-45b2-a2dd-360f5e03ddf3,2026-05-26 15:11:34,new_species_detected,species=antelope_like,saved_frames/2026-05-26_15-11-34_new_antelope_like.jpg
d33640e0-81b9-48f3-805a-3f5db20899d1,2026-05-26 15:11:36,activity_ended,scene became empty,saved_frames/2026-05-26_15-11-36_activity_ended.jpg
ca3f9adb-5407-4d10-81c9-077dfc6ccb77,2026-05-26 15:11:36,activity_started,counts={'antelope_like': 1},saved_frames/2026-05-26_15-11-36_activity_started.jpg
e0898caf-2a18-418c-ab5e-889a5a4de28a,2026-05-26 15:11:36,new_species_detected,species=antelope_like,saved_frames/2026-05-26_15-11-36_new_antelope_like.jpg
ccd8e4fa-c894-4321-a1e5-f6ce0b28c290,2026-05-26 15:11:37,activity_ended,scene became empty,saved_frames/2026-05-26_15-11-37_activity_ended.jpg
3e396783-42c3-4ebf-9997-2c950a620101,2026-05-26 15:11:40,activity_started,counts={'antelope_like': 1},saved_frames/2026-05-26_15-11-40_activity_started.jpg
f863617b-c20d-422e-8b00-9d1a4e15a3a4,2026-05-26 15:11:40,new_species_detected,species=antelope_like,saved_frames/2026-05-26_15-11-40_new_antelope_like.jpg
3ceecfc0-e428-483a-85d6-cc2e01bde14b,2026-05-26 15:11:40,activity_ended,scene became empty,saved_frames/2026-05-26_15-11-40_activity_ended.jpg
85fc8084-6d79-4898-8783-4b825c861536,2026-05-26 15:11:40,activity_started,counts={'antelope_like': 1},saved_frames/2026-05-26_15-11-40_activity_started.jpg
e2689406-1b07-403b-ae37-062d1b46dcc7,2026-05-26 15:11:40,new_species_detected,species=antelope_like,saved_frames/2026-05-26_15-11-40_new_antelope_like.jpg
c35e9962-962f-4d84-ade3-df9b48fc7823,2026-05-26 15:11:41,activity_ended,scene became empty,saved_frames/2026-05-26_15-11-41_activity_ended.jpg
cc4f11dd-ad65-4a0d-8337-ade44c41239e,2026-05-26 15:11:44,activity_started,counts={'antelope_like': 1},saved_frames/2026-05-26_15-11-44_activity_started.jpg
ee3ee015-d5dd-4f76-bcec-265d4c0887b4,2026-05-26 15:11:44,new_species_detected,species=antelope_like,saved_frames/2026-05-26_15-11-44_new_antelope_like.jpg
60b417ec-9ad0-426f-a47a-1d8f9b4b4d86,2026-05-26 15:11:48,activity_ended,scene became empty,saved_frames/2026-05-26_15-11-48_activity_ended.jpg
490a0d56-d3f8-491e-be62-538ac16d2357,2026-05-26 15:11:48,activity_started,counts={'antelope_like': 1},saved_frames/2026-05-26_15-11-48_activity_started.jpg
53fd1cd2-9e08-4a58-8c56-cd251135d84d,2026-05-26 15:11:48,new_species_detected,species=antelope_like,saved_frames/2026-05-26_15-11-48_new_antelope_like.jpg
7e3732a2-8c44-440d-8959-698d1c3c66f9,2026-05-26 15:11:48,activity_ended,scene became empty,saved_frames/2026-05-26_15-11-48_activity_ended.jpg
3e2676b8-e7eb-4f3e-97a2-79674881fc03,2026-05-26 15:11:49,activity_started,counts={'antelope_like': 2},saved_frames/2026-05-26_15-11-49_activity_started.jpg
248d7b2e-f3b4-4081-b0c1-9f9ecedfacef,2026-05-26 15:11:49,new_species_detected,species=antelope_like,saved_frames/2026-05-26_15-11-49_new_antelope_like.jpg
397fa666-eef2-4595-ab2a-a19f6c0f5c3f,2026-05-26 15:11:50,activity_ended,scene became empty,saved_frames/2026-05-26_15-11-50_activity_ended.jpg
777faee5-813a-4f8d-a47e-2acf0e8fcdc8,2026-05-26 15:11:51,activity_started,counts={'antelope_like': 1},saved_frames/2026-05-26_15-11-51_activity_started.jpg
966c1491-716a-4917-8582-e28dff7eee13,2026-05-26 15:11:51,new_species_detected,species=antelope_like,saved_frames/2026-05-26_15-11-51_new_antelope_like.jpg
ab9ae33c-a8ff-4938-b09e-ca518e5addeb,2026-05-26 15:11:51,activity_ended,scene became empty,saved_frames/2026-05-26_15-11-51_activity_ended.jpg
e79d46a0-6b82-43ff-9bb7-f667c35ef786,2026-05-26 15:11:51,activity_started,counts={'antelope_like': 1},saved_frames/2026-05-26_15-11-51_activity_started.jpg
58ef9b03-a151-404b-bcb3-618476dd8be2,2026-05-26 15:11:51,new_species_detected,species=antelope_like,saved_frames/2026-05-26_15-11-51_new_antelope_like.jpg
e21682fc-515b-4536-adf8-fbfc2c96d9b6,2026-05-26 15:11:52,activity_ended,scene became empty,saved_frames/2026-05-26_15-11-52_activity_ended.jpg
a33acede-ace5-46e4-9c35-5f88794dc8c7,2026-05-26 15:11:56,activity_started,counts={'antelope_like': 1},saved_frames/2026-05-26_15-11-56_activity_started.jpg
9ba9e522-56bd-4b97-ada6-09181c460315,2026-05-26 15:11:56,new_species_detected,species=antelope_like,saved_frames/2026-05-26_15-11-56_new_antelope_like.jpg
ef3012a2-7252-43fa-950c-5cc25065f35b,2026-05-26 15:11:56,activity_ended,scene became empty,saved_frames/2026-05-26_15-11-56_activity_ended.jpg
ec51b5d0-c578-49cb-9f83-b76eea5978f5,2026-05-26 15:11:56,activity_started,counts={'antelope_like': 1},saved_frames/2026-05-26_15-11-56_activity_started.jpg
78ab6ec3-7492-4d83-827d-94eca88d2977,2026-05-26 15:11:56,new_species_detected,species=antelope_like,saved_frames/2026-05-26_15-11-56_new_antelope_like.jpg
78bfa19b-e566-4b6c-8503-69177a1a15e9,2026-05-26 15:11:57,activity_ended,scene became empty,saved_frames/2026-05-26_15-11-57_activity_ended.jpg
c1677aac-a9fe-423c-8b3e-0be99a95c7e4,2026-05-26 15:11:58,activity_started,counts={'antelope_like': 1},saved_frames/2026-05-26_15-11-58_activity_started.jpg
aa638bf2-3736-444b-aed5-d15d5221510b,2026-05-26 15:11:58,new_species_detected,species=antelope_like,saved_frames/2026-05-26_15-11-58_new_antelope_like.jpg
568ea0e1-00bb-4f5e-91ee-fadbff1a7f57,2026-05-26 15:11:59,activity_ended,scene became empty,saved_frames/2026-05-26_15-11-59_activity_ended.jpg
09d31fb4-f5a5-4d26-8fea-280f6f3ac2f0,2026-05-26 15:12:00,activity_started,counts={'antelope_like': 1},saved_frames/2026-05-26_15-12-00_activity_started.jpg
380b33ff-83a9-4899-a57a-69239e534d11,2026-05-26 15:12:00,new_species_detected,species=antelope_like,saved_frames/2026-05-26_15-12-00_new_antelope_like.jpg
aaf6d100-a59e-4302-b211-5d5f909b2346,2026-05-26 15:12:02,activity_ended,scene became empty,saved_frames/2026-05-26_15-12-02_activity_ended.jpg
3ce276ac-0220-45af-96a2-69e45b29e60e,2026-05-26 15:12:02,activity_started,counts={'antelope_like': 1},saved_frames/2026-05-26_15-12-02_activity_started.jpg
4c24f922-57cc-4993-a365-bdeba01a50f4,2026-05-26 15:12:02,new_species_detected,species=antelope_like,saved_frames/2026-05-26_15-12-02_new_antelope_like.jpg
a1d9a7a9-7e7a-45ad-ab07-58bb944dd232,2026-05-26 15:12:06,activity_ended,scene became empty,saved_frames/2026-05-26_15-12-06_activity_ended.jpg
9b3986f9-88c3-466b-87e9-3ad0c3f54f88,2026-05-26 15:12:06,activity_started,counts={'antelope_like': 1},saved_frames/2026-05-26_15-12-06_activity_started.jpg
a0f808ff-3618-466d-ab7f-ed983210fa0c,2026-05-26 15:12:06,new_species_detected,species=antelope_like,saved_frames/2026-05-26_15-12-06_new_antelope_like.jpg
ff283ec6-2d0e-4c00-b687-fc3f405e9853,2026-05-26 15:12:06,activity_ended,scene became empty,saved_frames/2026-05-26_15-12-06_activity_ended.jpg
556df3d1-7b24-43da-b531-81f5e58c7c35,2026-05-26 15:12:07,activity_started,counts={'antelope_like': 1},saved_frames/2026-05-26_15-12-07_activity_started.jpg
98b40eb3-190f-4dd8-8938-66a2f2157551,2026-05-26 15:12:07,new_species_detected,species=antelope_like,saved_frames/2026-05-26_15-12-07_new_antelope_like.jpg
c88105cf-a1fa-471f-8859-deb8cb0b698b,2026-05-26 15:12:43,activity_ended,scene became empty,saved_frames/2026-05-26_15-12-43_activity_ended.jpg
ed7c8696-89c7-448f-8074-f65f59bbda6b,2026-05-26 15:12:43,activity_started,counts={'antelope_like': 1},saved_frames/2026-05-26_15-12-43_activity_started.jpg
48c68b12-d97f-4699-9ec0-f4aceeed81c3,2026-05-26 15:12:43,new_species_detected,species=antelope_like,saved_frames/2026-05-26_15-12-43_new_antelope_like.jpg
75464e35-9fbf-4613-bafa-29f96b4513dd,2026-05-26 15:12:43,activity_ended,scene became empty,saved_frames/2026-05-26_15-12-43_activity_ended.jpg
eeba8d8b-d929-43e7-9172-91d46cb0c2a1,2026-05-26 15:12:43,activity_started,counts={'antelope_like': 1},saved_frames/2026-05-26_15-12-43_activity_started.jpg
c0c49983-7229-4457-b4db-3a28b4062b44,2026-05-26 15:12:43,new_species_detected,species=antelope_like,saved_frames/2026-05-26_15-12-43_new_antelope_like.jpg
98c0c2f3-d5c8-4e34-9efc-8caa3605ca6b,2026-05-26 15:12:47,activity_ended,scene became empty,saved_frames/2026-05-26_15-12-47_activity_ended.jpg
33169f8b-21ea-41a7-8491-20b0acbf1fbd,2026-05-26 15:12:47,activity_started,counts={'antelope_like': 1},saved_frames/2026-05-26_15-12-47_activity_started.jpg
f93ff563-3bb0-4329-825b-ac4c1aeae2b9,2026-05-26 15:12:47,new_species_detected,species=antelope_like,saved_frames/2026-05-26_15-12-47_new_antelope_like.jpg
6458cc9d-4c87-4796-a19c-41c4846a5784,2026-05-26 15:12:52,large_group_detected,total_animals=3,saved_frames/2026-05-26_15-12-52_large_group.jpg
12cfb827-8422-479b-8a5d-ab7fe719edd1,2026-05-26 15:12:59,activity_ended,scene became empty,saved_frames/2026-05-26_15-12-59_activity_ended.jpg
458cc85c-ebc2-49dd-aa7c-d586df8580a0,2026-05-26 15:12:59,activity_started,counts={'antelope_like': 1},saved_frames/2026-05-26_15-12-59_activity_started.jpg
b9af4696-5d41-4fcd-ad66-98de21058bd0,2026-05-26 15:12:59,new_species_detected,species=antelope_like,saved_frames/2026-05-26_15-12-59_new_antelope_like.jpg
caac65a0-5eeb-4bfe-a7ff-ec3c53a60cac,2026-05-26 15:13:00,activity_ended,scene became empty,saved_frames/2026-05-26_15-13-00_activity_ended.jpg
c9430161-8adb-4f57-8fe8-1ac524829e26,2026-05-26 15:13:02,activity_started,counts={'antelope_like': 1},saved_frames/2026-05-26_15-13-02_activity_started.jpg
a468d003-6dc9-4f60-8cba-7508003e0363,2026-05-26 15:13:02,new_species_detected,species=antelope_like,saved_frames/2026-05-26_15-13-02_new_antelope_like.jpg
3dba06a6-726d-439e-9368-2df6290cf6a9,2026-05-26 15:13:03,activity_ended,scene became empty,saved_frames/2026-05-26_15-13-03_activity_ended.jpg
4d12b476-1afa-475d-af3d-b53418f75b5f,2026-05-26 15:13:03,activity_started,counts={'antelope_like': 1},saved_frames/2026-05-26_15-13-03_activity_started.jpg
c6218a28-0a89-482b-a87a-0ed7e6edeca5,2026-05-26 15:13:03,new_species_detected,species=antelope_like,saved_frames/2026-05-26_15-13-03_new_antelope_like.jpg
7f981ee6-0cb9-48c0-b8ca-fb080a0a4157,2026-05-26 15:13:03,activity_ended,scene became empty,saved_frames/2026-05-26_15-13-03_activity_ended.jpg
03b0b309-4530-4791-ae13-254a3638b189,2026-05-26 15:13:04,activity_started,counts={'antelope_like': 1},saved_frames/2026-05-26_15-13-04_activity_started.jpg
4c21f8d9-eb2e-43cf-866e-03de5427bb72,2026-05-26 15:13:04,new_species_detected,species=antelope_like,saved_frames/2026-05-26_15-13-04_new_antelope_like.jpg
19d057f5-a19e-4968-82d6-8a7d79dd6b07,2026-05-26 15:13:06,activity_ended,scene became empty,saved_frames/2026-05-26_15-13-06_activity_ended.jpg
dfc8891d-1526-4c6f-9a6c-290de3f5fa52,2026-05-26 15:13:06,activity_started,counts={'antelope_like': 1},saved_frames/2026-05-26_15-13-06_activity_started.jpg
35d17dbf-7721-45f3-8eb1-86c710bc05e3,2026-05-26 15:13:06,new_species_detected,species=antelope_like,saved_frames/2026-05-26_15-13-06_new_antelope_like.jpg
816447a3-9f1c-44d4-9fcf-97eb7748715c,2026-05-26 15:13:06,activity_ended,scene became empty,saved_frames/2026-05-26_15-13-06_activity_ended.jpg
fd9c116b-5bab-466d-af52-79aa4455680e,2026-05-26 15:13:06,activity_started,counts={'antelope_like': 1},saved_frames/2026-05-26_15-13-06_activity_started.jpg
04a087f9-b283-46f9-a5d7-c09642104ab3,2026-05-26 15:13:06,new_species_detected,species=antelope_like,saved_frames/2026-05-26_15-13-06_new_antelope_like.jpg
2f44a04a-58d2-48d1-b31a-023c044ad6a7,2026-05-26 15:13:06,activity_ended,scene became empty,saved_frames/2026-05-26_15-13-06_activity_ended.jpg
b3faaa82-4b03-4789-8bfb-5e6677511b57,2026-05-26 15:13:07,activity_started,counts={'antelope_like': 1},saved_frames/2026-05-26_15-13-07_activity_started.jpg
f19ff1c6-eabc-46d7-8d40-90d892e1c314,2026-05-26 15:13:07,new_species_detected,species=antelope_like,saved_frames/2026-05-26_15-13-07_new_antelope_like.jpg
06636697-64f7-4f8a-803d-da66a62e1280,2026-05-26 15:13:07,activity_ended,scene became empty,saved_frames/2026-05-26_15-13-07_activity_ended.jpg
fafeebe9-d7cb-4a5a-8ffb-e81383c7a97e,2026-05-26 15:13:07,activity_started,counts={'antelope_like': 1},saved_frames/2026-05-26_15-13-07_activity_started.jpg
0f9601b3-26fc-4e20-88be-fb5fbb271ef6,2026-05-26 15:13:07,new_species_detected,species=antelope_like,saved_frames/2026-05-26_15-13-07_new_antelope_like.jpg
7255f7ff-440d-4999-8e9e-019db86ea1a8,2026-05-26 15:13:09,activity_ended,scene became empty,saved_frames/2026-05-26_15-13-09_activity_ended.jpg
9a0fdada-2fc5-44d7-965c-55f7461166ba,2026-05-26 15:13:10,activity_started,counts={'antelope_like': 3},saved_frames/2026-05-26_15-13-10_activity_started.jpg
b5c5c078-2225-44d1-83ad-d4d8145b6ef1,2026-05-26 15:13:10,new_species_detected,species=antelope_like,saved_frames/2026-05-26_15-13-10_new_antelope_like.jpg
d3de030c-26c6-4351-8b35-c077a7efaf2a,2026-05-26 15:13:10,large_group_detected,total_animals=3,saved_frames/2026-05-26_15-13-10_large_group.jpg
c57c77b1-c9cb-4d5a-89a6-d478341280f7,2026-05-26 15:13:10,large_group_detected,total_animals=3,saved_frames/2026-05-26_15-13-10_large_group.jpg
2f3b6f94-9e9e-4952-bf3f-a2942ece84ce,2026-05-26 15:13:11,activity_ended,scene became empty,saved_frames/2026-05-26_15-13-11_activity_ended.jpg
7b44d89f-62dd-4695-9997-4b2bdcb7ac92,2026-05-26 15:13:11,activity_started,counts={'antelope_like': 2},saved_frames/2026-05-26_15-13-11_activity_started.jpg
d3431b6d-f114-44d3-8ced-cfc6cc0b4b55,2026-05-26 15:13:11,new_species_detected,species=antelope_like,saved_frames/2026-05-26_15-13-11_new_antelope_like.jpg
b41aa394-b714-48c2-8bf9-bb0e0092e963,2026-05-26 15:13:14,large_group_detected,total_animals=3,saved_frames/2026-05-26_15-13-14_large_group.jpg
10a3c0bc-5653-4285-b264-fc2f3f72d64d,2026-05-26 15:13:14,activity_ended,scene became empty,saved_frames/2026-05-26_15-13-14_activity_ended.jpg
603e0006-9f8c-414c-a40e-16520eebc44a,2026-05-26 15:13:14,activity_started,counts={'antelope_like': 1},saved_frames/2026-05-26_15-13-14_activity_started.jpg
87be2a01-dac3-4909-a1bf-3a1ecf018219,2026-05-26 15:13:14,new_species_detected,species=antelope_like,saved_frames/2026-05-26_15-13-14_new_antelope_like.jpg
063ac355-7093-4557-be3c-3fe941f2f6c1,2026-05-26 15:13:15,activity_ended,scene became empty,saved_frames/2026-05-26_15-13-15_activity_ended.jpg
aeb54df1-9471-432a-addb-18ed5c62ec33,2026-05-26 15:13:16,activity_started,counts={'antelope_like': 1},saved_frames/2026-05-26_15-13-16_activity_started.jpg
d306d3f8-c374-4e54-b7ab-1b9d12dfd21a,2026-05-26 15:13:16,new_species_detected,species=antelope_like,saved_frames/2026-05-26_15-13-16_new_antelope_like.jpg
99d402f7-de2f-4234-abab-5dae2d9ab6c4,2026-05-26 15:13:17,activity_ended,scene became empty,saved_frames/2026-05-26_15-13-17_activity_ended.jpg
51574b8a-36d8-49bb-b452-9a2d7f56165b,2026-05-26 15:13:17,activity_started,counts={'antelope_like': 1},saved_frames/2026-05-26_15-13-17_activity_started.jpg
5ff356cd-d31e-4246-91d3-68185d16c526,2026-05-26 15:13:17,new_species_detected,species=antelope_like,saved_frames/2026-05-26_15-13-17_new_antelope_like.jpg
d520462b-68f2-4164-a1b0-10ac3311e766,2026-05-26 15:13:17,activity_ended,scene became empty,saved_frames/2026-05-26_15-13-17_activity_ended.jpg
4294e51f-a8cc-439a-a5ef-c3f71ea3fac9,2026-05-26 15:13:18,activity_started,counts={'antelope_like': 1},saved_frames/2026-05-26_15-13-18_activity_started.jpg
f6ab5041-f889-4f43-9f13-f27120ea0ed6,2026-05-26 15:13:18,new_species_detected,species=antelope_like,saved_frames/2026-05-26_15-13-18_new_antelope_like.jpg
03b033e3-b99e-4f61-9bf3-16ac238d0a60,2026-05-26 15:13:18,activity_ended,scene became empty,saved_frames/2026-05-26_15-13-18_activity_ended.jpg
eb9056a8-c1b3-4213-b9fa-b6cceb72705d,2026-05-26 15:13:18,activity_started,counts={'antelope_like': 1},saved_frames/2026-05-26_15-13-18_activity_started.jpg
816f4e00-ec49-4a3c-abd3-2e0629755a87,2026-05-26 15:13:18,new_species_detected,species=antelope_like,saved_frames/2026-05-26_15-13-18_new_antelope_like.jpg
b64db91f-8d16-4396-a8d5-2a98be00bf17,2026-05-26 15:13:19,activity_ended,scene became empty,saved_frames/2026-05-26_15-13-19_activity_ended.jpg
17540019-3e5f-46ba-9ee8-9ac396c48707,2026-05-26 15:13:19,activity_started,counts={'antelope_like': 1},saved_frames/2026-05-26_15-13-19_activity_started.jpg
25c2e7d8-b177-4a80-99ec-61e0ba155aca,2026-05-26 15:13:19,new_species_detected,species=antelope_like,saved_frames/2026-05-26_15-13-19_new_antelope_like.jpg
4c31fd7a-8620-44fe-9334-fdc5a5c53af3,2026-05-26 15:13:31,activity_ended,scene became empty,saved_frames/2026-05-26_15-13-31_activity_ended.jpg
f3e9ca0d-74e0-47d6-8862-ff78538fd66f,2026-05-26 15:13:32,activity_started,counts={'antelope_like': 1},saved_frames/2026-05-26_15-13-32_activity_started.jpg
71f2d18f-87d7-415f-b25d-3c5a7cd68ecd,2026-05-26 15:13:32,new_species_detected,species=antelope_like,saved_frames/2026-05-26_15-13-32_new_antelope_like.jpg
b90e4fd6-9651-443c-aa79-4032ace06448,2026-05-26 15:13:32,activity_ended,scene became empty,saved_frames/2026-05-26_15-13-32_activity_ended.jpg
4c88c46e-be63-4669-8c0d-5ed3404f83f2,2026-05-26 15:13:33,activity_started,counts={'antelope_like': 1},saved_frames/2026-05-26_15-13-33_activity_started.jpg
14e468da-ab35-43e6-bcab-67a6e2e8d4e1,2026-05-26 15:13:33,new_species_detected,species=antelope_like,saved_frames/2026-05-26_15-13-33_new_antelope_like.jpg
09ef2b6e-226e-4026-8928-ca4688361ec8,2026-05-26 15:13:33,activity_ended,scene became empty,saved_frames/2026-05-26_15-13-33_activity_ended.jpg
c9163002-c8e3-4f51-9b64-60aea2813528,2026-05-26 15:13:34,activity_started,counts={'antelope_like': 1},saved_frames/2026-05-26_15-13-34_activity_started.jpg
131bdbc5-b30b-4f14-b0dd-17b19645f08e,2026-05-26 15:13:34,new_species_detected,species=antelope_like,saved_frames/2026-05-26_15-13-34_new_antelope_like.jpg
37af74c8-d698-4f6b-973a-705fad485c7c,2026-05-26 15:13:35,activity_ended,scene became empty,saved_frames/2026-05-26_15-13-35_activity_ended.jpg
e130681a-7ac2-4bc6-83ca-7e2ed7b58046,2026-05-26 15:13:36,activity_started,counts={'antelope_like': 1},saved_frames/2026-05-26_15-13-36_activity_started.jpg
39c8f91a-84c6-4ac2-9ef9-27968816df9c,2026-05-26 15:13:36,new_species_detected,species=antelope_like,saved_frames/2026-05-26_15-13-36_new_antelope_like.jpg
07f7367f-1464-40b2-bd96-11618581de6e,2026-05-26 15:13:36,activity_ended,scene became empty,saved_frames/2026-05-26_15-13-36_activity_ended.jpg
99f04901-8bfd-4045-b8a2-df6fb90c540c,2026-05-26 15:13:37,activity_started,counts={'antelope_like': 1},saved_frames/2026-05-26_15-13-37_activity_started.jpg
1e6f50a7-2c6d-49bf-a807-9b2212d0bc44,2026-05-26 15:13:37,new_species_detected,species=antelope_like,saved_frames/2026-05-26_15-13-37_new_antelope_like.jpg
850fa53d-21b9-4164-926d-2a93f5e3f032,2026-05-26 15:13:37,activity_ended,scene became empty,saved_frames/2026-05-26_15-13-37_activity_ended.jpg
a669689a-7aaa-47e9-aa70-5ef92b26b377,2026-05-26 15:13:38,activity_started,counts={'antelope_like': 2},saved_frames/2026-05-26_15-13-38_activity_started.jpg
f3ba2283-cd9a-4a91-a67b-5d536165cac4,2026-05-26 15:13:38,new_species_detected,species=antelope_like,saved_frames/2026-05-26_15-13-38_new_antelope_like.jpg
f62a3c0e-d432-41d3-b037-9829754ad361,2026-05-26 17:00:38,activity_started,counts={'bird': 1},saved_frames/2026-05-26_17-00-38_activity_started.jpg
a88950cd-6a4e-4367-8c0b-42172deeb8f3,2026-05-26 17:00:38,new_species_detected,species=bird,saved_frames/2026-05-26_17-00-38_new_bird.jpg
de52fa53-8de7-4217-bf4f-c8cd7981aa52,2026-05-26 17:00:38,activity_ended,scene became empty,saved_frames/2026-05-26_17-00-38_activity_ended.jpg
a60236e3-b095-45fe-b81a-2e1553a171a7,2026-05-26 17:00:38,activity_started,counts={'bird': 1},saved_frames/2026-05-26_17-00-38_activity_started.jpg
a6c21f84-4bbb-4df0-9ab9-2e9981dd7ef5,2026-05-26 17:00:38,new_species_detected,species=bird,saved_frames/2026-05-26_17-00-38_new_bird.jpg
d5316179-61b8-4570-8c04-2de51c6b1b86,2026-05-26 17:00:39,activity_ended,scene became empty,saved_frames/2026-05-26_17-00-39_activity_ended.jpg
44abe00c-a8f1-4b6a-876a-1b2bc051a116,2026-05-26 17:00:39,activity_started,counts={'bird': 1},saved_frames/2026-05-26_17-00-39_activity_started.jpg
6ccc1b90-e0d8-4efc-86c5-f93fa4969925,2026-05-26 17:00:39,new_species_detected,species=bird,saved_frames/2026-05-26_17-00-39_new_bird.jpg
80027a28-7ad9-49d0-ba51-99431f66fbd0,2026-05-26 17:00:39,activity_ended,scene became empty,saved_frames/2026-05-26_17-00-39_activity_ended.jpg
e04cbbc6-4266-4916-8b72-7a0ca0e4f167,2026-05-26 17:00:40,activity_started,counts={'bird': 1},saved_frames/2026-05-26_17-00-40_activity_started.jpg
daa11fc0-372e-43f6-b7dc-1c530a085420,2026-05-26 17:00:40,new_species_detected,species=bird,saved_frames/2026-05-26_17-00-40_new_bird.jpg
c5f0d294-0025-446f-92a7-649423c5dabf,2026-05-26 17:00:40,activity_ended,scene became empty,saved_frames/2026-05-26_17-00-40_activity_ended.jpg
1a889e5c-d36b-48d3-b1ae-3d1fcd18b484,2026-05-26 17:00:40,activity_started,counts={'bird': 1},saved_frames/2026-05-26_17-00-40_activity_started.jpg
6dfd239f-aa84-4934-a8fd-6bde8487f928,2026-05-26 17:00:40,new_species_detected,species=bird,saved_frames/2026-05-26_17-00-40_new_bird.jpg
3474635f-d5a6-43a7-9a10-c054f193740e,2026-05-26 17:00:43,activity_ended,scene became empty,saved_frames/2026-05-26_17-00-43_activity_ended.jpg
407f4192-7383-4222-9fb4-de8152dce1fa,2026-05-26 17:00:43,activity_started,counts={'bird': 1},saved_frames/2026-05-26_17-00-43_activity_started.jpg
278721be-6721-4d4a-bd51-4b03a7addd57,2026-05-26 17:00:43,new_species_detected,species=bird,saved_frames/2026-05-26_17-00-43_new_bird.jpg
f2c9db5b-b829-44b0-9620-ae4db01f759f,2026-05-26 17:00:43,activity_ended,scene became empty,saved_frames/2026-05-26_17-00-43_activity_ended.jpg
2c5a33f8-9f68-46b1-a5c1-d9eb7c9de444,2026-05-26 17:00:44,activity_started,counts={'bird': 1},saved_frames/2026-05-26_17-00-44_activity_started.jpg
fc100154-4d7a-4d25-b36a-3308bfe471c6,2026-05-26 17:00:44,new_species_detected,species=bird,saved_frames/2026-05-26_17-00-44_new_bird.jpg
7a688a0f-9a8c-459b-8ad6-308c36349007,2026-05-26 17:00:44,activity_ended,scene became empty,saved_frames/2026-05-26_17-00-44_activity_ended.jpg
dabd955b-cb99-4317-95a0-32afba87cb58,2026-05-26 17:00:44,activity_started,counts={'bird': 1},saved_frames/2026-05-26_17-00-44_activity_started.jpg
b6010372-303b-42e9-8abb-92cb43fa3d1a,2026-05-26 17:00:44,new_species_detected,species=bird,saved_frames/2026-05-26_17-00-44_new_bird.jpg
b9834acc-ba15-4bf8-a6f8-0490f949df0d,2026-05-26 17:00:44,activity_ended,scene became empty,saved_frames/2026-05-26_17-00-44_activity_ended.jpg
5e1014f8-a8dc-479d-b8e5-0d625daec99e,2026-05-26 17:00:45,activity_started,counts={'bird': 1},saved_frames/2026-05-26_17-00-45_activity_started.jpg
95ac3f5b-a643-4f08-99bc-375e102e437d,2026-05-26 17:00:45,new_species_detected,species=bird,saved_frames/2026-05-26_17-00-45_new_bird.jpg
f87cd474-aa7d-42ea-949a-f228734d8238,2026-05-26 17:00:45,activity_ended,scene became empty,saved_frames/2026-05-26_17-00-45_activity_ended.jpg
7fc9d376-15b7-41db-bc8d-7ea82cbdfe68,2026-05-26 17:00:45,activity_started,counts={'bird': 1},saved_frames/2026-05-26_17-00-45_activity_started.jpg
64ba92b5-b7a7-4b83-a491-531a2b44ae90,2026-05-26 17:00:45,new_species_detected,species=bird,saved_frames/2026-05-26_17-00-45_new_bird.jpg
cd29ee4f-ec33-4209-a2d1-251e1c31fdad,2026-05-26 17:00:45,activity_ended,scene became empty,saved_frames/2026-05-26_17-00-45_activity_ended.jpg
e1021868-78f3-4ced-b8e1-2a8e225e70a3,2026-05-26 17:00:49,activity_started,counts={'bird': 1},saved_frames/2026-05-26_17-00-49_activity_started.jpg
4cce3007-633c-40f6-9b66-2dfd108c3620,2026-05-26 17:00:49,new_species_detected,species=bird,saved_frames/2026-05-26_17-00-49_new_bird.jpg
771894fa-114d-4d0d-bf90-0fb91e8140ca,2026-05-26 17:00:49,activity_ended,scene became empty,saved_frames/2026-05-26_17-00-49_activity_ended.jpg
735c61f9-400d-41a1-a750-4891b48501a3,2026-05-26 17:00:57,activity_started,counts={'bird': 1},saved_frames/2026-05-26_17-00-57_activity_started.jpg
322010c5-c3b5-4670-a438-ef3f109ce8e1,2026-05-26 17:00:57,new_species_detected,species=bird,saved_frames/2026-05-26_17-00-57_new_bird.jpg
99a24364-74d6-46a9-9e8a-c461ab8a78c1,2026-05-26 17:00:57,activity_ended,scene became empty,saved_frames/2026-05-26_17-00-57_activity_ended.jpg
4c20a389-3b8e-4184-9433-dcd87298b0a8,2026-05-26 17:01:02,activity_started,counts={'zebra': 1},saved_frames/2026-05-26_17-01-02_activity_started.jpg
b7315384-c70c-4694-8d1d-ffdeb5585799,2026-05-26 17:01:02,new_species_detected,species=zebra,saved_frames/2026-05-26_17-01-02_new_zebra.jpg
8b6c0537-30d5-4ebc-baa2-c8a7ab413365,2026-05-26 17:01:02,activity_ended,scene became empty,saved_frames/2026-05-26_17-01-02_activity_ended.jpg
794c8551-8014-4178-89d3-2b8428bf3024,2026-05-26 17:01:03,activity_started,counts={'zebra': 1},saved_frames/2026-05-26_17-01-03_activity_started.jpg
c1201f39-9184-47d6-b05e-8311c53d681a,2026-05-26 17:01:03,new_species_detected,species=zebra,saved_frames/2026-05-26_17-01-03_new_zebra.jpg
c74b74b2-e731-4785-8d3c-b2cdc7106d07,2026-05-26 17:01:03,activity_ended,scene became empty,saved_frames/2026-05-26_17-01-03_activity_ended.jpg
90177e4f-c590-42c8-b9f5-bc788ca50217,2026-05-26 17:01:03,activity_started,counts={'zebra': 1},saved_frames/2026-05-26_17-01-03_activity_started.jpg
60405146-f4fe-4761-9467-7744650a37a3,2026-05-26 17:01:03,new_species_detected,species=zebra,saved_frames/2026-05-26_17-01-03_new_zebra.jpg
46c5f53e-9b02-4a55-b799-c1ab9e9114a6,2026-05-26 17:01:03,activity_ended,scene became empty,saved_frames/2026-05-26_17-01-03_activity_ended.jpg
c0a4cba8-ddd0-4651-b36d-1d0f7cc54d0d,2026-05-26 17:01:03,activity_started,counts={'zebra': 1},saved_frames/2026-05-26_17-01-03_activity_started.jpg
8df44c50-f36a-4786-be8b-72f0a09bb8fe,2026-05-26 17:01:03,new_species_detected,species=zebra,saved_frames/2026-05-26_17-01-03_new_zebra.jpg
47376ebc-c800-461c-a535-49ca0e5d9430,2026-05-26 17:01:05,new_species_detected,species=bird,saved_frames/2026-05-26_17-01-05_new_bird.jpg
944013b9-742f-4b7c-a5d8-f724311cafa8,2026-05-26 17:01:05,multi_species_detected,"species=['bird', 'zebra']",saved_frames/2026-05-26_17-01-05_multi_species.jpg
56fdedf0-f637-46ef-bfc8-5ba44efa4382,2026-05-26 17:01:07,activity_ended,scene became empty,saved_frames/2026-05-26_17-01-07_activity_ended.jpg
aa7bc847-187e-4c1c-9c5a-079a41d8b3eb,2026-05-26 17:01:07,activity_started,counts={'zebra': 1},saved_frames/2026-05-26_17-01-07_activity_started.jpg
952eb954-5a13-47b4-bb38-5a5c010ebaf4,2026-05-26 17:01:07,new_species_detected,species=zebra,saved_frames/2026-05-26_17-01-07_new_zebra.jpg
a86e8208-38e6-4ae2-b64c-fc1890a471b5,2026-05-26 17:01:10,activity_ended,scene became empty,saved_frames/2026-05-26_17-01-10_activity_ended.jpg
af1d105a-04ec-45de-b81d-3876a7ea20e5,2026-05-26 17:01:10,activity_started,counts={'zebra': 1},saved_frames/2026-05-26_17-01-10_activity_started.jpg
5bbab2b9-413f-47ec-9a86-a2b576d30ac7,2026-05-26 17:01:10,new_species_detected,species=zebra,saved_frames/2026-05-26_17-01-10_new_zebra.jpg
3873dafa-8449-460f-b7a2-c98f83432f93,2026-05-26 17:01:10,activity_ended,scene became empty,saved_frames/2026-05-26_17-01-10_activity_ended.jpg
218d3cc0-84f2-4f37-95af-8563a90857a3,2026-05-26 17:01:10,activity_started,counts={'giraffe': 1},saved_frames/2026-05-26_17-01-10_activity_started.jpg
a435a73a-5f7c-4e26-a014-21392cffd88b,2026-05-26 17:01:10,new_species_detected,species=giraffe,saved_frames/2026-05-26_17-01-10_new_giraffe.jpg
82f997e0-2d24-4a4d-b9be-c0b3839cdabd,2026-05-26 17:01:10,activity_ended,scene became empty,saved_frames/2026-05-26_17-01-10_activity_ended.jpg
0cee6300-6312-43a7-88c3-fae895fca6fe,2026-05-26 17:01:11,activity_started,counts={'zebra': 1},saved_frames/2026-05-26_17-01-11_activity_started.jpg
61445711-691e-40c5-8bdb-959805301842,2026-05-26 17:01:11,new_species_detected,species=zebra,saved_frames/2026-05-26_17-01-11_new_zebra.jpg
67d22c08-7bb8-403f-ae8c-34677a6b733f,2026-05-26 17:01:19,activity_ended,scene became empty,saved_frames/2026-05-26_17-01-19_activity_ended.jpg
56313480-b92d-4843-8bb2-cdba843f90ec,2026-05-26 17:01:23,activity_started,counts={'giraffe': 1},saved_frames/2026-05-26_17-01-23_activity_started.jpg
f08dd803-25ef-4dca-844d-c9d7679b54be,2026-05-26 17:01:23,new_species_detected,species=giraffe,saved_frames/2026-05-26_17-01-23_new_giraffe.jpg
cbb88bdc-bf77-4dd6-97ab-a530acf63d85,2026-05-26 17:01:23,activity_ended,scene became empty,saved_frames/2026-05-26_17-01-23_activity_ended.jpg
9dbd359b-c579-4df7-8d0f-cf2071e419f3,2026-05-26 17:01:24,activity_started,counts={'giraffe': 1},saved_frames/2026-05-26_17-01-24_activity_started.jpg
502deeaf-63fa-4ac7-aea2-44f9d14e3f07,2026-05-26 17:01:24,new_species_detected,species=giraffe,saved_frames/2026-05-26_17-01-24_new_giraffe.jpg
6c6c43fd-cc4e-4009-90b6-491c8456585b,2026-05-26 17:01:24,activity_ended,scene became empty,saved_frames/2026-05-26_17-01-24_activity_ended.jpg
61f8fd74-a458-41b6-b7fb-4a60c791fc0b,2026-05-26 17:01:52,activity_started,counts={'zebra': 1},saved_frames/2026-05-26_17-01-52_activity_started.jpg
f087e5a7-a527-418b-8f42-ac9664d1686a,2026-05-26 17:01:52,new_species_detected,species=zebra,saved_frames/2026-05-26_17-01-52_new_zebra.jpg
9b0a3098-04e8-4769-8fe5-7426dab14afa,2026-05-26 17:01:52,activity_ended,scene became empty,saved_frames/2026-05-26_17-01-52_activity_ended.jpg
a840b871-6e68-401f-a8f3-fa91cb9af6a8,2026-05-26 17:01:53,activity_started,counts={'zebra': 1},saved_frames/2026-05-26_17-01-53_activity_started.jpg
b170cf63-11e6-4323-b824-2fc9ef17b4e2,2026-05-26 17:01:53,new_species_detected,species=zebra,saved_frames/2026-05-26_17-01-53_new_zebra.jpg
b05b7083-79a4-4677-9613-5ad70ff7ac8c,2026-05-26 17:01:56,activity_ended,scene became empty,saved_frames/2026-05-26_17-01-56_activity_ended.jpg
d5194cce-6178-485b-b08c-0a13a515f1c0,2026-05-26 17:01:57,activity_started,counts={'zebra': 2},saved_frames/2026-05-26_17-01-57_activity_started.jpg
8ba9d187-2945-43fc-89c2-ada7ed8caa92,2026-05-26 17:01:57,new_species_detected,species=zebra,saved_frames/2026-05-26_17-01-57_new_zebra.jpg
0d622ded-cfe5-444b-869c-fa1c579e6ac4,2026-05-26 17:01:57,activity_ended,scene became empty,saved_frames/2026-05-26_17-01-57_activity_ended.jpg
5eebdd0f-20c6-4560-b68f-238b3940ef2f,2026-05-26 17:01:58,activity_started,counts={'zebra': 1},saved_frames/2026-05-26_17-01-58_activity_started.jpg
259ec38e-2b22-4a95-9470-e88d364fca9c,2026-05-26 17:01:58,new_species_detected,species=zebra,saved_frames/2026-05-26_17-01-58_new_zebra.jpg
473047e8-c546-47e4-9748-f7b849ed45fa,2026-05-26 17:01:58,activity_ended,scene became empty,saved_frames/2026-05-26_17-01-58_activity_ended.jpg
38cffd33-3ecf-448d-8a00-fe554d57b9e5,2026-05-26 17:01:58,activity_started,counts={'zebra': 1},saved_frames/2026-05-26_17-01-58_activity_started.jpg
93d99143-5732-4c95-9ef0-9e055b8a4db6,2026-05-26 17:01:58,new_species_detected,species=zebra,saved_frames/2026-05-26_17-01-58_new_zebra.jpg
fad2f74a-e997-4d89-aefc-4e9b9f58053e,2026-05-26 17:01:59,activity_ended,scene became empty,saved_frames/2026-05-26_17-01-59_activity_ended.jpg
73ed52eb-8c55-4db6-aa8d-002abd184782,2026-05-26 17:01:59,activity_started,counts={'zebra': 1},saved_frames/2026-05-26_17-01-59_activity_started.jpg
4168134f-0678-487b-99c9-10c902fec2b5,2026-05-26 17:01:59,new_species_detected,species=zebra,saved_frames/2026-05-26_17-01-59_new_zebra.jpg
e5792a3b-b0f4-4fb8-b210-e05cee0f2130,2026-05-26 17:01:59,activity_ended,scene became empty,saved_frames/2026-05-26_17-01-59_activity_ended.jpg
6bfa2d3b-1904-4ddc-b187-7e7ace61e1e3,2026-05-26 17:02:00,activity_started,counts={'zebra': 1},saved_frames/2026-05-26_17-02-00_activity_started.jpg
ffd4394d-9896-4391-ade7-14dd87e17219,2026-05-26 17:02:00,new_species_detected,species=zebra,saved_frames/2026-05-26_17-02-00_new_zebra.jpg
10628b42-a769-4af9-9ea1-40e7022c9526,2026-05-26 17:02:00,activity_ended,scene became empty,saved_frames/2026-05-26_17-02-00_activity_ended.jpg
89bde1ba-d937-4e6c-8071-ae16c81e92cb,2026-05-26 17:02:01,activity_started,counts={'zebra': 1},saved_frames/2026-05-26_17-02-01_activity_started.jpg
8f50d2aa-122d-438c-992d-ceccff3723b7,2026-05-26 17:02:01,new_species_detected,species=zebra,saved_frames/2026-05-26_17-02-01_new_zebra.jpg
df90524e-51d7-4cf7-85c6-7e54fc53cfd0,2026-05-26 17:02:05,activity_ended,scene became empty,saved_frames/2026-05-26_17-02-05_activity_ended.jpg
0b2761fe-1261-40ef-97fa-e2d65c3a6f2a,2026-05-26 17:02:05,activity_started,counts={'zebra': 1},saved_frames/2026-05-26_17-02-05_activity_started.jpg
49941a44-cb33-410f-a3d5-361a97bd5dad,2026-05-26 17:02:05,new_species_detected,species=zebra,saved_frames/2026-05-26_17-02-05_new_zebra.jpg
6b5a8481-cfb1-493b-9036-0c8f71da5da1,2026-05-26 17:02:07,activity_ended,scene became empty,saved_frames/2026-05-26_17-02-07_activity_ended.jpg
2da86f49-9c7a-4fee-a59f-551a2de14cfe,2026-05-26 17:02:07,activity_started,counts={'zebra': 1},saved_frames/2026-05-26_17-02-07_activity_started.jpg
d86eb022-c48b-40f5-8cc6-e470294a70e2,2026-05-26 17:02:07,new_species_detected,species=zebra,saved_frames/2026-05-26_17-02-07_new_zebra.jpg
6c195b5f-715a-4fb0-be41-496dffabbda0,2026-05-26 17:02:07,activity_ended,scene became empty,saved_frames/2026-05-26_17-02-07_activity_ended.jpg
562d5dc1-2578-4a1a-9aec-861032d02dc0,2026-05-26 17:02:07,activity_started,counts={'zebra': 1},saved_frames/2026-05-26_17-02-07_activity_started.jpg
4e5701ab-ce17-4f12-8b11-0232a6a4d0a6,2026-05-26 17:02:07,new_species_detected,species=zebra,saved_frames/2026-05-26_17-02-07_new_zebra.jpg
d91066e3-2b56-4f6e-b854-257c26ddb4b6,2026-05-26 17:02:07,activity_ended,scene became empty,saved_frames/2026-05-26_17-02-07_activity_ended.jpg
568f6bdb-59d6-4fb1-a73f-c03b40a688c2,2026-05-26 17:02:07,activity_started,counts={'zebra': 1},saved_frames/2026-05-26_17-02-07_activity_started.jpg
f9dbd0eb-5a0f-44c0-adc6-cc0d5e26ad70,2026-05-26 17:02:07,new_species_detected,species=zebra,saved_frames/2026-05-26_17-02-07_new_zebra.jpg
8a9d61de-01e2-4af0-9b80-a9727e9f0741,2026-05-26 17:02:07,activity_ended,scene became empty,saved_frames/2026-05-26_17-02-07_activity_ended.jpg
394788e2-e975-47b0-aa1d-5d23e3cf8b30,2026-05-26 17:02:08,activity_started,counts={'zebra': 1},saved_frames/2026-05-26_17-02-08_activity_started.jpg
0d26dd9d-39c2-4b1d-b276-23c36565442c,2026-05-26 17:02:08,new_species_detected,species=zebra,saved_frames/2026-05-26_17-02-08_new_zebra.jpg
b4b58e18-9ce8-4a87-9ffb-01a58d79a31b,2026-05-26 17:02:08,activity_ended,scene became empty,saved_frames/2026-05-26_17-02-08_activity_ended.jpg
c96cb7b6-f5fe-468c-9ad3-9b3634b52c8b,2026-05-26 17:02:08,activity_started,counts={'zebra': 1},saved_frames/2026-05-26_17-02-08_activity_started.jpg
c98716e6-a4a2-41cf-b9c3-693224bd1bec,2026-05-26 17:02:08,new_species_detected,species=zebra,saved_frames/2026-05-26_17-02-08_new_zebra.jpg
f7bcfb37-c9bd-4d75-8645-f6e6dd616907,2026-05-26 17:02:08,activity_ended,scene became empty,saved_frames/2026-05-26_17-02-08_activity_ended.jpg
cdc7a2a0-69a0-4ce7-bfcf-2be1a2072912,2026-05-26 17:02:09,activity_started,counts={'zebra': 1},saved_frames/2026-05-26_17-02-09_activity_started.jpg
5e4a695e-1f1c-4f03-b2f0-6c3f2e0586e9,2026-05-26 17:02:09,new_species_detected,species=zebra,saved_frames/2026-05-26_17-02-09_new_zebra.jpg
a6e572c6-5c07-47be-8502-6aa3709920c4,2026-05-26 17:02:09,activity_ended,scene became empty,saved_frames/2026-05-26_17-02-09_activity_ended.jpg
74e6ed2b-8586-4455-8b10-911a1973e262,2026-05-26 17:02:09,activity_started,counts={'zebra': 1},saved_frames/2026-05-26_17-02-09_activity_started.jpg
6391c815-bb4b-4565-9eca-dfbf502d03b5,2026-05-26 17:02:09,new_species_detected,species=zebra,saved_frames/2026-05-26_17-02-09_new_zebra.jpg
9bc5c509-a8e0-4e6b-9659-ce262a91d57b,2026-05-26 17:02:11,activity_ended,scene became empty,saved_frames/2026-05-26_17-02-11_activity_ended.jpg
a0b27765-496d-416f-bfc4-cb9daaf88bf9,2026-05-26 17:02:13,activity_started,counts={'zebra': 1},saved_frames/2026-05-26_17-02-13_activity_started.jpg
2ae92570-5c00-41c6-bd9c-90f910d65075,2026-05-26 17:02:13,new_species_detected,species=zebra,saved_frames/2026-05-26_17-02-13_new_zebra.jpg
6cabed4e-2c67-427f-85e8-68ff4a9f1093,2026-05-26 17:02:19,activity_ended,scene became empty,saved_frames/2026-05-26_17-02-19_activity_ended.jpg
6e2cf3f7-6e24-472e-bd1a-064de667b2a4,2026-05-26 17:02:19,activity_started,counts={'zebra': 1},saved_frames/2026-05-26_17-02-19_activity_started.jpg
2f40ec3a-1256-4fe1-9f38-02eb2fbdc8fe,2026-05-26 17:02:19,new_species_detected,species=zebra,saved_frames/2026-05-26_17-02-19_new_zebra.jpg
a87de481-ce2e-48c0-b35a-d82b2e53d9bb,2026-05-26 17:02:19,activity_ended,scene became empty,saved_frames/2026-05-26_17-02-19_activity_ended.jpg
67ba624c-eb38-4516-8fba-bdc5f6799cbb,2026-05-26 17:02:19,activity_started,counts={'zebra': 1},saved_frames/2026-05-26_17-02-19_activity_started.jpg
3fee6863-8336-4a64-a8e7-5e91e9ff5866,2026-05-26 17:02:19,new_species_detected,species=zebra,saved_frames/2026-05-26_17-02-19_new_zebra.jpg
f2fb02ff-7d51-4365-889a-8699f16389f2,2026-05-26 17:02:19,activity_ended,scene became empty,saved_frames/2026-05-26_17-02-19_activity_ended.jpg
5d9e96f8-304a-4ea4-9940-900a5287f4ca,2026-05-26 17:02:22,activity_started,counts={'zebra': 1},saved_frames/2026-05-26_17-02-22_activity_started.jpg
de38d0fa-183a-40d5-8387-1ba23495a21c,2026-05-26 17:02:22,new_species_detected,species=zebra,saved_frames/2026-05-26_17-02-22_new_zebra.jpg
d843eec7-3c48-462f-b6a5-acebd4ab1ff0,2026-05-26 17:02:22,activity_ended,scene became empty,saved_frames/2026-05-26_17-02-22_activity_ended.jpg
ba62c4fd-4f95-4af7-836b-69657a7e0527,2026-05-26 17:02:22,activity_started,counts={'zebra': 1},saved_frames/2026-05-26_17-02-22_activity_started.jpg
5a7aefcb-7df6-49d0-972a-2378a31a809f,2026-05-26 17:02:22,new_species_detected,species=zebra,saved_frames/2026-05-26_17-02-22_new_zebra.jpg
daf08887-f407-42f4-8acf-8b890cec39d6,2026-05-26 17:02:22,activity_ended,scene became empty,saved_frames/2026-05-26_17-02-22_activity_ended.jpg
a8b5ef59-c544-4e5b-92e8-edf9177c36f7,2026-05-26 17:02:22,activity_started,counts={'zebra': 1},saved_frames/2026-05-26_17-02-22_activity_started.jpg
af3fcfa0-5928-4270-825c-3139814b898c,2026-05-26 17:02:22,new_species_detected,species=zebra,saved_frames/2026-05-26_17-02-22_new_zebra.jpg
2d5dcdad-8e89-4a31-8e47-68e31fc9dad1,2026-05-26 17:02:23,activity_ended,scene became empty,saved_frames/2026-05-26_17-02-23_activity_ended.jpg
33933db2-e9e1-48af-9990-61991b98e08a,2026-05-26 17:02:23,activity_started,counts={'zebra': 1},saved_frames/2026-05-26_17-02-23_activity_started.jpg
6f6d8a6a-f42a-47f5-9224-56a1d69c221a,2026-05-26 17:02:23,new_species_detected,species=zebra,saved_frames/2026-05-26_17-02-23_new_zebra.jpg
8964eabf-2410-4f2e-b59c-e24593623c22,2026-05-26 17:02:23,activity_ended,scene became empty,saved_frames/2026-05-26_17-02-23_activity_ended.jpg
0cf320b0-160a-456d-a749-ce6e764948d0,2026-05-26 17:02:23,activity_started,counts={'zebra': 1},saved_frames/2026-05-26_17-02-23_activity_started.jpg
1c68b5df-05bf-483e-ad5c-71298e5e4436,2026-05-26 17:02:23,new_species_detected,species=zebra,saved_frames/2026-05-26_17-02-23_new_zebra.jpg
615c4a9e-fd53-4d14-abef-2ae4162916ec,2026-05-26 17:02:23,activity_ended,scene became empty,saved_frames/2026-05-26_17-02-23_activity_ended.jpg
2026a938-70ac-48ff-baff-d6873d78d1ee,2026-05-26 17:02:23,activity_started,counts={'zebra': 1},saved_frames/2026-05-26_17-02-23_activity_started.jpg
5c16b1ce-14af-40aa-bd53-cbf7ae108fd9,2026-05-26 17:02:23,new_species_detected,species=zebra,saved_frames/2026-05-26_17-02-23_new_zebra.jpg
4427f49b-f533-4659-bb20-88c6c17ada8e,2026-05-26 17:02:24,activity_ended,scene became empty,saved_frames/2026-05-26_17-02-24_activity_ended.jpg
423dca2c-432c-41f4-8103-4eaed06376aa,2026-05-26 17:02:24,activity_started,counts={'zebra': 1},saved_frames/2026-05-26_17-02-24_activity_started.jpg
bdd47b8e-08fe-476a-a099-5090caf06d6a,2026-05-26 17:02:24,new_species_detected,species=zebra,saved_frames/2026-05-26_17-02-24_new_zebra.jpg
8fc3de4d-dfb9-4456-b32c-a793d3391397,2026-05-26 17:02:24,activity_ended,scene became empty,saved_frames/2026-05-26_17-02-24_activity_ended.jpg
97c22b05-a8d0-4ea9-8af4-dbf838506d84,2026-05-26 17:02:24,activity_started,counts={'zebra': 1},saved_frames/2026-05-26_17-02-24_activity_started.jpg
b901b6bd-8882-4025-b48b-b6efce721ed6,2026-05-26 17:02:24,new_species_detected,species=zebra,saved_frames/2026-05-26_17-02-24_new_zebra.jpg
ea0f2134-2200-4198-9b05-cfa4bde30c5b,2026-05-26 17:02:25,activity_ended,scene became empty,saved_frames/2026-05-26_17-02-25_activity_ended.jpg
4d8b6a0e-6a95-4cf4-9257-fd41e24344a4,2026-05-26 17:02:25,activity_started,counts={'zebra': 1},saved_frames/2026-05-26_17-02-25_activity_started.jpg
af0c0741-6c09-46df-9138-15a73c366c74,2026-05-26 17:02:25,new_species_detected,species=zebra,saved_frames/2026-05-26_17-02-25_new_zebra.jpg
441cfd91-ecac-47cf-b436-c351bfc43c9e,2026-05-26 17:02:26,activity_ended,scene became empty,saved_frames/2026-05-26_17-02-26_activity_ended.jpg
d659bbc4-c681-44db-ad96-0252539b222c,2026-05-26 17:02:26,activity_started,counts={'zebra': 1},saved_frames/2026-05-26_17-02-26_activity_started.jpg
05f14225-3d34-4133-a261-3e4f8830dc40,2026-05-26 17:02:26,new_species_detected,species=zebra,saved_frames/2026-05-26_17-02-26_new_zebra.jpg
118a45a0-73b7-41bf-9416-c424b09f8149,2026-05-26 17:02:27,activity_ended,scene became empty,saved_frames/2026-05-26_17-02-27_activity_ended.jpg
3d44a588-14fb-4979-b4eb-80c35b846aea,2026-05-26 17:02:27,activity_started,counts={'zebra': 1},saved_frames/2026-05-26_17-02-27_activity_started.jpg
8c3e966e-d12a-4cc5-892d-c45bf9fd5be2,2026-05-26 17:02:27,new_species_detected,species=zebra,saved_frames/2026-05-26_17-02-27_new_zebra.jpg
2356f264-a02c-43b1-bde9-619fa9a6e253,2026-05-26 17:02:33,activity_ended,scene became empty,saved_frames/2026-05-26_17-02-33_activity_ended.jpg
ad719dec-5660-4717-886c-53d6dcde0144,2026-05-26 17:03:16,activity_started,counts={'zebra': 1},saved_frames/2026-05-26_17-03-16_activity_started.jpg
fc0de04a-a899-4acb-ac4a-6e4fa54e887c,2026-05-26 17:03:16,new_species_detected,species=zebra,saved_frames/2026-05-26_17-03-16_new_zebra.jpg
9567047f-a779-49c9-8b43-2984c112b9ce,2026-05-26 17:03:16,activity_ended,scene became empty,saved_frames/2026-05-26_17-03-16_activity_ended.jpg
1da74a8e-1436-4b63-ba65-e3d10607f401,2026-05-26 17:03:17,activity_started,counts={'zebra': 1},saved_frames/2026-05-26_17-03-17_activity_started.jpg
6534c345-2c92-4136-b7a6-2a3aa5dfbabb,2026-05-26 17:03:17,new_species_detected,species=zebra,saved_frames/2026-05-26_17-03-17_new_zebra.jpg
c4b49a7b-abfa-4732-82ec-46a8f0a197bd,2026-05-26 17:03:17,activity_ended,scene became empty,saved_frames/2026-05-26_17-03-17_activity_ended.jpg
62985618-c1a5-4a0b-8604-422d0ef270cd,2026-05-26 17:03:17,activity_started,counts={'zebra': 1},saved_frames/2026-05-26_17-03-17_activity_started.jpg
8abad296-a377-450c-9319-cc1d3be94b36,2026-05-26 17:03:17,new_species_detected,species=zebra,saved_frames/2026-05-26_17-03-17_new_zebra.jpg
451a30cb-32cc-4b49-a399-97741d2356e1,2026-05-26 17:03:17,activity_ended,scene became empty,saved_frames/2026-05-26_17-03-17_activity_ended.jpg
88c10b97-8bbf-4390-b5cf-6cc8cb667857,2026-05-26 17:03:18,activity_started,counts={'zebra': 1},saved_frames/2026-05-26_17-03-18_activity_started.jpg
5110061c-53dc-4f0f-af2d-8f01aeaec574,2026-05-26 17:03:18,new_species_detected,species=zebra,saved_frames/2026-05-26_17-03-18_new_zebra.jpg
b1b4d444-70aa-49df-a5b6-026f3d89dea2,2026-05-26 17:03:18,activity_ended,scene became empty,saved_frames/2026-05-26_17-03-18_activity_ended.jpg
e02bfe7a-a302-4998-985e-51514d53c9dd,2026-05-26 17:03:19,activity_started,counts={'zebra': 1},saved_frames/2026-05-26_17-03-19_activity_started.jpg
40a2329c-37ce-49ca-b3aa-5b644b51d630,2026-05-26 17:03:19,new_species_detected,species=zebra,saved_frames/2026-05-26_17-03-19_new_zebra.jpg
7d0180c8-cfbf-4a96-8708-0227604dc9eb,2026-05-26 17:03:19,activity_ended,scene became empty,saved_frames/2026-05-26_17-03-19_activity_ended.jpg
677f720f-894a-4f7d-9a87-9ad48a31c3de,2026-05-26 17:03:19,activity_started,counts={'zebra': 1},saved_frames/2026-05-26_17-03-19_activity_started.jpg
b21f1877-20e9-476e-855c-352487f0da20,2026-05-26 17:03:19,new_species_detected,species=zebra,saved_frames/2026-05-26_17-03-19_new_zebra.jpg
f9c03674-c89e-4e92-9516-da93ef059a72,2026-05-26 17:03:19,activity_ended,scene became empty,saved_frames/2026-05-26_17-03-19_activity_ended.jpg
1a0ca4d2-c086-4688-b4e4-b08b430b1afc,2026-05-26 17:03:20,activity_started,counts={'zebra': 1},saved_frames/2026-05-26_17-03-20_activity_started.jpg
13bc86ee-3c0f-43aa-b4ce-04ccabf23349,2026-05-26 17:03:20,new_species_detected,species=zebra,saved_frames/2026-05-26_17-03-20_new_zebra.jpg
223d8333-fec4-4b9d-abdb-039611143c98,2026-05-26 17:03:23,activity_ended,scene became empty,saved_frames/2026-05-26_17-03-23_activity_ended.jpg
753e0106-8041-41f6-82dc-5025237edfc6,2026-05-26 17:03:23,activity_started,counts={'zebra': 1},saved_frames/2026-05-26_17-03-23_activity_started.jpg
0b5e7859-481e-481e-8697-60ea3bce97fb,2026-05-26 17:03:23,new_species_detected,species=zebra,saved_frames/2026-05-26_17-03-23_new_zebra.jpg
8913f20d-c45b-447a-8937-e47b0ee537bc,2026-05-26 17:03:24,activity_ended,scene became empty,saved_frames/2026-05-26_17-03-24_activity_ended.jpg
7801bf9a-2cfa-4402-a67e-b567a8eda5d0,2026-05-26 17:03:25,activity_started,counts={'zebra': 1},saved_frames/2026-05-26_17-03-25_activity_started.jpg
0d56e039-2ee2-4721-a904-e834afc6a325,2026-05-26 17:03:25,new_species_detected,species=zebra,saved_frames/2026-05-26_17-03-25_new_zebra.jpg
5d74517d-09a7-4440-9a06-6e1f1a8d2915,2026-05-26 17:03:25,activity_ended,scene became empty,saved_frames/2026-05-26_17-03-25_activity_ended.jpg
e69cc02b-2d79-414a-a754-cad673354cd2,2026-05-26 17:03:25,activity_started,counts={'zebra': 1},saved_frames/2026-05-26_17-03-25_activity_started.jpg
32047faa-1f16-4861-be5e-1b23dc0c4cf6,2026-05-26 17:03:25,new_species_detected,species=zebra,saved_frames/2026-05-26_17-03-25_new_zebra.jpg
eb144840-e588-4c34-923a-48583e0ce43d,2026-05-26 17:03:25,activity_ended,scene became empty,saved_frames/2026-05-26_17-03-25_activity_ended.jpg
479b0215-0d2a-4144-a1ee-6316a83f4efb,2026-05-26 17:03:33,activity_started,counts={'zebra': 1},saved_frames/2026-05-26_17-03-33_activity_started.jpg
cceb084d-af7d-4929-bae8-ab5d7eee4da9,2026-05-26 17:03:33,new_species_detected,species=zebra,saved_frames/2026-05-26_17-03-33_new_zebra.jpg
b6a0067a-8054-43c3-b4f2-5a64697c6337,2026-05-26 17:03:37,activity_ended,scene became empty,saved_frames/2026-05-26_17-03-37_activity_ended.jpg
52742f85-cb88-4b7e-b4a2-277633ce265e,2026-05-26 17:03:37,activity_started,counts={'zebra': 1},saved_frames/2026-05-26_17-03-37_activity_started.jpg
f1ed15c3-f282-40dd-99ad-d124fa189ecb,2026-05-26 17:03:37,new_species_detected,species=zebra,saved_frames/2026-05-26_17-03-37_new_zebra.jpg
dcf515b3-fbbf-4b1f-95d7-f4e66305d1ac,2026-05-26 17:03:37,activity_ended,scene became empty,saved_frames/2026-05-26_17-03-37_activity_ended.jpg
33c4b28b-553b-494a-bec1-07ba3a24857d,2026-05-26 17:03:39,activity_started,counts={'zebra': 1},saved_frames/2026-05-26_17-03-39_activity_started.jpg
89b05d57-6ec9-4f43-ac13-178fcda57faa,2026-05-26 17:03:39,new_species_detected,species=zebra,saved_frames/2026-05-26_17-03-39_new_zebra.jpg
d4fdbfdf-5e81-45a9-9045-38b9f7a5d78c,2026-05-26 17:03:40,new_species_detected,species=giraffe,saved_frames/2026-05-26_17-03-40_new_giraffe.jpg
53d7edbd-c118-4fca-ba31-eb64cd014adc,2026-05-26 17:03:40,activity_ended,scene became empty,saved_frames/2026-05-26_17-03-40_activity_ended.jpg
3d6e5991-ddae-4764-ba20-a67fea3ef0f3,2026-05-26 17:03:45,activity_started,counts={'zebra': 1},saved_frames/2026-05-26_17-03-45_activity_started.jpg
3bd12797-4811-4b6b-9698-66987f0db155,2026-05-26 17:03:45,new_species_detected,species=zebra,saved_frames/2026-05-26_17-03-45_new_zebra.jpg
9150ea0f-3808-4ffe-a7bc-94131d66b390,2026-05-26 17:03:45,activity_ended,scene became empty,saved_frames/2026-05-26_17-03-45_activity_ended.jpg
abd7dd38-3072-4eb3-9b7a-5f723f293398,2026-05-26 17:03:46,activity_started,counts={'zebra': 1},saved_frames/2026-05-26_17-03-46_activity_started.jpg
d9f203d3-65c0-49a1-84ac-9d5dc6f0a392,2026-05-26 17:03:46,new_species_detected,species=zebra,saved_frames/2026-05-26_17-03-46_new_zebra.jpg
1e4f0fa6-3c53-4222-a8b9-2e38824969d8,2026-05-26 17:03:46,activity_ended,scene became empty,saved_frames/2026-05-26_17-03-46_activity_ended.jpg
398e290b-854b-45b3-9330-036aa1943114,2026-05-26 17:03:52,activity_started,counts={'zebra': 1},saved_frames/2026-05-26_17-03-52_activity_started.jpg
582af87b-5b65-48e3-bead-1b302526a867,2026-05-26 17:03:52,new_species_detected,species=zebra,saved_frames/2026-05-26_17-03-52_new_zebra.jpg
852df880-9da9-4a76-a4db-45194058febc,2026-05-26 17:03:53,activity_ended,scene became empty,saved_frames/2026-05-26_17-03-53_activity_ended.jpg
4d394132-85da-4fd7-90bb-bb74a157173f,2026-05-26 17:03:53,activity_started,counts={'zebra': 1},saved_frames/2026-05-26_17-03-53_activity_started.jpg
5cbdca63-3c65-4e1c-ae8c-037516a23fe5,2026-05-26 17:03:53,new_species_detected,species=zebra,saved_frames/2026-05-26_17-03-53_new_zebra.jpg
f4753c9a-e0a8-48aa-a564-e9117a0bc4b8,2026-05-26 17:03:53,activity_ended,scene became empty,saved_frames/2026-05-26_17-03-53_activity_ended.jpg
178463a1-fba2-48e1-889c-366a1a69d573,2026-05-26 17:03:58,activity_started,counts={'zebra': 1},saved_frames/2026-05-26_17-03-58_activity_started.jpg
a7bad7d1-9f5c-4fc3-a8d7-0b0bccee638e,2026-05-26 17:03:58,new_species_detected,species=zebra,saved_frames/2026-05-26_17-03-58_new_zebra.jpg
56b4d278-96e4-4500-9646-6c1369cbefd3,2026-05-26 17:03:58,activity_ended,scene became empty,saved_frames/2026-05-26_17-03-58_activity_ended.jpg
582a8ea0-d08c-4448-9e17-f81b773e09c5,2026-05-26 17:03:58,activity_started,counts={'zebra': 1},saved_frames/2026-05-26_17-03-58_activity_started.jpg
06fb3779-2b76-431f-bc1e-fbfe29648a19,2026-05-26 17:03:58,new_species_detected,species=zebra,saved_frames/2026-05-26_17-03-58_new_zebra.jpg
ddb43932-393b-4ac0-ac3c-24f65791b789,2026-05-26 17:03:58,activity_ended,scene became empty,saved_frames/2026-05-26_17-03-58_activity_ended.jpg
6c39ab4b-86ae-44af-ae6b-127a19004101,2026-05-26 17:04:04,activity_started,counts={'zebra': 1},saved_frames/2026-05-26_17-04-04_activity_started.jpg
e9ade594-9ca9-45e1-893f-289ba02a14f7,2026-05-26 17:04:04,new_species_detected,species=zebra,saved_frames/2026-05-26_17-04-04_new_zebra.jpg
8225fe50-7ab7-42a1-bb29-74e2dfbc97d1,2026-05-26 17:04:05,activity_ended,scene became empty,saved_frames/2026-05-26_17-04-05_activity_ended.jpg
b3d70a97-ff79-4b46-8dbb-bb74861d430b,2026-05-26 17:04:05,activity_started,counts={'zebra': 1},saved_frames/2026-05-26_17-04-05_activity_started.jpg
24217050-ded2-45b0-bb79-91fe9afb18a9,2026-05-26 17:04:05,new_species_detected,species=zebra,saved_frames/2026-05-26_17-04-05_new_zebra.jpg
38e66246-cdd1-4d5a-bb97-4705546ecb1f,2026-05-26 17:04:05,activity_ended,scene became empty,saved_frames/2026-05-26_17-04-05_activity_ended.jpg
00799190-aba8-4ded-9370-f85fe8eb3323,2026-05-26 17:04:07,activity_started,counts={'zebra': 1},saved_frames/2026-05-26_17-04-07_activity_started.jpg
ca59007c-0c12-4723-b3d3-9a1fe436020f,2026-05-26 17:04:07,new_species_detected,species=zebra,saved_frames/2026-05-26_17-04-07_new_zebra.jpg
ce21e4e9-ccc4-4b10-882a-4542dcc23daf,2026-05-26 17:04:07,activity_ended,scene became empty,saved_frames/2026-05-26_17-04-07_activity_ended.jpg
fa21f4c2-bb18-463b-b0d3-6a05967a27c5,2026-05-26 17:04:07,activity_started,counts={'zebra': 1},saved_frames/2026-05-26_17-04-07_activity_started.jpg
f964dd1d-984f-447f-9147-64b87d363feb,2026-05-26 17:04:07,new_species_detected,species=zebra,saved_frames/2026-05-26_17-04-07_new_zebra.jpg
34b66630-7f8a-4493-81d5-dca6ffb3452a,2026-05-26 17:04:07,activity_ended,scene became empty,saved_frames/2026-05-26_17-04-07_activity_ended.jpg
ed5ad8c0-ff3c-443b-bf6f-a826331ceb2d,2026-05-26 17:04:07,activity_started,counts={'zebra': 1},saved_frames/2026-05-26_17-04-07_activity_started.jpg
61bc62f4-cbad-46d1-a7cf-67e75bf3350c,2026-05-26 17:04:07,new_species_detected,species=zebra,saved_frames/2026-05-26_17-04-07_new_zebra.jpg
dbe92d54-779e-4bf0-a9b1-64a11587a301,2026-05-26 17:04:09,activity_ended,scene became empty,saved_frames/2026-05-26_17-04-09_activity_ended.jpg
2dde2472-0a7d-41f3-97d1-e2589848bf2a,2026-05-26 17:04:09,activity_started,counts={'zebra': 1},saved_frames/2026-05-26_17-04-09_activity_started.jpg
d6ea9c76-a5ab-4901-8b9f-d810946f5c4e,2026-05-26 17:04:09,new_species_detected,species=zebra,saved_frames/2026-05-26_17-04-09_new_zebra.jpg
e8038f84-8f05-40c8-85ec-29d349670b10,2026-05-26 17:04:09,activity_ended,scene became empty,saved_frames/2026-05-26_17-04-09_activity_ended.jpg
d9780ce8-a9a7-4322-890a-f809dc18553d,2026-05-26 17:04:10,activity_started,counts={'zebra': 1},saved_frames/2026-05-26_17-04-10_activity_started.jpg
64e803c2-42b9-49c8-92f1-e1cdb55ca809,2026-05-26 17:04:10,new_species_detected,species=zebra,saved_frames/2026-05-26_17-04-10_new_zebra.jpg
c188b5b2-90ab-485c-83f2-086b69f1441e,2026-05-26 17:04:10,activity_ended,scene became empty,saved_frames/2026-05-26_17-04-10_activity_ended.jpg
6f3b8d99-e58f-4c79-a10b-03583f4bca85,2026-05-26 17:04:10,activity_started,counts={'zebra': 1},saved_frames/2026-05-26_17-04-10_activity_started.jpg
c154b27a-89d8-4608-af0f-19ca514eeb29,2026-05-26 17:04:10,new_species_detected,species=zebra,saved_frames/2026-05-26_17-04-10_new_zebra.jpg
6442212b-1575-48e4-9ba2-69957afc58f9,2026-05-26 17:04:11,activity_ended,scene became empty,saved_frames/2026-05-26_17-04-11_activity_ended.jpg
9447246e-c5c2-46ab-b186-c6d434eae9a6,2026-05-26 17:04:11,activity_started,counts={'zebra': 1},saved_frames/2026-05-26_17-04-11_activity_started.jpg
a4d729fb-de1d-4781-857d-64e8062b37de,2026-05-26 17:04:11,new_species_detected,species=zebra,saved_frames/2026-05-26_17-04-11_new_zebra.jpg
ea94c10e-b12c-418b-b198-3f415907280f,2026-05-26 17:04:11,activity_ended,scene became empty,saved_frames/2026-05-26_17-04-11_activity_ended.jpg
b658d9bf-5863-4900-9460-4a72707c9eab,2026-05-26 17:04:12,activity_started,counts={'zebra': 1},saved_frames/2026-05-26_17-04-12_activity_started.jpg
7272d3b6-97dc-476b-950d-733fd088232c,2026-05-26 17:04:12,new_species_detected,species=zebra,saved_frames/2026-05-26_17-04-12_new_zebra.jpg
0bcd531e-c351-4656-a9dc-a3239a336426,2026-05-26 17:04:16,activity_ended,scene became empty,saved_frames/2026-05-26_17-04-16_activity_ended.jpg
4c1a997b-eae3-4da1-a10c-2475c08dce85,2026-05-26 17:04:16,activity_started,counts={'zebra': 1},saved_frames/2026-05-26_17-04-16_activity_started.jpg
1f3ee5de-b775-4591-af1f-674bf7a732f9,2026-05-26 17:04:16,new_species_detected,species=zebra,saved_frames/2026-05-26_17-04-16_new_zebra.jpg
839064ab-e1ac-48bd-8e2c-7dad609aa2f5,2026-05-26 17:04:17,activity_ended,scene became empty,saved_frames/2026-05-26_17-04-17_activity_ended.jpg
671b91bc-a371-4721-8ec8-3306a9fc2c57,2026-05-26 17:04:17,activity_started,counts={'zebra': 1},saved_frames/2026-05-26_17-04-17_activity_started.jpg
54dd1017-6d85-4a04-a44f-144fea0725ec,2026-05-26 17:04:17,new_species_detected,species=zebra,saved_frames/2026-05-26_17-04-17_new_zebra.jpg
32a593f9-a987-40f8-9014-f1558161eff4,2026-05-26 17:04:19,activity_ended,scene became empty,saved_frames/2026-05-26_17-04-19_activity_ended.jpg
cbd3e936-704a-473c-8c60-9c9f7b083bb4,2026-05-26 17:04:20,activity_started,counts={'zebra': 1},saved_frames/2026-05-26_17-04-20_activity_started.jpg
819c58fa-3fae-414a-8335-f6390ce8b378,2026-05-26 17:04:20,new_species_detected,species=zebra,saved_frames/2026-05-26_17-04-20_new_zebra.jpg
8f39eb45-0731-4807-881b-0824d510fd2c,2026-05-26 17:04:20,activity_ended,scene became empty,saved_frames/2026-05-26_17-04-20_activity_ended.jpg
2e8c39fb-bc06-4a03-b815-6b1f576ddab7,2026-05-26 17:04:20,activity_started,counts={'zebra': 1},saved_frames/2026-05-26_17-04-20_activity_started.jpg
9e8ac301-b871-473d-80c0-a655705315fe,2026-05-26 17:04:20,new_species_detected,species=zebra,saved_frames/2026-05-26_17-04-20_new_zebra.jpg
260611b4-c6a2-4642-a8c6-2ec1ea6501de,2026-05-26 17:04:20,activity_ended,scene became empty,saved_frames/2026-05-26_17-04-20_activity_ended.jpg
c24e1db1-d747-449f-8117-2e02b0eaf9b8,2026-05-26 17:04:20,activity_started,counts={'zebra': 1},saved_frames/2026-05-26_17-04-20_activity_started.jpg
f1893602-c7cb-4c9f-b23e-30577ab510e9,2026-05-26 17:04:20,new_species_detected,species=zebra,saved_frames/2026-05-26_17-04-20_new_zebra.jpg
38ddce18-3987-4797-815b-9466554f198a,2026-05-26 17:04:20,activity_ended,scene became empty,saved_frames/2026-05-26_17-04-20_activity_ended.jpg
439d4691-1580-47f4-b200-cc7dd87f4b1e,2026-05-26 17:04:21,activity_started,counts={'zebra': 1},saved_frames/2026-05-26_17-04-21_activity_started.jpg
8b86e7c5-f5ed-4e4b-b20a-a9e8ffa22001,2026-05-26 17:04:21,new_species_detected,species=zebra,saved_frames/2026-05-26_17-04-21_new_zebra.jpg
39980dfc-047e-49b7-b567-31c522b180c8,2026-05-26 17:04:21,activity_ended,scene became empty,saved_frames/2026-05-26_17-04-21_activity_ended.jpg
a1bc9b84-1432-4f4c-93a3-4d94f1584bd3,2026-05-26 17:04:22,activity_started,counts={'zebra': 1},saved_frames/2026-05-26_17-04-22_activity_started.jpg
83421a59-c0a1-46dd-aba0-9554e62d307c,2026-05-26 17:04:22,new_species_detected,species=zebra,saved_frames/2026-05-26_17-04-22_new_zebra.jpg
80c33780-8b57-4a01-bf27-2da76d294a49,2026-05-26 17:04:23,activity_ended,scene became empty,saved_frames/2026-05-26_17-04-23_activity_ended.jpg
4fb343e9-290d-4c9a-bb41-d71c50e06e25,2026-05-26 17:04:23,activity_started,counts={'zebra': 1},saved_frames/2026-05-26_17-04-23_activity_started.jpg
ad415a3a-ed66-4bb9-a4e0-2046304e9fb6,2026-05-26 17:04:23,new_species_detected,species=zebra,saved_frames/2026-05-26_17-04-23_new_zebra.jpg
b42da3cd-6054-418c-a22f-1cd57e4d23c4,2026-05-26 17:04:23,activity_ended,scene became empty,saved_frames/2026-05-26_17-04-23_activity_ended.jpg
326c1ea2-98d5-4032-a723-941f51861443,2026-05-26 17:04:24,activity_started,counts={'zebra': 1},saved_frames/2026-05-26_17-04-24_activity_started.jpg
832d8b88-babb-4ab2-8b6e-72e2ace68328,2026-05-26 17:04:24,new_species_detected,species=zebra,saved_frames/2026-05-26_17-04-24_new_zebra.jpg
836e83d9-39b5-4b72-a450-322e03d8fd02,2026-05-26 17:04:24,activity_ended,scene became empty,saved_frames/2026-05-26_17-04-24_activity_ended.jpg
598d73d0-7669-4357-b7be-7de0499bdfda,2026-05-26 17:04:24,activity_started,counts={'zebra': 1},saved_frames/2026-05-26_17-04-24_activity_started.jpg
503e9a1f-7d7a-49aa-87f7-7c65f9eefa50,2026-05-26 17:04:24,new_species_detected,species=zebra,saved_frames/2026-05-26_17-04-24_new_zebra.jpg
50918002-28c4-4960-aad3-12d18f454add,2026-05-26 17:04:28,activity_ended,scene became empty,saved_frames/2026-05-26_17-04-28_activity_ended.jpg
6a2553ec-da27-4d05-8154-fd36220772b4,2026-05-26 17:04:28,activity_started,counts={'zebra': 1},saved_frames/2026-05-26_17-04-28_activity_started.jpg
e650cd3f-18ab-44f9-bcf3-b20346afca7a,2026-05-26 17:04:28,new_species_detected,species=zebra,saved_frames/2026-05-26_17-04-28_new_zebra.jpg
b559c827-1566-4e57-aa3a-3c3a1db02e6b,2026-05-26 17:04:28,activity_ended,scene became empty,saved_frames/2026-05-26_17-04-28_activity_ended.jpg
de1f2ea4-8542-4b13-98e2-2b2f52d6590f,2026-05-26 17:04:29,activity_started,counts={'zebra': 1},saved_frames/2026-05-26_17-04-29_activity_started.jpg
bb28df45-8ba9-4739-8d23-dc513d3feb2b,2026-05-26 17:04:29,new_species_detected,species=zebra,saved_frames/2026-05-26_17-04-29_new_zebra.jpg
c7d351ea-aacc-4bf6-adfb-965c889c3435,2026-05-26 17:04:29,activity_ended,scene became empty,saved_frames/2026-05-26_17-04-29_activity_ended.jpg
95037826-87d9-492d-8a17-47fb6551d0d9,2026-05-26 17:04:29,activity_started,counts={'zebra': 1},saved_frames/2026-05-26_17-04-29_activity_started.jpg
ba734551-ec50-4f2b-9caf-cf4634c41c73,2026-05-26 17:04:29,new_species_detected,species=zebra,saved_frames/2026-05-26_17-04-29_new_zebra.jpg
cf1f9812-f99d-4dae-904a-e424ff11d06d,2026-05-26 17:04:30,activity_ended,scene became empty,saved_frames/2026-05-26_17-04-30_activity_ended.jpg
6ccf7d9a-0ed2-4096-952f-2d53ca73e791,2026-05-26 17:04:32,activity_started,counts={'zebra': 1},saved_frames/2026-05-26_17-04-32_activity_started.jpg
2bd981ca-c13f-49a1-8294-f6a9ddd065a1,2026-05-26 17:04:32,new_species_detected,species=zebra,saved_frames/2026-05-26_17-04-32_new_zebra.jpg
691e428e-721a-48c9-9c31-047c130beb8e,2026-05-26 17:04:32,activity_ended,scene became empty,saved_frames/2026-05-26_17-04-32_activity_ended.jpg
b2788bf8-bcf4-4fcf-9e4d-82ec7ae72599,2026-05-26 17:04:33,activity_started,counts={'zebra': 1},saved_frames/2026-05-26_17-04-33_activity_started.jpg
a0e0dde6-7c32-4f05-997a-e5a6ac4e5584,2026-05-26 17:04:33,new_species_detected,species=zebra,saved_frames/2026-05-26_17-04-33_new_zebra.jpg
e8ccfb4f-fe67-43a1-87b4-89bd88c264c9,2026-05-26 17:04:33,activity_ended,scene became empty,saved_frames/2026-05-26_17-04-33_activity_ended.jpg
c83de089-b9ec-4a79-b840-a9060a7bcf55,2026-05-26 17:04:33,activity_started,counts={'zebra': 1},saved_frames/2026-05-26_17-04-33_activity_started.jpg
afd69666-a311-4b30-89b3-0d2505e66d1e,2026-05-26 17:04:33,new_species_detected,species=zebra,saved_frames/2026-05-26_17-04-33_new_zebra.jpg
9e97b027-24ba-429b-a9b1-5a0f9ee22266,2026-05-26 17:04:33,activity_ended,scene became empty,saved_frames/2026-05-26_17-04-33_activity_ended.jpg
2355eefb-8dc1-4b4b-a851-00f721d8432b,2026-05-26 17:04:33,activity_started,counts={'zebra': 1},saved_frames/2026-05-26_17-04-33_activity_started.jpg
f7aeeb1a-b23d-4175-9b7c-53d27a706134,2026-05-26 17:04:33,new_species_detected,species=zebra,saved_frames/2026-05-26_17-04-33_new_zebra.jpg
8210f9b7-f11f-45a8-a59d-d20b118c5cfe,2026-05-26 17:04:33,activity_ended,scene became empty,saved_frames/2026-05-26_17-04-33_activity_ended.jpg
e770720b-aad7-464b-8fe1-5deb3804239c,2026-05-26 17:04:34,activity_started,counts={'zebra': 1},saved_frames/2026-05-26_17-04-34_activity_started.jpg
47ca95d9-cc71-4e8f-b79b-039bff575e7c,2026-05-26 17:04:34,new_species_detected,species=zebra,saved_frames/2026-05-26_17-04-34_new_zebra.jpg
8fab7c45-f9a1-41e6-8beb-6306e1d416f3,2026-05-26 17:04:34,activity_ended,scene became empty,saved_frames/2026-05-26_17-04-34_activity_ended.jpg
cd08f2e6-2cc1-45fd-9b99-f355084186dd,2026-05-26 17:04:35,activity_started,counts={'zebra': 1},saved_frames/2026-05-26_17-04-35_activity_started.jpg
bd6dc7c1-5617-44d0-8a78-aaa1bc27f5e0,2026-05-26 17:04:35,new_species_detected,species=zebra,saved_frames/2026-05-26_17-04-35_new_zebra.jpg
bc9aa1c8-1902-4c70-90e8-e40900de9372,2026-05-26 17:04:35,activity_ended,scene became empty,saved_frames/2026-05-26_17-04-35_activity_ended.jpg
b3f6e1ca-3478-4bf2-9ead-8bc0bda9a75e,2026-05-26 17:04:35,activity_started,counts={'zebra': 1},saved_frames/2026-05-26_17-04-35_activity_started.jpg
5632e2ae-26a3-42b4-960a-db6af46d241b,2026-05-26 17:04:35,new_species_detected,species=zebra,saved_frames/2026-05-26_17-04-35_new_zebra.jpg
a2e1a28d-efa8-4974-be06-9211ddd2b863,2026-05-26 17:04:35,activity_ended,scene became empty,saved_frames/2026-05-26_17-04-35_activity_ended.jpg
4c507f62-17cd-46e8-ad03-0929ef2435c1,2026-05-26 17:04:41,activity_started,counts={'zebra': 1},saved_frames/2026-05-26_17-04-41_activity_started.jpg
03e97fe9-768a-47cc-94ae-a2b9b5ec90a0,2026-05-26 17:04:41,new_species_detected,species=zebra,saved_frames/2026-05-26_17-04-41_new_zebra.jpg
73448809-7754-4586-bb68-7b51d420f700,2026-05-26 17:04:41,activity_ended,scene became empty,saved_frames/2026-05-26_17-04-41_activity_ended.jpg
8236211a-5882-40c6-b87b-0c547227aad8,2026-05-26 17:04:42,activity_started,counts={'zebra': 1},saved_frames/2026-05-26_17-04-42_activity_started.jpg
e284b079-d76f-4249-8ced-7b47d4b2c64b,2026-05-26 17:04:42,new_species_detected,species=zebra,saved_frames/2026-05-26_17-04-42_new_zebra.jpg
5462768c-2f90-4dd0-8716-bc65b7486f64,2026-05-26 17:04:42,activity_ended,scene became empty,saved_frames/2026-05-26_17-04-42_activity_ended.jpg
6335ce07-d1d6-4857-b66d-6ed9024d2171,2026-05-26 17:04:42,activity_started,counts={'zebra': 1},saved_frames/2026-05-26_17-04-42_activity_started.jpg
44f3ee83-cefe-469f-b321-0a4a0604c766,2026-05-26 17:04:42,new_species_detected,species=zebra,saved_frames/2026-05-26_17-04-42_new_zebra.jpg
88b4815c-bc7c-4d18-aeb2-45f028b71981,2026-05-26 17:04:43,activity_ended,scene became empty,saved_frames/2026-05-26_17-04-43_activity_ended.jpg
9b0d9d0b-39ce-4661-b38b-18458888a96e,2026-05-26 17:04:49,activity_started,counts={'zebra': 1},saved_frames/2026-05-26_17-04-49_activity_started.jpg
9a021017-42a5-4664-8ba7-6dbc54efe040,2026-05-26 17:04:49,new_species_detected,species=zebra,saved_frames/2026-05-26_17-04-49_new_zebra.jpg
ed23363f-190b-4df9-96fb-8c3f61a10941,2026-05-26 17:04:49,activity_ended,scene became empty,saved_frames/2026-05-26_17-04-49_activity_ended.jpg
22546cfe-60a1-4656-8627-50a3b5fd0cd1,2026-05-26 17:04:50,activity_started,counts={'zebra': 1},saved_frames/2026-05-26_17-04-50_activity_started.jpg
fe5be055-4233-48e4-8e09-e59eb00e61dc,2026-05-26 17:04:50,new_species_detected,species=zebra,saved_frames/2026-05-26_17-04-50_new_zebra.jpg
6eb9f90f-2277-403d-9952-5d41ca7e668f,2026-05-26 17:04:50,activity_ended,scene became empty,saved_frames/2026-05-26_17-04-50_activity_ended.jpg
19457d30-a1d9-4230-b791-a1cff65b1ec3,2026-05-26 17:04:50,activity_started,counts={'zebra': 1},saved_frames/2026-05-26_17-04-50_activity_started.jpg
67bf1606-705c-4b6e-8167-f54c1e77237f,2026-05-26 17:04:50,new_species_detected,species=zebra,saved_frames/2026-05-26_17-04-50_new_zebra.jpg
d483808f-22e0-4878-9255-987de1abd25c,2026-05-26 17:04:53,activity_ended,scene became empty,saved_frames/2026-05-26_17-04-53_activity_ended.jpg
b9f45e2a-1899-41ce-8151-32791c5d07fb,2026-05-26 17:04:53,activity_started,counts={'zebra': 1},saved_frames/2026-05-26_17-04-53_activity_started.jpg
984260e8-f128-43d9-ba29-b8a43a593936,2026-05-26 17:04:53,new_species_detected,species=zebra,saved_frames/2026-05-26_17-04-53_new_zebra.jpg
fabe9c2c-7b04-469e-b570-b4d0318fb04e,2026-05-26 17:05:14,new_species_detected,species=bird,saved_frames/2026-05-26_17-05-14_new_bird.jpg
f95eba08-ac2e-492f-9d55-e379ec763117,2026-05-26 17:05:14,multi_species_detected,"species=['bird', 'zebra']",saved_frames/2026-05-26_17-05-14_multi_species.jpg
9822a224-872a-4c19-ad58-664aee5920a5,2026-05-26 17:05:14,activity_ended,scene became empty,saved_frames/2026-05-26_17-05-14_activity_ended.jpg
40f27483-a821-4d5b-9804-08b44ce40aed,2026-05-26 17:05:14,activity_started,counts={'zebra': 2},saved_frames/2026-05-26_17-05-14_activity_started.jpg
fdca7932-8a9c-417e-9334-d308b9993d20,2026-05-26 17:05:14,new_species_detected,species=zebra,saved_frames/2026-05-26_17-05-14_new_zebra.jpg
b4b2f261-c77c-4c32-8950-25213adefd8d,2026-05-26 17:05:15,new_species_detected,species=bird,saved_frames/2026-05-26_17-05-15_new_bird.jpg
9c5d0ad7-6184-4ac4-a1da-b38e6e2d6662,2026-05-26 17:05:15,new_species_detected,species=zebra,saved_frames/2026-05-26_17-05-15_new_zebra.jpg
951ea8f3-53e5-4193-9598-f6b19acba808,2026-05-26 17:05:18,activity_ended,scene became empty,saved_frames/2026-05-26_17-05-18_activity_ended.jpg
80cc0899-4e19-4102-86cd-415e976ff40d,2026-05-26 17:05:18,activity_started,counts={'zebra': 1},saved_frames/2026-05-26_17-05-18_activity_started.jpg
8f38a0d9-d9f6-4d28-9c31-afad57a6d1f5,2026-05-26 17:05:18,new_species_detected,species=zebra,saved_frames/2026-05-26_17-05-18_new_zebra.jpg
4c185233-8669-4c52-9513-ad5bbd1c6077,2026-05-26 17:05:19,activity_ended,scene became empty,saved_frames/2026-05-26_17-05-19_activity_ended.jpg
3d1be2dd-545f-4dad-9bea-e5d2b7f22bff,2026-05-26 17:05:19,activity_started,counts={'bird': 1},saved_frames/2026-05-26_17-05-19_activity_started.jpg
d2e3652c-bc50-406c-8208-d015cf882fcb,2026-05-26 17:05:19,new_species_detected,species=bird,saved_frames/2026-05-26_17-05-19_new_bird.jpg
3f1acd63-ffd8-4902-bad0-d87cdb3f0f2e,2026-05-26 17:05:19,activity_ended,scene became empty,saved_frames/2026-05-26_17-05-19_activity_ended.jpg
1b79cc74-d5d1-4944-8337-152adf5bd989,2026-05-26 17:05:29,activity_started,counts={'bird': 1},saved_frames/2026-05-26_17-05-29_activity_started.jpg
c15c9ad9-78dd-4113-8ec4-0408a3b9ddac,2026-05-26 17:05:29,new_species_detected,species=bird,saved_frames/2026-05-26_17-05-29_new_bird.jpg
7678a2a2-6dd1-4f19-9aff-5116f3f66736,2026-05-26 17:05:30,activity_ended,scene became empty,saved_frames/2026-05-26_17-05-30_activity_ended.jpg
c5cc69a0-1ce0-451b-b08b-e85b478e3be6,2026-05-26 17:05:36,activity_started,counts={'zebra': 1},saved_frames/2026-05-26_17-05-36_activity_started.jpg
2a7f80f8-741b-4306-aae1-ee1aa09c3254,2026-05-26 17:05:36,new_species_detected,species=zebra,saved_frames/2026-05-26_17-05-36_new_zebra.jpg
2d85d7a6-76bc-42cd-b2a4-f935bfe228e0,2026-05-26 17:05:49,activity_ended,scene became empty,saved_frames/2026-05-26_17-05-49_activity_ended.jpg
3aebbd07-0772-4c56-ba37-d40175f21299,2026-05-26 17:05:56,activity_started,counts={'zebra': 1},saved_frames/2026-05-26_17-05-56_activity_started.jpg
70e8e651-0120-40a9-815d-a7b6b160139b,2026-05-26 17:05:56,new_species_detected,species=zebra,saved_frames/2026-05-26_17-05-56_new_zebra.jpg
a49fe9c1-c3c8-4fa0-a967-abce7d08c2ea,2026-05-26 17:05:58,activity_ended,scene became empty,saved_frames/2026-05-26_17-05-58_activity_ended.jpg
bffd305f-99bd-41ec-823c-a45755b68897,2026-05-26 17:08:29,activity_started,counts={'bird': 1},saved_frames/2026-05-26_17-08-29_activity_started.jpg
4e35e9fb-cbdf-4c83-8382-b8e2e96087b4,2026-05-26 17:08:29,new_species_detected,species=bird,saved_frames/2026-05-26_17-08-29_new_bird.jpg
8d9f4df6-c5fd-4262-8b66-fa4855271578,2026-05-26 17:08:29,activity_ended,scene became empty,saved_frames/2026-05-26_17-08-29_activity_ended.jpg
f31855b7-51ac-4dd4-8f85-be0b3e22cd28,2026-05-26 17:08:29,activity_started,counts={'bird': 1},saved_frames/2026-05-26_17-08-29_activity_started.jpg
5997265e-395e-4166-a164-5654b2fdff1c,2026-05-26 17:08:29,new_species_detected,species=bird,saved_frames/2026-05-26_17-08-29_new_bird.jpg
dced46cc-2c0a-40b4-a41f-601acd0f27f5,2026-05-26 17:08:29,activity_ended,scene became empty,saved_frames/2026-05-26_17-08-29_activity_ended.jpg
d51bdd2d-eafa-43ff-9403-d1de6cf5292b,2026-05-26 17:08:31,activity_started,counts={'bird': 1},saved_frames/2026-05-26_17-08-31_activity_started.jpg
6aa17054-c423-4a0e-b29c-f3721f3e2d1d,2026-05-26 17:08:31,new_species_detected,species=bird,saved_frames/2026-05-26_17-08-31_new_bird.jpg
8c28ba2c-90f3-4109-b321-243995aa8a63,2026-05-26 17:08:32,activity_ended,scene became empty,saved_frames/2026-05-26_17-08-32_activity_ended.jpg
afe12faa-9a02-4f3b-8dc7-29b7e0919929,2026-05-26 17:08:32,activity_started,counts={'bird': 1},saved_frames/2026-05-26_17-08-32_activity_started.jpg
2a42f08a-827b-4bff-9332-ded5140fe89a,2026-05-26 17:08:32,new_species_detected,species=bird,saved_frames/2026-05-26_17-08-32_new_bird.jpg
b6e1fbe5-5e0f-43b6-8f6c-a4080e4f692e,2026-05-26 17:08:33,activity_ended,scene became empty,saved_frames/2026-05-26_17-08-33_activity_ended.jpg
446b2c07-a61a-4981-a4b3-79e7adeb6059,2026-05-26 17:08:34,activity_started,counts={'bird': 1},saved_frames/2026-05-26_17-08-34_activity_started.jpg
8f16a390-5e24-42a8-a4a1-2e08147f611b,2026-05-26 17:08:34,new_species_detected,species=bird,saved_frames/2026-05-26_17-08-34_new_bird.jpg
d281cb60-3e14-4d35-9244-16364c3f5ecb,2026-05-26 17:08:34,activity_ended,scene became empty,saved_frames/2026-05-26_17-08-34_activity_ended.jpg
46aadd61-97b4-45b6-a74e-43ea2c8772ee,2026-05-26 17:08:34,activity_started,counts={'bird': 1},saved_frames/2026-05-26_17-08-34_activity_started.jpg
731897d8-74ac-43a7-b549-e1d5d1139603,2026-05-26 17:08:34,new_species_detected,species=bird,saved_frames/2026-05-26_17-08-34_new_bird.jpg
9b444494-32b9-4345-9778-8316f7e9041f,2026-05-26 17:08:34,activity_ended,scene became empty,saved_frames/2026-05-26_17-08-34_activity_ended.jpg
1566af9b-c026-4933-86a0-a2be6bdde8dd,2026-05-26 17:08:34,activity_started,counts={'bird': 1},saved_frames/2026-05-26_17-08-34_activity_started.jpg
3ee24d3c-ed7d-423e-b263-f9415820a465,2026-05-26 17:08:34,new_species_detected,species=bird,saved_frames/2026-05-26_17-08-34_new_bird.jpg
c22f79f1-49b5-4b85-a8f3-05e77b3e01cb,2026-05-26 17:08:34,activity_ended,scene became empty,saved_frames/2026-05-26_17-08-34_activity_ended.jpg
877b82a4-2c20-42b5-84a7-3848af113fce,2026-05-26 17:08:43,activity_started,counts={'bird': 1},saved_frames/2026-05-26_17-08-43_activity_started.jpg
90625def-c602-4bd7-82e0-202e1fe0fad1,2026-05-26 17:08:43,new_species_detected,species=bird,saved_frames/2026-05-26_17-08-43_new_bird.jpg
159739b7-38c0-45d9-8c70-f61df48992ae,2026-05-26 17:08:43,activity_ended,scene became empty,saved_frames/2026-05-26_17-08-43_activity_ended.jpg
2ff92686-f6d5-4d59-965b-1adc669463ec,2026-05-26 17:08:43,activity_started,counts={'bird': 1},saved_frames/2026-05-26_17-08-43_activity_started.jpg
b92c8f2a-4dfb-4586-8e32-bc302c1ea494,2026-05-26 17:08:43,new_species_detected,species=bird,saved_frames/2026-05-26_17-08-43_new_bird.jpg
01b55f08-0ad7-4f5c-8926-204eb3fa1206,2026-05-26 17:08:43,activity_ended,scene became empty,saved_frames/2026-05-26_17-08-43_activity_ended.jpg
5b1032e1-c73b-4898-9f31-758fd19ae910,2026-05-26 17:08:44,activity_started,counts={'bird': 1},saved_frames/2026-05-26_17-08-44_activity_started.jpg
5aba4cee-bdd1-43c6-b2c6-82adf1e3c4a5,2026-05-26 17:08:44,new_species_detected,species=bird,saved_frames/2026-05-26_17-08-44_new_bird.jpg
bac3336b-2518-48a3-ac77-4a1c3b1d0d4c,2026-05-26 17:08:44,activity_ended,scene became empty,saved_frames/2026-05-26_17-08-44_activity_ended.jpg
fc9aa21c-a805-4a4e-a193-eb308a2d5245,2026-05-26 17:09:06,activity_started,counts={'bird': 1},saved_frames/2026-05-26_17-09-06_activity_started.jpg
4ec3ea20-2859-4edf-8628-51d478cbe661,2026-05-26 17:09:06,new_species_detected,species=bird,saved_frames/2026-05-26_17-09-06_new_bird.jpg
e02175b3-1f79-4150-8f5a-31059270d116,2026-05-26 17:09:06,activity_ended,scene became empty,saved_frames/2026-05-26_17-09-06_activity_ended.jpg
ba2a9f93-df53-4758-bc07-4b0f1a38ec3c,2026-05-26 17:09:09,activity_started,counts={'bird': 1},saved_frames/2026-05-26_17-09-09_activity_started.jpg
8fc9e6be-5a4f-419b-ba1c-8718ec623527,2026-05-26 17:09:09,new_species_detected,species=bird,saved_frames/2026-05-26_17-09-09_new_bird.jpg
fc2f8d96-63a0-46af-b0e7-3837137f26ea,2026-05-26 17:09:09,activity_ended,scene became empty,saved_frames/2026-05-26_17-09-09_activity_ended.jpg
1e47cfe4-c3a4-4d4e-a467-aae7f14fc6f1,2026-05-26 17:09:10,activity_started,counts={'bird': 1},saved_frames/2026-05-26_17-09-10_activity_started.jpg
13f29ad1-7526-4f9a-ac58-8808ff869714,2026-05-26 17:09:10,new_species_detected,species=bird,saved_frames/2026-05-26_17-09-10_new_bird.jpg
3bcc3703-d116-49e7-a9b0-1f15542578b2,2026-05-26 17:09:10,activity_ended,scene became empty,saved_frames/2026-05-26_17-09-10_activity_ended.jpg
d6254f25-928f-41c8-9113-0b4be56baefc,2026-05-26 17:09:10,activity_started,counts={'bird': 1},saved_frames/2026-05-26_17-09-10_activity_started.jpg
39353b74-b04f-4801-91aa-e448b83571de,2026-05-26 17:09:10,new_species_detected,species=bird,saved_frames/2026-05-26_17-09-10_new_bird.jpg
f8cb693f-e806-4c38-a07f-3caf17b7a900,2026-05-26 17:09:11,activity_ended,scene became empty,saved_frames/2026-05-26_17-09-11_activity_ended.jpg
aa1802f1-557e-4b40-b972-8b66e7999f1e,2026-05-26 17:09:11,activity_started,counts={'bird': 1},saved_frames/2026-05-26_17-09-11_activity_started.jpg
0815d0cf-51ca-4608-9663-503d8449fc2b,2026-05-26 17:09:11,new_species_detected,species=bird,saved_frames/2026-05-26_17-09-11_new_bird.jpg
cfd20b07-9c7f-454c-9896-792b5c5bd906,2026-05-26 17:09:11,activity_ended,scene became empty,saved_frames/2026-05-26_17-09-11_activity_ended.jpg
43a50715-3b18-47a8-a31c-0431c9abf474,2026-05-26 17:09:11,activity_started,counts={'bird': 1},saved_frames/2026-05-26_17-09-11_activity_started.jpg
e92813cc-f535-4dc0-83f9-8081dab3e5b0,2026-05-26 17:09:11,new_species_detected,species=bird,saved_frames/2026-05-26_17-09-11_new_bird.jpg
3a79c347-4465-4887-8095-61ffdc3bb75e,2026-05-26 17:09:11,activity_ended,scene became empty,saved_frames/2026-05-26_17-09-11_activity_ended.jpg
74c1a4c8-bced-4d98-884e-fb92f0ec7612,2026-05-26 17:09:14,activity_started,counts={'bird': 1},saved_frames/2026-05-26_17-09-14_activity_started.jpg
b2700530-7ac6-4d98-8768-a826bfc328f1,2026-05-26 17:09:14,new_species_detected,species=bird,saved_frames/2026-05-26_17-09-14_new_bird.jpg
6a8f27bc-6257-4f6f-9f28-f35d33c357d9,2026-05-26 17:09:14,activity_ended,scene became empty,saved_frames/2026-05-26_17-09-14_activity_ended.jpg
fac1ff10-f439-4ba2-b09f-f97a21424818,2026-05-26 17:09:16,activity_started,counts={'bird': 1},saved_frames/2026-05-26_17-09-16_activity_started.jpg
c3e5edf8-0988-42d4-8e0d-56505f71f66e,2026-05-26 17:09:16,new_species_detected,species=bird,saved_frames/2026-05-26_17-09-16_new_bird.jpg
c8ddef79-a03c-41c7-a661-2645c78c0bfb,2026-05-26 17:09:16,activity_ended,scene became empty,saved_frames/2026-05-26_17-09-16_activity_ended.jpg
25f1aea7-1d5b-4cf2-8177-df4a4e4df839,2026-05-26 17:09:17,activity_started,counts={'bird': 1},saved_frames/2026-05-26_17-09-17_activity_started.jpg
62c0a63e-b2fa-40f7-ad54-b51e634dd414,2026-05-26 17:09:17,new_species_detected,species=bird,saved_frames/2026-05-26_17-09-17_new_bird.jpg
f3af1ea5-1ae6-4621-ba20-f9dbb6ee87c6,2026-05-26 17:09:17,activity_ended,scene became empty,saved_frames/2026-05-26_17-09-17_activity_ended.jpg
4a28b0b2-7abd-40ae-b080-e002ebcd6d90,2026-05-26 17:09:17,activity_started,counts={'bird': 1},saved_frames/2026-05-26_17-09-17_activity_started.jpg
584a9fb1-2263-436e-bc11-6f101cfc722b,2026-05-26 17:09:17,new_species_detected,species=bird,saved_frames/2026-05-26_17-09-17_new_bird.jpg
e37d4b6e-0d55-4f7d-9dbe-cfbcde1cb607,2026-05-26 17:09:18,activity_ended,scene became empty,saved_frames/2026-05-26_17-09-18_activity_ended.jpg
25557cb1-bf5f-4414-b28a-30b92d94a1bb,2026-05-26 17:09:19,activity_started,counts={'bird': 1},saved_frames/2026-05-26_17-09-19_activity_started.jpg
51a11a1f-b849-4f06-8152-6121357ae784,2026-05-26 17:09:19,new_species_detected,species=bird,saved_frames/2026-05-26_17-09-19_new_bird.jpg
39679f45-3b4c-465c-8e1b-6a7c95c05694,2026-05-26 17:09:19,activity_ended,scene became empty,saved_frames/2026-05-26_17-09-19_activity_ended.jpg
40e61c3c-6e27-483b-ae0f-08f28785face,2026-05-26 17:09:19,activity_started,counts={'bird': 1},saved_frames/2026-05-26_17-09-19_activity_started.jpg
81c025aa-89d0-413c-af6d-2a7821e4b3d6,2026-05-26 17:09:19,new_species_detected,species=bird,saved_frames/2026-05-26_17-09-19_new_bird.jpg
307fa46d-87d5-4554-80ab-4ec1a5267592,2026-05-26 17:09:19,activity_ended,scene became empty,saved_frames/2026-05-26_17-09-19_activity_ended.jpg
d00fc9e2-8f78-4443-a151-d439fdb67c05,2026-05-26 17:09:19,activity_started,counts={'bird': 1},saved_frames/2026-05-26_17-09-19_activity_started.jpg
8bc7bc0e-f73c-4b51-9a58-c57280f46a56,2026-05-26 17:09:19,new_species_detected,species=bird,saved_frames/2026-05-26_17-09-19_new_bird.jpg
834ff02a-b4d6-427e-8668-1dbb374af3d0,2026-05-26 17:09:21,activity_ended,scene became empty,saved_frames/2026-05-26_17-09-21_activity_ended.jpg
d55afeb0-ac3b-414c-bff2-838f9dad9780,2026-05-26 17:09:21,activity_started,counts={'bird': 1},saved_frames/2026-05-26_17-09-21_activity_started.jpg
5b700442-0728-4ec9-98ab-a128c425048e,2026-05-26 17:09:21,new_species_detected,species=bird,saved_frames/2026-05-26_17-09-21_new_bird.jpg
17be6108-9e19-4970-9065-da511b5e7131,2026-05-26 17:09:22,activity_ended,scene became empty,saved_frames/2026-05-26_17-09-22_activity_ended.jpg
6d35a11b-e660-477e-a913-8d40f72c5167,2026-05-26 17:09:22,activity_started,counts={'bird': 1},saved_frames/2026-05-26_17-09-22_activity_started.jpg
e79428f5-440c-4d47-8b85-6911e883680d,2026-05-26 17:09:22,new_species_detected,species=bird,saved_frames/2026-05-26_17-09-22_new_bird.jpg
0732fa69-be4c-4128-ab7c-4534819e6391,2026-05-26 17:09:22,activity_ended,scene became empty,saved_frames/2026-05-26_17-09-22_activity_ended.jpg
0e7cb2cb-868a-45ff-89be-2b1b69841d0a,2026-05-26 17:09:23,activity_started,counts={'bird': 1},saved_frames/2026-05-26_17-09-23_activity_started.jpg
cb2ab037-951d-492f-9feb-3188af799a5e,2026-05-26 17:09:23,new_species_detected,species=bird,saved_frames/2026-05-26_17-09-23_new_bird.jpg
06999296-ad44-4cc9-96ee-fabe16965b50,2026-05-26 17:09:23,activity_ended,scene became empty,saved_frames/2026-05-26_17-09-23_activity_ended.jpg
b74c443f-7714-42de-a450-c88aef6d80eb,2026-05-26 17:09:23,activity_started,counts={'bird': 1},saved_frames/2026-05-26_17-09-23_activity_started.jpg
8411b6ba-353b-4256-9b74-84f1f1e0c5d9,2026-05-26 17:09:23,new_species_detected,species=bird,saved_frames/2026-05-26_17-09-23_new_bird.jpg
263f722d-e520-48a1-b61f-3a979315eed1,2026-05-26 17:09:24,activity_ended,scene became empty,saved_frames/2026-05-26_17-09-24_activity_ended.jpg
034429e7-2ac4-4a43-919b-b4484983b6d9,2026-05-26 17:09:51,activity_started,counts={'bird': 1},saved_frames/2026-05-26_17-09-51_activity_started.jpg
bb5162d7-f674-4e60-92e2-6286434c4c4f,2026-05-26 17:09:51,new_species_detected,species=bird,saved_frames/2026-05-26_17-09-51_new_bird.jpg
1ece5c02-3107-4bd8-90b3-bd64f32b962e,2026-05-26 17:09:51,activity_ended,scene became empty,saved_frames/2026-05-26_17-09-51_activity_ended.jpg
59a96cae-7772-4a42-a68d-58e16a60461d,2026-05-26 17:10:16,activity_started,counts={'bird': 1},saved_frames/2026-05-26_17-10-16_activity_started.jpg
12174d50-c20b-48fb-950c-8e4743050e25,2026-05-26 17:10:16,new_species_detected,species=bird,saved_frames/2026-05-26_17-10-16_new_bird.jpg
763330ad-8034-473a-b0e1-8f9a829283e9,2026-05-26 17:10:16,activity_ended,scene became empty,saved_frames/2026-05-26_17-10-16_activity_ended.jpg
783d44bd-f1bc-4c23-b582-d0e809804d44,2026-05-26 17:10:18,activity_started,counts={'bird': 1},saved_frames/2026-05-26_17-10-18_activity_started.jpg
7465e359-12d0-4e99-869e-552d4a772363,2026-05-26 17:10:18,new_species_detected,species=bird,saved_frames/2026-05-26_17-10-18_new_bird.jpg
c2f7cc9c-cc51-414f-9026-99c477205474,2026-05-26 17:10:18,activity_ended,scene became empty,saved_frames/2026-05-26_17-10-18_activity_ended.jpg
6953fa07-07f0-4c17-b8ad-1d1a64ac1fd9,2026-05-26 17:10:18,activity_started,counts={'bird': 1},saved_frames/2026-05-26_17-10-18_activity_started.jpg
ba26b58a-1811-4fed-8292-3ca2f41fcbc3,2026-05-26 17:10:18,new_species_detected,species=bird,saved_frames/2026-05-26_17-10-18_new_bird.jpg
182a6100-837c-4c2f-9617-a7455c73659e,2026-05-26 17:10:18,activity_ended,scene became empty,saved_frames/2026-05-26_17-10-18_activity_ended.jpg
3045025c-d881-451e-a4e3-f5626f2b0b28,2026-05-26 17:10:18,activity_started,counts={'bird': 1},saved_frames/2026-05-26_17-10-18_activity_started.jpg
c5b22842-7bc9-4631-89e8-c9e13d03db62,2026-05-26 17:10:18,new_species_detected,species=bird,saved_frames/2026-05-26_17-10-18_new_bird.jpg
c0c0a1cf-34b5-4254-8107-3d0c6da3db56,2026-05-26 17:10:19,activity_ended,scene became empty,saved_frames/2026-05-26_17-10-19_activity_ended.jpg
a58086b8-cdd7-40eb-8562-2ea126e4b776,2026-05-26 17:10:21,activity_started,counts={'bird': 1},saved_frames/2026-05-26_17-10-21_activity_started.jpg
3574e572-6760-4a6a-971c-39ca9d5dbe35,2026-05-26 17:10:21,new_species_detected,species=bird,saved_frames/2026-05-26_17-10-21_new_bird.jpg
0244b3b9-b464-4e27-b6e1-1329d5eb511b,2026-05-26 17:10:23,activity_ended,scene became empty,saved_frames/2026-05-26_17-10-23_activity_ended.jpg
22160d4c-f9a7-4c11-95bb-779507d9406a,2026-05-26 17:10:29,activity_started,counts={'bird': 1},saved_frames/2026-05-26_17-10-29_activity_started.jpg
e754a3d3-7b67-49bb-b6e2-b023ccfcca78,2026-05-26 17:10:29,new_species_detected,species=bird,saved_frames/2026-05-26_17-10-29_new_bird.jpg
7c870b77-140d-4300-940b-0f5ab809e50f,2026-05-26 17:10:29,activity_ended,scene became empty,saved_frames/2026-05-26_17-10-29_activity_ended.jpg
fbccec41-fab3-4644-8e75-20d0b46a873d,2026-05-26 17:10:29,activity_started,counts={'bird': 1},saved_frames/2026-05-26_17-10-29_activity_started.jpg
c1a4727e-2179-4aed-ae92-279acc2467e1,2026-05-26 17:10:29,new_species_detected,species=bird,saved_frames/2026-05-26_17-10-29_new_bird.jpg
47d18e70-3e51-4b31-b39c-e0a40595730c,2026-05-26 17:10:30,activity_ended,scene became empty,saved_frames/2026-05-26_17-10-30_activity_ended.jpg
c355d324-8bf6-4c8a-9342-18fb4e349b64,2026-05-26 17:10:37,activity_started,counts={'bird': 1},saved_frames/2026-05-26_17-10-37_activity_started.jpg
e478d1e5-3c66-4280-9f5c-afe3a3dc0a5f,2026-05-26 17:10:37,new_species_detected,species=bird,saved_frames/2026-05-26_17-10-37_new_bird.jpg
8d2738b2-e18a-42fa-afda-4ce407f27097,2026-05-26 17:10:37,activity_ended,scene became empty,saved_frames/2026-05-26_17-10-37_activity_ended.jpg
a5257c4e-d060-4ee9-afc1-cea3a413cc9e,2026-05-26 17:10:37,activity_started,counts={'bird': 1},saved_frames/2026-05-26_17-10-37_activity_started.jpg
5d0c1540-d2dd-4a79-af5b-19dc4e001d00,2026-05-26 17:10:37,new_species_detected,species=bird,saved_frames/2026-05-26_17-10-37_new_bird.jpg
10d32731-8cfe-4951-bb23-97771d8a4ff5,2026-05-26 17:10:37,activity_ended,scene became empty,saved_frames/2026-05-26_17-10-37_activity_ended.jpg
c12204f8-3de4-4bed-be9b-e5efef78b69c,2026-05-26 17:10:39,activity_started,counts={'bird': 1},saved_frames/2026-05-26_17-10-39_activity_started.jpg
e187e9e5-77ca-46f0-a7ee-d56d20a1edc0,2026-05-26 17:10:39,new_species_detected,species=bird,saved_frames/2026-05-26_17-10-39_new_bird.jpg
612bcfe8-1fb0-4a8b-9f98-4152fe16c81e,2026-05-26 17:10:39,activity_ended,scene became empty,saved_frames/2026-05-26_17-10-39_activity_ended.jpg
e3cd79a7-c324-4167-9983-1caf336cfbbe,2026-05-26 17:10:54,activity_started,counts={'bird': 1},saved_frames/2026-05-26_17-10-54_activity_started.jpg
5bbc23f0-04b5-446f-b54c-b91c3b1abc9a,2026-05-26 17:10:54,new_species_detected,species=bird,saved_frames/2026-05-26_17-10-54_new_bird.jpg
0e02d19a-761f-496b-917a-3f6b8f56d1de,2026-05-26 17:10:55,activity_ended,scene became empty,saved_frames/2026-05-26_17-10-55_activity_ended.jpg
934e4e80-f0ee-42cd-ac3d-dff59e71a6d3,2026-05-26 17:11:05,activity_started,counts={'bird': 1},saved_frames/2026-05-26_17-11-05_activity_started.jpg
a69893ae-f60b-4b5d-b21b-61c429e2cffa,2026-05-26 17:11:05,new_species_detected,species=bird,saved_frames/2026-05-26_17-11-05_new_bird.jpg
11ac0117-f6bf-41d1-b0b6-893a60d25fa2,2026-05-26 17:11:05,activity_ended,scene became empty,saved_frames/2026-05-26_17-11-05_activity_ended.jpg
4671e335-4e80-41b3-adde-00be1fca60f0,2026-05-26 17:11:07,activity_started,counts={'bird': 1},saved_frames/2026-05-26_17-11-07_activity_started.jpg
39024673-f027-4528-9760-b486ce465cb1,2026-05-26 17:11:07,new_species_detected,species=bird,saved_frames/2026-05-26_17-11-07_new_bird.jpg
2802c606-dea5-4f87-8550-9b125c351136,2026-05-26 17:11:07,activity_ended,scene became empty,saved_frames/2026-05-26_17-11-07_activity_ended.jpg
cd7ce516-9c4d-486c-ab97-52e4b48cb0ed,2026-05-26 17:11:07,activity_started,counts={'bird': 1},saved_frames/2026-05-26_17-11-07_activity_started.jpg
e7b36ab0-8e64-4f76-a52f-3fe469381085,2026-05-26 17:11:07,new_species_detected,species=bird,saved_frames/2026-05-26_17-11-07_new_bird.jpg
a18bebd4-cab4-45c0-9e49-14ce5345b605,2026-05-26 17:11:07,activity_ended,scene became empty,saved_frames/2026-05-26_17-11-07_activity_ended.jpg
61772378-77a4-43b4-88f2-5d1ada9afd73,2026-05-26 17:11:11,activity_started,counts={'bird': 1},saved_frames/2026-05-26_17-11-11_activity_started.jpg
a5f495bb-d5ab-4ed1-a978-5d5e0015c56c,2026-05-26 17:11:11,new_species_detected,species=bird,saved_frames/2026-05-26_17-11-11_new_bird.jpg
db549597-a4d6-4b80-8274-c5f0fcc573a3,2026-05-26 17:11:11,activity_ended,scene became empty,saved_frames/2026-05-26_17-11-11_activity_ended.jpg
e7ab1047-0e3f-4fc1-a550-0ff6d3df6119,2026-05-26 17:11:11,activity_started,counts={'bird': 1},saved_frames/2026-05-26_17-11-11_activity_started.jpg
ef45060a-eb7f-4bfc-ae63-74b1f050f599,2026-05-26 17:11:11,new_species_detected,species=bird,saved_frames/2026-05-26_17-11-11_new_bird.jpg
532132da-3ab1-4ec1-8011-031af1dcf318,2026-05-26 17:11:11,activity_ended,scene became empty,saved_frames/2026-05-26_17-11-11_activity_ended.jpg
1227b194-4abc-4df6-8b68-afed41fd4b51,2026-05-26 17:11:11,activity_started,counts={'bird': 1},saved_frames/2026-05-26_17-11-11_activity_started.jpg
9456ce42-1f5a-4526-a18d-a83f7799aa18,2026-05-26 17:11:11,new_species_detected,species=bird,saved_frames/2026-05-26_17-11-11_new_bird.jpg
2decf81b-552a-4b89-8ecc-0a4ea376eea3,2026-05-26 17:11:12,activity_ended,scene became empty,saved_frames/2026-05-26_17-11-12_activity_ended.jpg
be3f2396-f5e1-4434-b789-6af37849b859,2026-05-26 17:11:12,activity_started,counts={'bird': 1},saved_frames/2026-05-26_17-11-12_activity_started.jpg
df628810-a9ca-4d99-bb16-6562e805a218,2026-05-26 17:11:12,new_species_detected,species=bird,saved_frames/2026-05-26_17-11-12_new_bird.jpg
c6a3952a-4562-44f2-877a-6cac40b14e22,2026-05-26 17:11:13,activity_ended,scene became empty,saved_frames/2026-05-26_17-11-13_activity_ended.jpg
622e6cde-9709-4fc6-8f57-3894c1011a2a,2026-05-26 17:11:13,activity_started,counts={'bird': 1},saved_frames/2026-05-26_17-11-13_activity_started.jpg
63ab3bf6-045d-4935-a6c2-4135eb24a4e2,2026-05-26 17:11:13,new_species_detected,species=bird,saved_frames/2026-05-26_17-11-13_new_bird.jpg
011d2bf2-1e06-495c-bc64-558230801c4c,2026-05-26 17:11:13,activity_ended,scene became empty,saved_frames/2026-05-26_17-11-13_activity_ended.jpg
4854a32c-68a1-450a-a94f-4227bcba5cea,2026-05-26 17:11:14,activity_started,counts={'bird': 1},saved_frames/2026-05-26_17-11-14_activity_started.jpg
4cba22f7-960c-49a6-8e46-5bdd53c63e03,2026-05-26 17:11:14,new_species_detected,species=bird,saved_frames/2026-05-26_17-11-14_new_bird.jpg
ad2d64ed-c52c-42dd-9744-8c5c4e407c6c,2026-05-26 17:11:14,activity_ended,scene became empty,saved_frames/2026-05-26_17-11-14_activity_ended.jpg
366a7992-f8bc-4524-9d25-0ede9043e422,2026-05-26 17:11:14,activity_started,counts={'bird': 1},saved_frames/2026-05-26_17-11-14_activity_started.jpg
69c8dbde-5385-44e2-bc3b-032953ab11eb,2026-05-26 17:11:14,new_species_detected,species=bird,saved_frames/2026-05-26_17-11-14_new_bird.jpg
51da9f40-bc45-43e9-b7e4-79e413d96b17,2026-05-26 17:11:15,activity_ended,scene became empty,saved_frames/2026-05-26_17-11-15_activity_ended.jpg
ea7d97e7-b6e9-4f6d-8cd5-f4efb606876d,2026-05-26 17:11:15,activity_started,counts={'bird': 1},saved_frames/2026-05-26_17-11-15_activity_started.jpg
a7c1f33a-6159-47a4-a3d1-f6fc19a14a0b,2026-05-26 17:11:15,new_species_detected,species=bird,saved_frames/2026-05-26_17-11-15_new_bird.jpg
b460b4a1-9a92-4ec1-a845-4c9faf10fb66,2026-05-26 17:11:15,activity_ended,scene became empty,saved_frames/2026-05-26_17-11-15_activity_ended.jpg
44a2b077-9872-486e-8961-46bb5171708a,2026-05-26 17:11:17,activity_started,counts={'bird': 1},saved_frames/2026-05-26_17-11-17_activity_started.jpg
f554903d-6bf7-4d12-8b33-1cd7e12d0a09,2026-05-26 17:11:17,new_species_detected,species=bird,saved_frames/2026-05-26_17-11-17_new_bird.jpg
d113c3ca-3379-4c0d-b296-65bff3286e66,2026-05-26 17:11:17,activity_ended,scene became empty,saved_frames/2026-05-26_17-11-17_activity_ended.jpg
27f16443-2f4b-4e6e-a64e-2018f0c7e1e8,2026-05-26 17:11:23,activity_started,counts={'bird': 1},saved_frames/2026-05-26_17-11-23_activity_started.jpg
fe89edbb-abed-4cb0-9684-997b45c84d56,2026-05-26 17:11:23,new_species_detected,species=bird,saved_frames/2026-05-26_17-11-23_new_bird.jpg
d39b8225-f821-41c5-848b-0065ce0c4a91,2026-05-26 17:11:24,activity_ended,scene became empty,saved_frames/2026-05-26_17-11-24_activity_ended.jpg
48476aff-f736-4876-8c3d-c5483e1b1057,2026-05-26 17:11:24,activity_started,counts={'bird': 1},saved_frames/2026-05-26_17-11-24_activity_started.jpg
7c9dc118-a6e5-44e7-a758-a8be88682e47,2026-05-26 17:11:24,new_species_detected,species=bird,saved_frames/2026-05-26_17-11-24_new_bird.jpg
51d12297-7471-4d6a-b14f-05c103a6c35d,2026-05-26 17:11:24,activity_ended,scene became empty,saved_frames/2026-05-26_17-11-24_activity_ended.jpg
d23eb578-7bab-4ae5-91d8-e205291a543f,2026-05-26 17:11:25,activity_started,counts={'bird': 1},saved_frames/2026-05-26_17-11-25_activity_started.jpg
956fcaef-035a-4f11-9465-d3b5a115915a,2026-05-26 17:11:25,new_species_detected,species=bird,saved_frames/2026-05-26_17-11-25_new_bird.jpg
22bd803c-da49-4a3e-b281-58ab1482e47c,2026-05-26 17:11:25,activity_ended,scene became empty,saved_frames/2026-05-26_17-11-25_activity_ended.jpg
96e96534-e88d-4d97-90ad-5e4e4dee2a26,2026-05-26 17:11:25,activity_started,counts={'bird': 1},saved_frames/2026-05-26_17-11-25_activity_started.jpg
ca73d9eb-34fb-4a0b-af30-8b4c020f25f5,2026-05-26 17:11:25,new_species_detected,species=bird,saved_frames/2026-05-26_17-11-25_new_bird.jpg
f31180ac-1aeb-4802-9883-5295c8e8d072,2026-05-26 17:11:25,activity_ended,scene became empty,saved_frames/2026-05-26_17-11-25_activity_ended.jpg
e1fe9777-6077-4cdd-9bdc-22c4c037e2d5,2026-05-26 17:11:25,activity_started,counts={'bird': 1},saved_frames/2026-05-26_17-11-25_activity_started.jpg
f9fc98bf-e5b2-4abe-8163-ab2f30e72d93,2026-05-26 17:11:25,new_species_detected,species=bird,saved_frames/2026-05-26_17-11-25_new_bird.jpg
d5894880-4001-492d-86e4-73a69e63fc01,2026-05-26 17:11:25,activity_ended,scene became empty,saved_frames/2026-05-26_17-11-25_activity_ended.jpg
fc9854f7-6f5d-499e-b079-9be3ea98fb3c,2026-05-26 17:11:25,activity_started,counts={'bird': 1},saved_frames/2026-05-26_17-11-25_activity_started.jpg
9e204253-04b3-4dee-a2b6-a4b803b3c942,2026-05-26 17:11:25,new_species_detected,species=bird,saved_frames/2026-05-26_17-11-25_new_bird.jpg
86621d79-8dc9-4209-ad7c-f135e3d96311,2026-05-26 17:11:26,activity_ended,scene became empty,saved_frames/2026-05-26_17-11-26_activity_ended.jpg
0e58b3bb-9aa7-4f3a-bcc8-0c276ef06445,2026-05-26 17:11:26,activity_started,counts={'bird': 1},saved_frames/2026-05-26_17-11-26_activity_started.jpg
824ed368-8f6a-410a-965f-4ff772155b9f,2026-05-26 17:11:26,new_species_detected,species=bird,saved_frames/2026-05-26_17-11-26_new_bird.jpg
4cd8ca8d-6863-4b17-8cfc-33df1dc7995e,2026-05-26 17:11:26,activity_ended,scene became empty,saved_frames/2026-05-26_17-11-26_activity_ended.jpg
3410c956-262e-4306-bb89-8e141b6355c7,2026-05-26 17:11:26,activity_started,counts={'bird': 1},saved_frames/2026-05-26_17-11-26_activity_started.jpg
d4ed8599-f099-4433-ae15-2ec2be548f0a,2026-05-26 17:11:26,new_species_detected,species=bird,saved_frames/2026-05-26_17-11-26_new_bird.jpg
1f14052a-8d14-4804-a7f8-b380a3d7bd89,2026-05-26 17:11:26,activity_ended,scene became empty,saved_frames/2026-05-26_17-11-26_activity_ended.jpg
2e12ea62-d8f6-47cc-9bd2-39421399e365,2026-05-26 17:11:26,activity_started,counts={'bird': 1},saved_frames/2026-05-26_17-11-26_activity_started.jpg
a2cce3a8-dc98-4c7b-91f0-401c2bd555ea,2026-05-26 17:11:26,new_species_detected,species=bird,saved_frames/2026-05-26_17-11-26_new_bird.jpg
8c4eef18-e962-4ae2-a310-c3ca1472e064,2026-05-26 17:11:27,activity_ended,scene became empty,saved_frames/2026-05-26_17-11-27_activity_ended.jpg
aa1d83be-4fd8-44fb-a053-a0763a5fd9f0,2026-05-26 17:11:27,activity_started,counts={'bird': 1},saved_frames/2026-05-26_17-11-27_activity_started.jpg
be87bca0-b07c-450c-afaf-c90609ff5271,2026-05-26 17:11:27,new_species_detected,species=bird,saved_frames/2026-05-26_17-11-27_new_bird.jpg
d9931445-5f60-4f8d-8739-377f4881d0b0,2026-05-26 17:11:27,activity_ended,scene became empty,saved_frames/2026-05-26_17-11-27_activity_ended.jpg
46cc6325-ebce-41b0-9e53-9bfaec0391be,2026-05-26 17:11:30,activity_started,counts={'bird': 1},saved_frames/2026-05-26_17-11-30_activity_started.jpg
4cee440e-ed08-4b5e-8007-d461aef6962a,2026-05-26 17:11:30,new_species_detected,species=bird,saved_frames/2026-05-26_17-11-30_new_bird.jpg
8f8d8c71-7121-43c2-ba7e-f40f764e1d74,2026-05-26 17:11:31,activity_ended,scene became empty,saved_frames/2026-05-26_17-11-31_activity_ended.jpg
df8df138-56f1-4b0f-b1c3-4c71359f1b0c,2026-05-26 17:11:32,activity_started,counts={'bird': 1},saved_frames/2026-05-26_17-11-32_activity_started.jpg
4572a536-36c6-44b7-b3c3-84a279bf69b7,2026-05-26 17:11:32,new_species_detected,species=bird,saved_frames/2026-05-26_17-11-32_new_bird.jpg
9903e1a0-f4cd-4368-805e-69ac2334a9f5,2026-05-26 17:11:32,activity_ended,scene became empty,saved_frames/2026-05-26_17-11-32_activity_ended.jpg
17a455b7-101a-4cda-b477-3a8f9307918c,2026-05-26 17:11:32,activity_started,counts={'bird': 1},saved_frames/2026-05-26_17-11-32_activity_started.jpg
15febf74-eecf-48d6-9c71-2dd2a5afc65a,2026-05-26 17:11:32,new_species_detected,species=bird,saved_frames/2026-05-26_17-11-32_new_bird.jpg
e79fa473-2077-49f7-ad71-91c4a22db9cb,2026-05-26 17:11:33,activity_ended,scene became empty,saved_frames/2026-05-26_17-11-33_activity_ended.jpg
31566e67-7cec-40b6-b59a-fc41930a8883,2026-05-26 17:11:35,activity_started,counts={'bird': 1},saved_frames/2026-05-26_17-11-35_activity_started.jpg
877707f5-357a-4437-b514-4ba38635ff3f,2026-05-26 17:11:35,new_species_detected,species=bird,saved_frames/2026-05-26_17-11-35_new_bird.jpg
805d7280-7a96-46ea-9cfa-75a13f395fd5,2026-05-26 17:11:35,activity_ended,scene became empty,saved_frames/2026-05-26_17-11-35_activity_ended.jpg
edda1d63-01df-4a20-beae-3a5663db5226,2026-05-26 17:11:35,activity_started,counts={'bird': 1},saved_frames/2026-05-26_17-11-35_activity_started.jpg
f4b10b77-99e2-47ef-8e0f-4b57e65f6bbc,2026-05-26 17:11:35,new_species_detected,species=bird,saved_frames/2026-05-26_17-11-35_new_bird.jpg
3d670889-1148-4cd0-ad01-4b91e8246a65,2026-05-26 17:11:36,activity_ended,scene became empty,saved_frames/2026-05-26_17-11-36_activity_ended.jpg
3a7ca9fd-e7f6-448c-8f81-34173a9df486,2026-05-26 17:11:40,activity_started,counts={'bird': 1},saved_frames/2026-05-26_17-11-40_activity_started.jpg
41a56198-7fc4-464c-8f5b-e167f4110d95,2026-05-26 17:11:40,new_species_detected,species=bird,saved_frames/2026-05-26_17-11-40_new_bird.jpg
b3f9fb93-710c-4a58-827a-2bab85d670c3,2026-05-26 17:11:40,activity_ended,scene became empty,saved_frames/2026-05-26_17-11-40_activity_ended.jpg
50b4d977-e2c3-40db-868b-802deed5d815,2026-05-26 17:11:41,activity_started,counts={'bird': 1},saved_frames/2026-05-26_17-11-41_activity_started.jpg
fc395d1e-961f-4b5a-8e5a-9e0bfaa379aa,2026-05-26 17:11:41,new_species_detected,species=bird,saved_frames/2026-05-26_17-11-41_new_bird.jpg
1862eaa2-b500-4ebf-85dc-4e2ca8eac558,2026-05-26 17:11:41,activity_ended,scene became empty,saved_frames/2026-05-26_17-11-41_activity_ended.jpg
78727d23-88ec-4774-a321-6178c0fdd91b,2026-05-26 17:11:43,activity_started,counts={'bird': 1},saved_frames/2026-05-26_17-11-43_activity_started.jpg
970d13a2-a5c7-4a73-ba48-5fb319a2920e,2026-05-26 17:11:43,new_species_detected,species=bird,saved_frames/2026-05-26_17-11-43_new_bird.jpg
8e6f45e1-2507-4521-89d8-0a1a53e20d6e,2026-05-26 17:11:43,activity_ended,scene became empty,saved_frames/2026-05-26_17-11-43_activity_ended.jpg
e8d590d6-800c-4b45-b752-7a4197eadc1e,2026-05-26 17:11:45,activity_started,counts={'bird': 1},saved_frames/2026-05-26_17-11-45_activity_started.jpg
986e7170-f29b-40a0-a163-fbc15a21199e,2026-05-26 17:11:45,new_species_detected,species=bird,saved_frames/2026-05-26_17-11-45_new_bird.jpg
1e04ba8c-4b0a-43ec-a09f-e3e302768098,2026-05-26 17:11:45,activity_ended,scene became empty,saved_frames/2026-05-26_17-11-45_activity_ended.jpg
3e71fc1c-bfd3-467e-9bc6-050933c0795d,2026-05-26 17:11:45,activity_started,counts={'bird': 1},saved_frames/2026-05-26_17-11-45_activity_started.jpg
0bae89ca-96db-4302-9a6e-028ae110ba4f,2026-05-26 17:11:45,new_species_detected,species=bird,saved_frames/2026-05-26_17-11-45_new_bird.jpg
33f26f3f-c478-4856-a582-a63e0806623c,2026-05-26 17:11:45,activity_ended,scene became empty,saved_frames/2026-05-26_17-11-45_activity_ended.jpg
8102ae33-66e3-4df4-9ad0-0379aac61e67,2026-05-26 17:11:52,activity_started,counts={'bird': 1},saved_frames/2026-05-26_17-11-52_activity_started.jpg
5605dc82-c5b5-44f0-aa44-9e38723fdffd,2026-05-26 17:11:52,new_species_detected,species=bird,saved_frames/2026-05-26_17-11-52_new_bird.jpg
81ffc109-6cff-49ae-9d23-97efeae11516,2026-05-26 17:11:52,activity_ended,scene became empty,saved_frames/2026-05-26_17-11-52_activity_ended.jpg
639b263f-9a26-4d1c-bc0f-c8983b238084,2026-05-26 17:11:53,activity_started,counts={'bird': 1},saved_frames/2026-05-26_17-11-53_activity_started.jpg
1de383d6-5911-4ab1-a815-ac5d82fd7a9f,2026-05-26 17:11:53,new_species_detected,species=bird,saved_frames/2026-05-26_17-11-53_new_bird.jpg
ddd31ec2-6cbb-4a1e-913f-7d054c4ddcf9,2026-05-26 17:11:53,activity_ended,scene became empty,saved_frames/2026-05-26_17-11-53_activity_ended.jpg
8466f4bf-b8ba-4c98-901b-ee2572d098fb,2026-05-26 17:11:54,activity_started,counts={'bird': 1},saved_frames/2026-05-26_17-11-54_activity_started.jpg
b8a7269c-0d04-497d-ab14-763afcafad05,2026-05-26 17:11:54,new_species_detected,species=bird,saved_frames/2026-05-26_17-11-54_new_bird.jpg
b99e379e-f020-4af2-9c2f-fa8f0f7d8511,2026-05-26 17:11:54,activity_ended,scene became empty,saved_frames/2026-05-26_17-11-54_activity_ended.jpg
bfcb4b14-25a0-4b2e-a82f-30bab67018dd,2026-05-26 17:11:57,activity_started,counts={'bird': 1},saved_frames/2026-05-26_17-11-57_activity_started.jpg
93b8b2e2-0640-4820-887d-a83ad7dec6f4,2026-05-26 17:11:57,new_species_detected,species=bird,saved_frames/2026-05-26_17-11-57_new_bird.jpg
b4ddd089-40a2-4486-adcf-cbc1e2f04bd9,2026-05-26 17:11:57,activity_ended,scene became empty,saved_frames/2026-05-26_17-11-57_activity_ended.jpg
bef1bc8e-8b96-42df-9cfe-1f42dac715de,2026-05-26 17:12:46,activity_started,counts={'bird': 1},saved_frames/2026-05-26_17-12-46_activity_started.jpg
74ba55cb-6f26-43ca-8183-6482c169f5cd,2026-05-26 17:12:46,new_species_detected,species=bird,saved_frames/2026-05-26_17-12-46_new_bird.jpg
717fbe3e-06ba-42b8-b46d-2b6d40cfe8bd,2026-05-26 17:12:46,activity_ended,scene became empty,saved_frames/2026-05-26_17-12-46_activity_ended.jpg
9ff06988-2548-4116-bc18-995c590715cc,2026-05-26 17:12:46,activity_started,counts={'bird': 1},saved_frames/2026-05-26_17-12-46_activity_started.jpg
16440ffc-f9bf-4132-a7d9-823f9c9c1250,2026-05-26 17:12:46,new_species_detected,species=bird,saved_frames/2026-05-26_17-12-46_new_bird.jpg
0ade4a98-b355-46d2-87dd-6c4391c90b68,2026-05-26 17:12:46,activity_ended,scene became empty,saved_frames/2026-05-26_17-12-46_activity_ended.jpg
6ea22b4e-4707-4f18-bd6c-868e6fedcdc6,2026-05-27 08:22:16,activity_started,counts={'zebra': 1},saved_frames/2026-05-27_08-22-16_activity_started.jpg
4e6e06cc-b4b6-45a0-86bc-875138f121fc,2026-05-27 08:22:16,new_species_detected,species=zebra,saved_frames/2026-05-27_08-22-16_new_zebra.jpg
f618149a-aa2f-431f-a6ed-4f2612c3a914,2026-05-27 08:22:16,activity_ended,scene became empty,saved_frames/2026-05-27_08-22-16_activity_ended.jpg
041a0f6c-f039-4a40-b24a-bc589a066ecf,2026-05-27 08:22:18,activity_started,counts={'zebra': 1},saved_frames/2026-05-27_08-22-18_activity_started.jpg
8f1cb020-c9dc-4cf7-b20c-3e44aef9c1dc,2026-05-27 08:22:18,new_species_detected,species=zebra,saved_frames/2026-05-27_08-22-18_new_zebra.jpg
19fb4f07-8bc5-46c5-ae4c-e1be21949237,2026-05-27 08:22:18,activity_ended,scene became empty,saved_frames/2026-05-27_08-22-18_activity_ended.jpg
78364340-9bbc-4a7d-b2a0-20369bc7f661,2026-05-27 08:22:20,activity_started,counts={'zebra': 1},saved_frames/2026-05-27_08-22-20_activity_started.jpg
3ad66647-28d2-4a77-98a3-43af4465b883,2026-05-27 08:22:20,new_species_detected,species=zebra,saved_frames/2026-05-27_08-22-20_new_zebra.jpg
c268cf71-b4a0-447d-a5a8-e3a037f1df62,2026-05-27 08:22:20,activity_ended,scene became empty,saved_frames/2026-05-27_08-22-20_activity_ended.jpg
063b4a9e-aedc-4520-84e4-cd2554ce9722,2026-05-27 08:22:20,activity_started,counts={'zebra': 1},saved_frames/2026-05-27_08-22-20_activity_started.jpg
843e6b7f-e789-4351-b3cd-58543f37583d,2026-05-27 08:22:20,new_species_detected,species=zebra,saved_frames/2026-05-27_08-22-20_new_zebra.jpg
48a36848-17e6-4512-b432-10470c96c92e,2026-05-27 08:22:22,activity_ended,scene became empty,saved_frames/2026-05-27_08-22-22_activity_ended.jpg
3a60379a-f377-4462-be96-27b7b0ae802c,2026-05-27 08:22:22,activity_started,counts={'zebra': 1},saved_frames/2026-05-27_08-22-22_activity_started.jpg
a94b64f9-882c-48a2-9b49-032843f0c268,2026-05-27 08:22:22,new_species_detected,species=zebra,saved_frames/2026-05-27_08-22-22_new_zebra.jpg
532f8521-d338-4c9b-a11e-dc46876f8bf1,2026-05-27 08:22:23,activity_ended,scene became empty,saved_frames/2026-05-27_08-22-23_activity_ended.jpg
9bbd0c29-2025-4df0-9d4f-25b796046d98,2026-05-27 08:22:23,activity_started,counts={'zebra': 1},saved_frames/2026-05-27_08-22-23_activity_started.jpg
fc44e20e-ae1a-4656-adb6-ca8f52e9cc4b,2026-05-27 08:22:23,new_species_detected,species=zebra,saved_frames/2026-05-27_08-22-23_new_zebra.jpg
a6a2cdf0-be3c-462f-8cd6-4a04813d0aa9,2026-05-27 08:22:23,activity_ended,scene became empty,saved_frames/2026-05-27_08-22-23_activity_ended.jpg
e6488603-e361-468d-ac40-c58a5726ae6d,2026-05-27 08:22:35,activity_started,counts={'zebra': 1},saved_frames/2026-05-27_08-22-35_activity_started.jpg
5ab358a6-0152-4b0c-bce4-1ed17d2d09c3,2026-05-27 08:22:35,new_species_detected,species=zebra,saved_frames/2026-05-27_08-22-35_new_zebra.jpg
5e17491b-b39d-4a13-aef9-c7598c321871,2026-05-27 08:22:35,activity_ended,scene became empty,saved_frames/2026-05-27_08-22-35_activity_ended.jpg
d6d03969-dc32-4f08-867d-12d7b790b622,2026-05-27 08:22:36,activity_started,counts={'zebra': 1},saved_frames/2026-05-27_08-22-36_activity_started.jpg
0bb6ba1f-46d0-44aa-8126-1f76b03fff38,2026-05-27 08:22:36,new_species_detected,species=zebra,saved_frames/2026-05-27_08-22-36_new_zebra.jpg
c605ac33-c89e-43dd-ac78-519f3ebe66eb,2026-05-27 08:22:36,activity_ended,scene became empty,saved_frames/2026-05-27_08-22-36_activity_ended.jpg
8b69c79b-8316-4b65-bce7-80f9191fa9b4,2026-05-27 08:22:37,activity_started,counts={'zebra': 2},saved_frames/2026-05-27_08-22-37_activity_started.jpg
0f9559cb-78fa-40db-a008-5b2f9a40a2f3,2026-05-27 08:22:37,new_species_detected,species=zebra,saved_frames/2026-05-27_08-22-37_new_zebra.jpg
059106c0-1658-491f-ba1d-d3b133ff2122,2026-05-27 08:22:37,activity_ended,scene became empty,saved_frames/2026-05-27_08-22-37_activity_ended.jpg
f312d196-9d9e-4aab-8748-9d4df74a8cf4,2026-05-27 08:25:20,activity_started,counts={'antelope_like': 1},saved_frames/2026-05-27_08-25-20_activity_started.jpg
10ebdda2-6eb4-4bb4-871a-6f3b81e171af,2026-05-27 08:25:20,new_species_detected,species=antelope_like,saved_frames/2026-05-27_08-25-20_new_antelope_like.jpg
3b018e27-a389-4b0c-9395-b0379fa7e2c3,2026-05-27 08:25:20,activity_ended,scene became empty,saved_frames/2026-05-27_08-25-20_activity_ended.jpg
105a6359-05b6-41d9-8933-722c02239a46,2026-05-27 08:25:20,activity_started,counts={'antelope_like': 1},saved_frames/2026-05-27_08-25-20_activity_started.jpg
e9cfa1c0-4176-4a99-9146-94990ddfe961,2026-05-27 08:25:20,new_species_detected,species=antelope_like,saved_frames/2026-05-27_08-25-20_new_antelope_like.jpg
7bcb7bc0-c9e0-41f6-8056-0c86a9623647,2026-05-27 08:25:20,activity_ended,scene became empty,saved_frames/2026-05-27_08-25-20_activity_ended.jpg
87d564c1-49f0-4a06-b395-1a4c3fc40a57,2026-05-27 08:25:20,activity_started,counts={'antelope_like': 1},saved_frames/2026-05-27_08-25-20_activity_started.jpg
9dbf3f23-cbdd-40c7-8fe1-3a05ea35e292,2026-05-27 08:25:20,new_species_detected,species=antelope_like,saved_frames/2026-05-27_08-25-20_new_antelope_like.jpg
830dc266-453a-48c8-b5ba-7cf453b8dd84,2026-05-27 08:25:21,activity_ended,scene became empty,saved_frames/2026-05-27_08-25-21_activity_ended.jpg
1d8e7cb6-a4fb-4f1a-b030-acbbbc291af9,2026-05-27 08:25:47,activity_started,counts={'antelope_like': 1},saved_frames/2026-05-27_08-25-47_activity_started.jpg
f8975aaf-15e3-4725-a820-29e737558424,2026-05-27 08:25:47,new_species_detected,species=antelope_like,saved_frames/2026-05-27_08-25-47_new_antelope_like.jpg
ab25966a-ff67-4743-bddc-ab9dc8c6bc5d,2026-05-27 08:25:47,activity_ended,scene became empty,saved_frames/2026-05-27_08-25-47_activity_ended.jpg
d9a13bb7-4056-46be-bd5c-91c786ef931f,2026-05-27 08:25:47,activity_started,counts={'antelope_like': 1},saved_frames/2026-05-27_08-25-47_activity_started.jpg
f4af78c3-75ea-4a8d-b2ec-c2bd0c5b256d,2026-05-27 08:25:47,new_species_detected,species=antelope_like,saved_frames/2026-05-27_08-25-47_new_antelope_like.jpg
fcc58f4c-95cb-423a-a297-de76e535fd6a,2026-05-27 08:25:48,activity_ended,scene became empty,saved_frames/2026-05-27_08-25-48_activity_ended.jpg
6e3d718f-c724-4e37-83f6-1ef6ccc716b0,2026-05-27 08:26:05,activity_started,counts={'ungulate': 1},saved_frames/2026-05-27_08-26-05_activity_started.jpg
6151a72c-72c8-4cf9-906e-2e5ece70e099,2026-05-27 08:26:05,new_species_detected,species=ungulate,saved_frames/2026-05-27_08-26-05_new_ungulate.jpg
0b3c73ca-62d4-46f0-85a8-150878958f87,2026-05-27 08:26:05,activity_ended,scene became empty,saved_frames/2026-05-27_08-26-05_activity_ended.jpg
36b27274-6780-49ca-9bfc-89703c2775ab,2026-05-27 08:26:05,activity_started,counts={'ungulate': 1},saved_frames/2026-05-27_08-26-05_activity_started.jpg
d1853285-eb55-4853-8e72-aa15c48eb490,2026-05-27 08:26:05,new_species_detected,species=ungulate,saved_frames/2026-05-27_08-26-05_new_ungulate.jpg
b975762a-f389-4190-9e57-bebdcf432ff4,2026-05-27 08:26:06,activity_ended,scene became empty,saved_frames/2026-05-27_08-26-06_activity_ended.jpg
1d4c534e-ad5a-4696-b1b8-ed50b092dc2d,2026-05-27 15:18:24,activity_started,counts={'antelope_like': 1},saved_frames/2026-05-27_15-18-24_activity_started.jpg
e270c8d7-496b-480d-ae3e-8cdc8d11a9c9,2026-05-27 15:18:24,new_species_detected,species=antelope_like,saved_frames/2026-05-27_15-18-24_new_antelope_like.jpg
ad1226cd-e8d2-49b9-b345-b45ded781c8f,2026-05-27 15:18:24,activity_ended,scene became empty,saved_frames/2026-05-27_15-18-24_activity_ended.jpg
8b41649a-4a44-41b1-a8d3-c9610d147256,2026-05-27 15:18:24,activity_started,counts={'antelope_like': 1},saved_frames/2026-05-27_15-18-24_activity_started.jpg
3f96d551-0fb5-4c67-88ee-fa1a15e26f11,2026-05-27 15:18:24,new_species_detected,species=antelope_like,saved_frames/2026-05-27_15-18-24_new_antelope_like.jpg
846e346d-3525-4786-b928-86c98aafba70,2026-05-27 15:18:24,activity_ended,scene became empty,saved_frames/2026-05-27_15-18-24_activity_ended.jpg
260e070d-136b-42ba-aa77-82d60bb01078,2026-05-27 15:18:28,activity_started,counts={'antelope_like': 1},saved_frames/2026-05-27_15-18-28_activity_started.jpg
e1235ce6-dacb-4918-9149-7dac355d9a28,2026-05-27 15:18:28,new_species_detected,species=antelope_like,saved_frames/2026-05-27_15-18-28_new_antelope_like.jpg
aecafdff-c02a-473e-95e4-9d4f91b3dd85,2026-05-27 15:18:28,activity_ended,scene became empty,saved_frames/2026-05-27_15-18-28_activity_ended.jpg
0675588d-201b-4cb2-b5a5-fa548d71bef9,2026-05-27 15:18:30,activity_started,counts={'antelope_like': 1},saved_frames/2026-05-27_15-18-30_activity_started.jpg
faacf849-af4f-4dc7-889d-ed80703d209e,2026-05-27 15:18:30,new_species_detected,species=antelope_like,saved_frames/2026-05-27_15-18-30_new_antelope_like.jpg
5f5f47e5-f15e-4a44-83cf-9bddb32ac1e9,2026-05-27 15:18:35,activity_ended,scene became empty,saved_frames/2026-05-27_15-18-35_activity_ended.jpg
b7f86815-a8bc-42da-bf87-10076ebcfde1,2026-05-27 15:18:35,activity_started,counts={'antelope_like': 1},saved_frames/2026-05-27_15-18-35_activity_started.jpg
ec9a1125-0125-4597-812a-4929fa8a702f,2026-05-27 15:18:35,new_species_detected,species=antelope_like,saved_frames/2026-05-27_15-18-35_new_antelope_like.jpg
ac3af28e-ef43-4f5f-9d52-73c927991852,2026-05-27 15:18:35,activity_ended,scene became empty,saved_frames/2026-05-27_15-18-35_activity_ended.jpg
3b0ec81d-98d4-4c70-aaa4-b3f7df041f78,2026-05-27 15:18:36,activity_started,counts={'antelope_like': 1},saved_frames/2026-05-27_15-18-36_activity_started.jpg
da434252-af9c-4bab-adc0-82d3a4318241,2026-05-27 15:18:36,new_species_detected,species=antelope_like,saved_frames/2026-05-27_15-18-36_new_antelope_like.jpg
68341ff7-6281-474a-ada0-4d076c310b4b,2026-05-27 15:18:38,large_group_detected,total_animals=3,saved_frames/2026-05-27_15-18-38_large_group.jpg
3ea858b9-2fbf-4846-8f64-27f10620f38e,2026-05-27 15:18:44,large_group_detected,total_animals=3,saved_frames/2026-05-27_15-18-44_large_group.jpg
d9d39703-cd91-488e-a880-5f3b573dec2a,2026-05-27 15:18:44,large_group_detected,total_animals=3,saved_frames/2026-05-27_15-18-44_large_group.jpg
6fa10825-ff6b-421d-a8b9-5df0b0149595,2026-05-27 15:18:46,large_group_detected,total_animals=3,saved_frames/2026-05-27_15-18-46_large_group.jpg
7ec933ce-872a-459a-ab50-9f645d3a6b8b,2026-05-27 15:18:47,large_group_detected,total_animals=3,saved_frames/2026-05-27_15-18-47_large_group.jpg
219dbd2d-6ee3-4861-b4b7-ec8236e1ae6c,2026-05-27 15:18:48,activity_ended,scene became empty,saved_frames/2026-05-27_15-18-48_activity_ended.jpg
8c96d105-1c59-439a-a814-64893463df79,2026-05-27 15:18:48,activity_started,counts={'antelope_like': 3},saved_frames/2026-05-27_15-18-48_activity_started.jpg
deac4845-ff56-4a90-a15d-4b40f1896680,2026-05-27 15:18:48,new_species_detected,species=antelope_like,saved_frames/2026-05-27_15-18-48_new_antelope_like.jpg
cc740f4c-eca1-49c1-be38-19d00b808f22,2026-05-27 15:18:48,large_group_detected,total_animals=3,saved_frames/2026-05-27_15-18-48_large_group.jpg
f2e99695-479e-42cb-bb4c-30d7e0dfbcbc,2026-05-27 15:18:49,large_group_detected,total_animals=3,saved_frames/2026-05-27_15-18-49_large_group.jpg
4132b9c0-ca3b-44e2-96c3-abe2298677f7,2026-05-27 15:18:49,large_group_detected,total_animals=3,saved_frames/2026-05-27_15-18-49_large_group.jpg
db3ce780-4980-4fab-bfab-d84d87d587a2,2026-05-27 15:18:50,large_group_detected,total_animals=3,saved_frames/2026-05-27_15-18-50_large_group.jpg
950241ba-6cab-4cf8-a863-15716bc4c11c,2026-05-27 15:18:50,activity_ended,scene became empty,saved_frames/2026-05-27_15-18-50_activity_ended.jpg
6bf9eb69-8f3d-4c1d-86c9-340055184904,2026-05-27 15:18:50,activity_started,counts={'antelope_like': 1},saved_frames/2026-05-27_15-18-50_activity_started.jpg
e2cdcdcf-07d8-40c3-9d89-9dc6a2b6a6ff,2026-05-27 15:18:50,new_species_detected,species=antelope_like,saved_frames/2026-05-27_15-18-50_new_antelope_like.jpg
32556f3b-4e2e-45be-8cfd-e0a0a81b3360,2026-05-27 15:18:50,activity_ended,scene became empty,saved_frames/2026-05-27_15-18-50_activity_ended.jpg
105825b4-6625-46f1-af31-6fd939cd5586,2026-05-27 15:18:50,activity_started,counts={'antelope_like': 1},saved_frames/2026-05-27_15-18-50_activity_started.jpg
3f4cac75-f576-489d-b500-8f551a861968,2026-05-27 15:18:50,new_species_detected,species=antelope_like,saved_frames/2026-05-27_15-18-50_new_antelope_like.jpg
dd53048d-7719-4598-ad0d-0dd9cee339b5,2026-05-27 15:18:51,activity_ended,scene became empty,saved_frames/2026-05-27_15-18-51_activity_ended.jpg
64525bfb-ddb2-4675-b35e-587d253a5a2f,2026-05-27 15:18:51,activity_started,counts={'antelope_like': 1},saved_frames/2026-05-27_15-18-51_activity_started.jpg
94f93067-7490-45e3-ae3c-d7888f0ced4a,2026-05-27 15:18:51,new_species_detected,species=antelope_like,saved_frames/2026-05-27_15-18-51_new_antelope_like.jpg
97653555-bd87-4417-b33c-20ad022d3c3d,2026-05-27 15:18:52,activity_ended,scene became empty,saved_frames/2026-05-27_15-18-52_activity_ended.jpg
103d8c9b-1d76-4ac7-8ab2-0e3bc2cc7e38,2026-05-27 15:18:55,activity_started,counts={'antelope_like': 2},saved_frames/2026-05-27_15-18-55_activity_started.jpg
5a8ed41c-7616-40ed-b6ed-2daa1ea6ae28,2026-05-27 15:18:55,new_species_detected,species=antelope_like,saved_frames/2026-05-27_15-18-55_new_antelope_like.jpg
32016da4-7450-4b49-98b3-4c39c565d819,2026-05-27 15:18:58,activity_ended,scene became empty,saved_frames/2026-05-27_15-18-58_activity_ended.jpg
079afed1-3eb1-4a95-8e49-65cabf1ccc4c,2026-05-27 15:18:58,activity_started,counts={'antelope_like': 1},saved_frames/2026-05-27_15-18-58_activity_started.jpg
9cbe8642-f3e0-41fa-9dce-8486c8661e8e,2026-05-27 15:18:58,new_species_detected,species=antelope_like,saved_frames/2026-05-27_15-18-58_new_antelope_like.jpg
00b244b9-25ce-4e74-98de-612c8c5144df,2026-05-27 15:18:58,activity_ended,scene became empty,saved_frames/2026-05-27_15-18-58_activity_ended.jpg
f164654a-30cb-4e9f-9bf4-45c9412a5152,2026-05-27 15:18:58,activity_started,counts={'antelope_like': 1},saved_frames/2026-05-27_15-18-58_activity_started.jpg
6f6cddc1-5656-49a8-bbde-ca22d8da8025,2026-05-27 15:18:58,new_species_detected,species=antelope_like,saved_frames/2026-05-27_15-18-58_new_antelope_like.jpg
e26e60cb-4c6d-45b6-ab01-009684f9e4e7,2026-05-27 15:18:58,activity_ended,scene became empty,saved_frames/2026-05-27_15-18-58_activity_ended.jpg
931df986-7c7a-4dfe-9c7e-2d56753b576e,2026-05-27 15:18:58,activity_started,counts={'antelope_like': 1},saved_frames/2026-05-27_15-18-58_activity_started.jpg
13126d43-9090-4e3a-b4df-cda5d56e655d,2026-05-27 15:18:58,new_species_detected,species=antelope_like,saved_frames/2026-05-27_15-18-58_new_antelope_like.jpg
4450e21a-4358-4493-bf1a-43405b6d5016,2026-05-27 15:18:59,activity_ended,scene became empty,saved_frames/2026-05-27_15-18-59_activity_ended.jpg
6c48703a-a486-477f-b6b8-11e72151ac0e,2026-05-27 15:18:59,activity_started,counts={'antelope_like': 1},saved_frames/2026-05-27_15-18-59_activity_started.jpg
01fc79c5-4457-44dd-a98b-6d6560c4add1,2026-05-27 15:18:59,new_species_detected,species=antelope_like,saved_frames/2026-05-27_15-18-59_new_antelope_like.jpg
19a4056e-7dad-4720-a8ff-f395cb7f0028,2026-05-27 15:18:59,activity_ended,scene became empty,saved_frames/2026-05-27_15-18-59_activity_ended.jpg
c2c2ab72-ed19-4e22-935f-ff684b76bea2,2026-05-27 15:19:00,activity_started,counts={'antelope_like': 1},saved_frames/2026-05-27_15-19-00_activity_started.jpg
5747bbcd-0ca3-41f3-be0a-158778b05a38,2026-05-27 15:19:00,new_species_detected,species=antelope_like,saved_frames/2026-05-27_15-19-00_new_antelope_like.jpg
173b4066-65a8-40e3-99c5-f4b1a4240a82,2026-05-27 15:19:01,activity_ended,scene became empty,saved_frames/2026-05-27_15-19-01_activity_ended.jpg
f5816205-17b5-4fc8-931a-9041c182dda6,2026-05-27 15:19:01,activity_started,counts={'antelope_like': 1},saved_frames/2026-05-27_15-19-01_activity_started.jpg
b732f6c1-55f8-46f0-a10d-4e13d68a86f3,2026-05-27 15:19:01,new_species_detected,species=antelope_like,saved_frames/2026-05-27_15-19-01_new_antelope_like.jpg
5942adfc-a365-44f4-b0ab-c2e2b969686a,2026-05-27 15:19:02,activity_ended,scene became empty,saved_frames/2026-05-27_15-19-02_activity_ended.jpg
63e38449-b3e1-4f8f-ae37-6bee492e1f32,2026-05-27 15:19:02,activity_started,counts={'antelope_like': 1},saved_frames/2026-05-27_15-19-02_activity_started.jpg
1494d9f2-165e-4e3d-b68f-54dfeb832856,2026-05-27 15:19:02,new_species_detected,species=antelope_like,saved_frames/2026-05-27_15-19-02_new_antelope_like.jpg
4007db9f-3092-4637-a7fb-82a9b62aefa3,2026-05-27 15:19:02,activity_ended,scene became empty,saved_frames/2026-05-27_15-19-02_activity_ended.jpg
33380002-cfab-4b43-b927-ada9cd1e9e49,2026-05-27 15:19:02,activity_started,counts={'antelope_like': 1},saved_frames/2026-05-27_15-19-02_activity_started.jpg
ced52478-4911-4b33-b022-0195703d0c28,2026-05-27 15:19:02,new_species_detected,species=antelope_like,saved_frames/2026-05-27_15-19-02_new_antelope_like.jpg
b1ef20db-efc6-4e51-a6ef-68babe4eb19e,2026-05-27 15:19:02,activity_ended,scene became empty,saved_frames/2026-05-27_15-19-02_activity_ended.jpg
f745deb2-8324-43bd-86d6-7668a4db41e0,2026-05-27 15:19:02,activity_started,counts={'antelope_like': 1},saved_frames/2026-05-27_15-19-02_activity_started.jpg
590ead9b-97a0-461b-a1e9-5c3f9596a97a,2026-05-27 15:19:02,new_species_detected,species=antelope_like,saved_frames/2026-05-27_15-19-02_new_antelope_like.jpg
78d83566-0329-4dc4-a236-920c681efabd,2026-05-27 15:19:03,activity_ended,scene became empty,saved_frames/2026-05-27_15-19-03_activity_ended.jpg
9ad1f811-4948-4f93-9a6e-7726581a1674,2026-05-27 15:19:03,activity_started,counts={'antelope_like': 1},saved_frames/2026-05-27_15-19-03_activity_started.jpg
cbc6ab53-223a-4bdf-ae3e-f8af8e890343,2026-05-27 15:19:03,new_species_detected,species=antelope_like,saved_frames/2026-05-27_15-19-03_new_antelope_like.jpg
1a507162-f837-4256-8fb5-e340c2475685,2026-05-27 15:19:03,activity_ended,scene became empty,saved_frames/2026-05-27_15-19-03_activity_ended.jpg
c223f3c8-89fe-4ad3-b1a9-1cc9cae8f8aa,2026-05-27 15:19:03,activity_started,counts={'antelope_like': 1},saved_frames/2026-05-27_15-19-03_activity_started.jpg
b3000c99-7bc6-4cb0-8f3b-205034949fdf,2026-05-27 15:19:03,new_species_detected,species=antelope_like,saved_frames/2026-05-27_15-19-03_new_antelope_like.jpg
b714396c-460e-42d6-b887-fc54a60e2a82,2026-05-27 15:19:05,activity_ended,scene became empty,saved_frames/2026-05-27_15-19-05_activity_ended.jpg
b17828d2-4c2f-44ba-a604-ad3981988ceb,2026-05-27 15:19:08,activity_started,counts={'antelope_like': 1},saved_frames/2026-05-27_15-19-08_activity_started.jpg
5c6429e0-85d1-49e9-afd8-4ac1040b35c7,2026-05-27 15:19:08,new_species_detected,species=antelope_like,saved_frames/2026-05-27_15-19-08_new_antelope_like.jpg
5c571b19-b9b9-4d9f-a4fb-e409ca1fb18f,2026-05-27 15:19:08,activity_ended,scene became empty,saved_frames/2026-05-27_15-19-08_activity_ended.jpg
a4df7824-bb79-43b8-91ed-a788276ea802,2026-05-27 15:19:08,activity_started,counts={'antelope_like': 1},saved_frames/2026-05-27_15-19-08_activity_started.jpg
bed49001-7f76-44e0-8cb0-a22d9a9cf7c6,2026-05-27 15:19:08,new_species_detected,species=antelope_like,saved_frames/2026-05-27_15-19-08_new_antelope_like.jpg
896e1927-b0e1-420e-8f12-1a75eb12c9ed,2026-05-27 15:19:20,activity_ended,scene became empty,saved_frames/2026-05-27_15-19-20_activity_ended.jpg
be1d59ad-6b89-41e8-9eaf-79a381ff5155,2026-05-27 15:19:30,activity_started,counts={'antelope_like': 1},saved_frames/2026-05-27_15-19-30_activity_started.jpg
94f894b1-e3ef-4553-bf3a-2c060e733632,2026-05-27 15:19:30,new_species_detected,species=antelope_like,saved_frames/2026-05-27_15-19-30_new_antelope_like.jpg
2749e4f4-f7be-479f-af39-2ce0dc55e0aa,2026-05-27 15:19:31,activity_ended,scene became empty,saved_frames/2026-05-27_15-19-31_activity_ended.jpg
312da09c-888d-48c7-90db-b7fc1ab1d42f,2026-05-27 15:19:37,activity_started,counts={'antelope_like': 1},saved_frames/2026-05-27_15-19-37_activity_started.jpg
73c96f50-b0a4-4e6a-ba8f-9e201781d89b,2026-05-27 15:19:37,new_species_detected,species=antelope_like,saved_frames/2026-05-27_15-19-37_new_antelope_like.jpg
ecc15177-90a1-4865-8924-73cbc9be1b99,2026-05-27 15:19:38,activity_ended,scene became empty,saved_frames/2026-05-27_15-19-38_activity_ended.jpg
4aa78fdf-9205-4b8b-91b9-07f242ed76d4,2026-05-27 15:19:38,activity_started,counts={'antelope_like': 1},saved_frames/2026-05-27_15-19-38_activity_started.jpg
20486e2b-cc84-4a6b-b057-2665e2016c2d,2026-05-27 15:19:38,new_species_detected,species=antelope_like,saved_frames/2026-05-27_15-19-38_new_antelope_like.jpg
6a54484f-9982-42b7-bde0-2b5e8fe7f931,2026-05-27 15:19:38,activity_ended,scene became empty,saved_frames/2026-05-27_15-19-38_activity_ended.jpg
b4e9157c-d616-4cab-b4f4-48c3ce029ea9,2026-05-27 15:19:38,activity_started,counts={'antelope_like': 1},saved_frames/2026-05-27_15-19-38_activity_started.jpg
88e3f543-e26f-49a0-a2bb-7cc47bd83098,2026-05-27 15:19:38,new_species_detected,species=antelope_like,saved_frames/2026-05-27_15-19-38_new_antelope_like.jpg
77b36f7e-1e4a-43eb-9c1b-5865da1fe44f,2026-05-27 15:19:38,large_group_detected,total_animals=3,saved_frames/2026-05-27_15-19-38_large_group.jpg
8a6ef19f-265c-41c6-b05a-c18c4607e6ae,2026-05-27 15:19:39,activity_ended,scene became empty,saved_frames/2026-05-27_15-19-39_activity_ended.jpg
ea1b84c2-16cd-491c-9a0d-27db62b05318,2026-05-27 15:19:39,activity_started,counts={'antelope_like': 1},saved_frames/2026-05-27_15-19-39_activity_started.jpg
6aad48f0-526d-42b6-adf8-b66db7b24780,2026-05-27 15:19:39,new_species_detected,species=antelope_like,saved_frames/2026-05-27_15-19-39_new_antelope_like.jpg
e1dd8eae-9317-4097-a583-50a0a1b71723,2026-05-27 15:19:39,activity_ended,scene became empty,saved_frames/2026-05-27_15-19-39_activity_ended.jpg
340d7318-61b6-4599-aedb-b1a0abc485b4,2026-05-27 15:19:39,activity_started,counts={'antelope_like': 1},saved_frames/2026-05-27_15-19-39_activity_started.jpg
d83c61dc-d641-4de2-b124-5a943e4212a8,2026-05-27 15:19:39,new_species_detected,species=antelope_like,saved_frames/2026-05-27_15-19-39_new_antelope_like.jpg
f184423a-ef09-471e-a9ea-00891be8b0ad,2026-05-27 15:19:40,activity_ended,scene became empty,saved_frames/2026-05-27_15-19-40_activity_ended.jpg
c5680e51-b535-4d37-a6e2-b913e334f94a,2026-05-27 15:19:41,activity_started,counts={'antelope_like': 1},saved_frames/2026-05-27_15-19-41_activity_started.jpg
28b63857-8798-44e8-9871-bd1c7abfc567,2026-05-27 15:19:41,new_species_detected,species=antelope_like,saved_frames/2026-05-27_15-19-41_new_antelope_like.jpg
e98f08eb-152c-41b3-8bec-25ebe6325365,2026-05-27 15:19:41,activity_ended,scene became empty,saved_frames/2026-05-27_15-19-41_activity_ended.jpg
668f7dc3-3190-4857-86c6-17a63b3166eb,2026-05-27 15:19:46,activity_started,counts={'antelope_like': 1},saved_frames/2026-05-27_15-19-46_activity_started.jpg
f2c472fb-37c5-4741-8c79-4e1757f6bc08,2026-05-27 15:19:46,new_species_detected,species=antelope_like,saved_frames/2026-05-27_15-19-46_new_antelope_like.jpg
be6859e3-c218-4fdc-9a7a-0489947b2b04,2026-05-27 15:19:46,activity_ended,scene became empty,saved_frames/2026-05-27_15-19-46_activity_ended.jpg
d07a868b-aa38-4bcb-9e4f-d7e6ad6bd4f2,2026-05-27 15:19:46,activity_started,counts={'antelope_like': 1},saved_frames/2026-05-27_15-19-46_activity_started.jpg
72bc4775-05d7-4423-ae54-af1bb50f6e69,2026-05-27 15:19:46,new_species_detected,species=antelope_like,saved_frames/2026-05-27_15-19-46_new_antelope_like.jpg
dcdaee47-ed13-433e-859e-f971efdf96fb,2026-05-27 15:19:47,activity_ended,scene became empty,saved_frames/2026-05-27_15-19-47_activity_ended.jpg
e1d9d780-731d-46fd-86ec-f456462572d7,2026-05-27 15:19:47,activity_started,counts={'antelope_like': 1},saved_frames/2026-05-27_15-19-47_activity_started.jpg
a212c399-24d2-4dd1-97a6-861fde928077,2026-05-27 15:19:47,new_species_detected,species=antelope_like,saved_frames/2026-05-27_15-19-47_new_antelope_like.jpg
376d4a5b-4b29-44c2-a384-7faa19f878c5,2026-05-27 15:19:47,activity_ended,scene became empty,saved_frames/2026-05-27_15-19-47_activity_ended.jpg
a53de388-1da0-43a0-b612-d3277c12aece,2026-05-27 15:19:48,activity_started,counts={'antelope_like': 1},saved_frames/2026-05-27_15-19-48_activity_started.jpg
9239f7de-6a3c-4f44-aaf5-0c8c62df9719,2026-05-27 15:19:48,new_species_detected,species=antelope_like,saved_frames/2026-05-27_15-19-48_new_antelope_like.jpg
6d04c48f-367d-4eb9-b5a5-1628c0a0b071,2026-05-27 15:19:48,activity_ended,scene became empty,saved_frames/2026-05-27_15-19-48_activity_ended.jpg
36a0de9c-a94e-455e-9551-e195c473e649,2026-05-27 15:19:49,activity_started,counts={'antelope_like': 1},saved_frames/2026-05-27_15-19-49_activity_started.jpg
76492c6c-a764-4563-99ab-03e2f62d394b,2026-05-27 15:19:49,new_species_detected,species=antelope_like,saved_frames/2026-05-27_15-19-49_new_antelope_like.jpg
d5504269-99c1-4fce-90d2-a10e314405bb,2026-05-27 15:19:50,activity_ended,scene became empty,saved_frames/2026-05-27_15-19-50_activity_ended.jpg
1ccbbc02-492a-42b0-88c4-41c291626191,2026-05-27 15:19:51,activity_started,counts={'antelope_like': 1},saved_frames/2026-05-27_15-19-51_activity_started.jpg
a1cf6342-4110-48a5-a52f-06d08f6fe094,2026-05-27 15:19:51,new_species_detected,species=antelope_like,saved_frames/2026-05-27_15-19-51_new_antelope_like.jpg
58387946-dbb8-49ca-9257-0d313b72b77c,2026-05-27 15:19:51,activity_ended,scene became empty,saved_frames/2026-05-27_15-19-51_activity_ended.jpg
eec74fa0-d8ff-4873-a611-d39d71a3af4a,2026-05-27 15:19:52,activity_started,counts={'antelope_like': 1},saved_frames/2026-05-27_15-19-52_activity_started.jpg
404fbcc3-a8af-4f68-82df-08a4b2689769,2026-05-27 15:19:52,new_species_detected,species=antelope_like,saved_frames/2026-05-27_15-19-52_new_antelope_like.jpg
da6a9f69-743f-4e2e-9c05-21247275b753,2026-05-27 15:19:52,activity_ended,scene became empty,saved_frames/2026-05-27_15-19-52_activity_ended.jpg
c4d9cbfe-87e0-4af5-a07a-0c0d7868f2fe,2026-05-27 15:19:52,activity_started,counts={'antelope_like': 1},saved_frames/2026-05-27_15-19-52_activity_started.jpg
89cbf2e5-988f-4b85-ac8f-017938af6a0f,2026-05-27 15:19:52,new_species_detected,species=antelope_like,saved_frames/2026-05-27_15-19-52_new_antelope_like.jpg
9afb2b5b-09f0-4eeb-ae86-6aa2f67291b3,2026-05-27 15:19:52,activity_ended,scene became empty,saved_frames/2026-05-27_15-19-52_activity_ended.jpg
d9b20b42-ded6-408e-8c5a-18567fccb6e4,2026-05-27 15:19:52,activity_started,counts={'antelope_like': 1},saved_frames/2026-05-27_15-19-52_activity_started.jpg
ad4d635a-2a26-4ed6-8272-8007a5bd9714,2026-05-27 15:19:52,new_species_detected,species=antelope_like,saved_frames/2026-05-27_15-19-52_new_antelope_like.jpg
b3783a65-6070-4c0b-a7e7-bb331c2cb2d1,2026-05-27 15:19:53,activity_ended,scene became empty,saved_frames/2026-05-27_15-19-53_activity_ended.jpg
000e5a27-61d7-4d2a-a9b8-d65d9dc65c6d,2026-05-27 15:19:53,activity_started,counts={'antelope_like': 1},saved_frames/2026-05-27_15-19-53_activity_started.jpg
42c4eae1-678c-484f-8d66-5408e4c151ef,2026-05-27 15:19:53,new_species_detected,species=antelope_like,saved_frames/2026-05-27_15-19-53_new_antelope_like.jpg
3c318ba5-1cc7-4e7b-be78-c209f35ce07a,2026-05-27 15:19:56,activity_ended,scene became empty,saved_frames/2026-05-27_15-19-56_activity_ended.jpg
d4a244a8-1993-4e60-8ec8-7737a7f25af5,2026-05-27 15:19:56,activity_started,counts={'antelope_like': 1},saved_frames/2026-05-27_15-19-56_activity_started.jpg
a0e56f59-17d5-4745-906e-a439a400b1f6,2026-05-27 15:19:56,new_species_detected,species=antelope_like,saved_frames/2026-05-27_15-19-56_new_antelope_like.jpg
7e127669-c690-4a9c-a7ab-bffc0ca137ff,2026-05-27 15:19:58,activity_ended,scene became empty,saved_frames/2026-05-27_15-19-58_activity_ended.jpg
431a80ac-809b-4a22-a41c-0b223e377fd1,2026-05-27 15:19:58,activity_started,counts={'antelope_like': 1},saved_frames/2026-05-27_15-19-58_activity_started.jpg
10d1e358-92ec-4e8d-85b4-e1c2b8e68556,2026-05-27 15:19:58,new_species_detected,species=antelope_like,saved_frames/2026-05-27_15-19-58_new_antelope_like.jpg
6f319282-5e32-48f9-b58a-69ee6c47cdef,2026-05-27 15:19:58,activity_ended,scene became empty,saved_frames/2026-05-27_15-19-58_activity_ended.jpg
cd210d54-2120-4a29-9277-03791a7b2668,2026-05-27 15:19:58,activity_started,counts={'antelope_like': 1},saved_frames/2026-05-27_15-19-58_activity_started.jpg
64f1a4da-e8c7-4724-b51f-97ae269f75f2,2026-05-27 15:19:58,new_species_detected,species=antelope_like,saved_frames/2026-05-27_15-19-58_new_antelope_like.jpg
5cf833c7-c2af-472d-a8fb-fd84121c750c,2026-05-27 15:19:59,activity_ended,scene became empty,saved_frames/2026-05-27_15-19-59_activity_ended.jpg
b2610d02-025d-420a-bcb9-5c8cc6ffc163,2026-05-27 15:19:59,activity_started,counts={'antelope_like': 1},saved_frames/2026-05-27_15-19-59_activity_started.jpg
0eb5df1b-f003-4285-bd70-943d4f83e6ce,2026-05-27 15:19:59,new_species_detected,species=antelope_like,saved_frames/2026-05-27_15-19-59_new_antelope_like.jpg
01d4a937-9cbd-4194-96b5-6b08ba7a3360,2026-05-27 15:20:04,activity_ended,scene became empty,saved_frames/2026-05-27_15-20-04_activity_ended.jpg
4dae0c70-a035-4b09-af19-6dd60d406f30,2026-05-27 15:20:04,activity_started,counts={'antelope_like': 1},saved_frames/2026-05-27_15-20-04_activity_started.jpg
d861360c-6624-4d4e-9474-e7fa7b96d4ba,2026-05-27 15:20:04,new_species_detected,species=antelope_like,saved_frames/2026-05-27_15-20-04_new_antelope_like.jpg
0ad37ff8-a3e6-4325-b6d1-89d8dc0b2732,2026-05-27 15:20:05,new_species_detected,species=ungulate,saved_frames/2026-05-27_15-20-05_new_ungulate.jpg
fb0a34db-53b9-48d4-932b-8a0012ea7896,2026-05-27 15:20:05,multi_species_detected,"species=['antelope_like', 'ungulate']",saved_frames/2026-05-27_15-20-05_multi_species.jpg
9b6ab786-dc05-4a82-a0fb-6d9c73242369,2026-05-27 15:20:05,new_species_detected,species=ungulate,saved_frames/2026-05-27_15-20-05_new_ungulate.jpg
36a22e92-2005-45d5-8bcd-e396573af9a2,2026-05-27 15:20:05,multi_species_detected,"species=['antelope_like', 'ungulate']",saved_frames/2026-05-27_15-20-05_multi_species.jpg
aac7083b-293e-4ba8-956a-02e1de8cf795,2026-05-27 15:20:06,new_species_detected,species=ungulate,saved_frames/2026-05-27_15-20-06_new_ungulate.jpg
183519ef-5f50-401c-905d-c5780702c5c6,2026-05-27 15:20:06,multi_species_detected,"species=['antelope_like', 'ungulate']",saved_frames/2026-05-27_15-20-06_multi_species.jpg
5e24add6-5cff-405f-a688-d0f58ffb2032,2026-05-27 15:20:06,new_species_detected,species=ungulate,saved_frames/2026-05-27_15-20-06_new_ungulate.jpg
37cc8086-6fd5-417f-bec4-580b582e018b,2026-05-27 15:20:06,activity_ended,scene became empty,saved_frames/2026-05-27_15-20-06_activity_ended.jpg
e8e11e26-c3b1-4ec2-bc6d-62014a75b9d4,2026-05-27 15:20:06,activity_started,counts={'ungulate': 1},saved_frames/2026-05-27_15-20-06_activity_started.jpg
b9d8bc6d-0630-4989-a2e6-5ad2cb3eb8b9,2026-05-27 15:20:06,new_species_detected,species=ungulate,saved_frames/2026-05-27_15-20-06_new_ungulate.jpg
8e624ddf-3c8d-49c1-9fd6-54bc4fece6e3,2026-05-27 15:20:07,activity_ended,scene became empty,saved_frames/2026-05-27_15-20-07_activity_ended.jpg
b3ed001c-b491-449f-ad31-3bea74867ac8,2026-05-27 15:20:07,activity_started,counts={'ungulate': 1},saved_frames/2026-05-27_15-20-07_activity_started.jpg
7c9e9913-81af-41be-89f1-da597ae71674,2026-05-27 15:20:07,new_species_detected,species=ungulate,saved_frames/2026-05-27_15-20-07_new_ungulate.jpg
176e06f3-bed4-4f9f-99fe-2ec4e41f1b5f,2026-05-27 15:20:07,activity_ended,scene became empty,saved_frames/2026-05-27_15-20-07_activity_ended.jpg
79f0fb0e-4768-4fc2-a1d0-3d9f22e5de7f,2026-05-27 15:20:07,activity_started,counts={'ungulate': 1},saved_frames/2026-05-27_15-20-07_activity_started.jpg
75af2044-879e-43a2-b1ce-813de4b0a084,2026-05-27 15:20:07,new_species_detected,species=ungulate,saved_frames/2026-05-27_15-20-07_new_ungulate.jpg
0535922a-1571-47dd-a25c-b15cb1bb6ce4,2026-05-27 15:20:07,activity_ended,scene became empty,saved_frames/2026-05-27_15-20-07_activity_ended.jpg
b2fb536b-dfb8-48e7-ae9a-33c8a9b169d3,2026-05-27 15:20:08,activity_started,counts={'antelope_like': 1},saved_frames/2026-05-27_15-20-08_activity_started.jpg
87ac335b-e88c-4553-b4e4-66931605e07e,2026-05-27 15:20:08,new_species_detected,species=antelope_like,saved_frames/2026-05-27_15-20-08_new_antelope_like.jpg
1d1042e0-eeaa-4781-8918-d4bd46e1ed38,2026-05-27 15:20:10,activity_ended,scene became empty,saved_frames/2026-05-27_15-20-10_activity_ended.jpg
c408b56d-c18b-4066-af86-a7c3ef9a7c0d,2026-05-27 15:20:11,activity_started,counts={'antelope_like': 1},saved_frames/2026-05-27_15-20-11_activity_started.jpg
4d3ce440-7be3-4125-b9ae-683a1bda9c68,2026-05-27 15:20:11,new_species_detected,species=antelope_like,saved_frames/2026-05-27_15-20-11_new_antelope_like.jpg
6ac66b71-8b56-4ea9-a8b6-4fcb634f048a,2026-05-27 15:20:12,activity_ended,scene became empty,saved_frames/2026-05-27_15-20-12_activity_ended.jpg
57015c90-ba96-4206-a512-fa71892edac6,2026-05-27 15:20:12,activity_started,counts={'antelope_like': 1},saved_frames/2026-05-27_15-20-12_activity_started.jpg
67736247-4393-4e2d-9c0e-2e002d171142,2026-05-27 15:20:12,new_species_detected,species=antelope_like,saved_frames/2026-05-27_15-20-12_new_antelope_like.jpg
f1d36f91-7df9-401e-b9d8-f4998c7fccd5,2026-05-27 15:20:12,activity_ended,scene became empty,saved_frames/2026-05-27_15-20-12_activity_ended.jpg
b500084e-8d38-4ca4-a44a-69b0f9986a55,2026-05-27 15:20:13,activity_started,counts={'antelope_like': 1},saved_frames/2026-05-27_15-20-13_activity_started.jpg
5fddf473-da53-4647-9f33-c7f0ac48d06d,2026-05-27 15:20:13,new_species_detected,species=antelope_like,saved_frames/2026-05-27_15-20-13_new_antelope_like.jpg
56dc0c86-ca7f-4c12-a8f0-f704eccd77f7,2026-05-27 15:20:18,activity_ended,scene became empty,saved_frames/2026-05-27_15-20-18_activity_ended.jpg
30711b7a-6f4f-48c9-b6e1-c7eb09eb228a,2026-05-27 15:20:20,activity_started,counts={'antelope_like': 1},saved_frames/2026-05-27_15-20-20_activity_started.jpg
f0e33dd9-dcd9-44cc-9948-f7e1616175b4,2026-05-27 15:20:20,new_species_detected,species=antelope_like,saved_frames/2026-05-27_15-20-20_new_antelope_like.jpg
4e83dcb6-1044-40a9-9823-60cbe96d8642,2026-05-27 15:20:21,new_species_detected,species=ungulate,saved_frames/2026-05-27_15-20-21_new_ungulate.jpg
d7e598ee-f9e4-4b6c-95d3-92769d14abfb,2026-05-27 15:20:21,new_species_detected,species=antelope_like,saved_frames/2026-05-27_15-20-21_new_antelope_like.jpg
44744e44-b5e0-4de6-be88-94a85f1fc853,2026-05-27 15:20:21,activity_ended,scene became empty,saved_frames/2026-05-27_15-20-21_activity_ended.jpg
22f8e991-5df4-413e-aca8-642f7a313f8e,2026-05-27 15:20:22,activity_started,counts={'antelope_like': 1},saved_frames/2026-05-27_15-20-22_activity_started.jpg
dbfc3c47-3ed4-4885-8440-6b443cdc0e94,2026-05-27 15:20:22,new_species_detected,species=antelope_like,saved_frames/2026-05-27_15-20-22_new_antelope_like.jpg
2760fbca-4a7a-4d81-9c89-3716ce76cdad,2026-05-27 15:20:22,activity_ended,scene became empty,saved_frames/2026-05-27_15-20-22_activity_ended.jpg
6e10cedb-6515-467e-a797-f7d817919535,2026-05-27 15:20:23,activity_started,counts={'ungulate': 1},saved_frames/2026-05-27_15-20-23_activity_started.jpg
cad59aa9-d2af-4721-8fa7-912a02edb5a8,2026-05-27 15:20:23,new_species_detected,species=ungulate,saved_frames/2026-05-27_15-20-23_new_ungulate.jpg
f0e70367-bf17-4f66-8014-4af71b6f342c,2026-05-27 15:20:23,activity_ended,scene became empty,saved_frames/2026-05-27_15-20-23_activity_ended.jpg
948ac00b-36f4-40a5-a7cf-ce42b1148478,2026-05-27 15:20:23,activity_started,counts={'ungulate': 1},saved_frames/2026-05-27_15-20-23_activity_started.jpg
d302de97-92b8-4798-862e-2be592601e43,2026-05-27 15:20:23,new_species_detected,species=ungulate,saved_frames/2026-05-27_15-20-23_new_ungulate.jpg
17dc53bf-fb4d-43a8-81a1-60b5c5c4aaf1,2026-05-27 15:20:24,activity_ended,scene became empty,saved_frames/2026-05-27_15-20-24_activity_ended.jpg
ca820830-d550-45a7-b9e8-f8daf8171625,2026-05-27 15:20:24,activity_started,counts={'antelope_like': 1},saved_frames/2026-05-27_15-20-24_activity_started.jpg
074db411-4821-4c50-8ad3-1a1e9ba15286,2026-05-27 15:20:24,new_species_detected,species=antelope_like,saved_frames/2026-05-27_15-20-24_new_antelope_like.jpg
f99c1099-1728-41ab-a1cb-ed1488023b38,2026-05-27 15:20:24,activity_ended,scene became empty,saved_frames/2026-05-27_15-20-24_activity_ended.jpg
0bce85f7-909b-44f8-9a6d-1c6063486a1f,2026-05-27 15:20:24,activity_started,counts={'antelope_like': 1},saved_frames/2026-05-27_15-20-24_activity_started.jpg
80964354-7ee4-4dce-9ec2-e1faaffe5931,2026-05-27 15:20:24,new_species_detected,species=antelope_like,saved_frames/2026-05-27_15-20-24_new_antelope_like.jpg
8c506c13-5113-45a2-9bc3-78abc21cb3e1,2026-05-27 15:20:24,new_species_detected,species=ungulate,saved_frames/2026-05-27_15-20-24_new_ungulate.jpg
1c3ab992-f40e-4d63-94d5-2219fba3b6c0,2026-05-27 15:20:25,new_species_detected,species=antelope_like,saved_frames/2026-05-27_15-20-25_new_antelope_like.jpg
b1048765-8566-4993-8325-14a927ffbc8d,2026-05-27 15:20:25,activity_ended,scene became empty,saved_frames/2026-05-27_15-20-25_activity_ended.jpg
65cc8ec7-d3f3-49ca-a848-ff202424c4d5,2026-05-27 15:20:25,activity_started,counts={'antelope_like': 1},saved_frames/2026-05-27_15-20-25_activity_started.jpg
7f3eef39-c604-42b8-a9aa-0d858de5f90f,2026-05-27 15:20:25,new_species_detected,species=antelope_like,saved_frames/2026-05-27_15-20-25_new_antelope_like.jpg
a2eb401c-e2ab-431c-a9ad-44a3048b9fea,2026-05-27 15:20:26,new_species_detected,species=ungulate,saved_frames/2026-05-27_15-20-26_new_ungulate.jpg
8d8f391b-b6ab-46c7-8ade-8d75f64b3a08,2026-05-27 15:20:26,activity_ended,scene became empty,saved_frames/2026-05-27_15-20-26_activity_ended.jpg
97151caa-dceb-4eaa-8903-42d50635988d,2026-05-27 15:20:27,activity_started,counts={'antelope_like': 1},saved_frames/2026-05-27_15-20-27_activity_started.jpg
1cb4e1ea-f767-4fc1-92ed-bea83b0f439c,2026-05-27 15:20:27,new_species_detected,species=antelope_like,saved_frames/2026-05-27_15-20-27_new_antelope_like.jpg
552a3023-bf1e-4010-9e3f-225f6393de71,2026-05-27 15:20:28,new_species_detected,species=ungulate,saved_frames/2026-05-27_15-20-28_new_ungulate.jpg
577cc6ae-b3a5-4a3d-907d-ee426c8cc8f2,2026-05-27 15:20:28,new_species_detected,species=antelope_like,saved_frames/2026-05-27_15-20-28_new_antelope_like.jpg
a9546b1f-bf03-4213-96f0-efbea34d54ad,2026-05-27 15:20:28,new_species_detected,species=ungulate,saved_frames/2026-05-27_15-20-28_new_ungulate.jpg
19f00bdb-af64-4dc4-be6b-46121170386b,2026-05-27 15:20:29,new_species_detected,species=antelope_like,saved_frames/2026-05-27_15-20-29_new_antelope_like.jpg
fba235bf-3bf9-4393-a5aa-0a3de67917fa,2026-05-27 15:20:30,activity_ended,scene became empty,saved_frames/2026-05-27_15-20-30_activity_ended.jpg
4528f72c-86a9-432e-b0ee-bfa9046f6b37,2026-05-27 15:20:31,activity_started,counts={'antelope_like': 1},saved_frames/2026-05-27_15-20-31_activity_started.jpg
2edd91bc-6d17-4e4a-a53e-a045ded23277,2026-05-27 15:20:31,new_species_detected,species=antelope_like,saved_frames/2026-05-27_15-20-31_new_antelope_like.jpg
60ce1faf-2dee-4d48-85a1-b0878881ffb8,2026-05-27 15:20:32,activity_ended,scene became empty,saved_frames/2026-05-27_15-20-32_activity_ended.jpg
079f1693-ab61-47e7-9df4-33c83e7ddd21,2026-05-27 15:20:32,activity_started,counts={'antelope_like': 1},saved_frames/2026-05-27_15-20-32_activity_started.jpg
2da2aae8-91b6-43ae-9b09-00191eef4e83,2026-05-27 15:20:32,new_species_detected,species=antelope_like,saved_frames/2026-05-27_15-20-32_new_antelope_like.jpg
6157811c-3a4d-4822-9fa1-da896c4eeef2,2026-05-27 15:20:32,activity_ended,scene became empty,saved_frames/2026-05-27_15-20-32_activity_ended.jpg
a1719797-fced-4b12-bdbc-a5300de06687,2026-05-27 15:20:35,activity_started,counts={'antelope_like': 1},saved_frames/2026-05-27_15-20-35_activity_started.jpg
1253d909-3d59-4264-9c23-2f9546b386e3,2026-05-27 15:20:35,new_species_detected,species=antelope_like,saved_frames/2026-05-27_15-20-35_new_antelope_like.jpg
1542a3c8-c2ea-4e82-9b98-ad30096f3cf3,2026-05-27 15:20:35,activity_ended,scene became empty,saved_frames/2026-05-27_15-20-35_activity_ended.jpg
bda17bfb-433f-4018-ace9-41e7105609b6,2026-05-27 15:20:40,activity_started,counts={'antelope_like': 1},saved_frames/2026-05-27_15-20-40_activity_started.jpg
bfdace2e-72b7-4779-a10c-fc41cc13820d,2026-05-27 15:20:40,new_species_detected,species=antelope_like,saved_frames/2026-05-27_15-20-40_new_antelope_like.jpg
94b3c561-c589-4b67-ba97-e0f56919b3bf,2026-05-27 15:20:40,activity_ended,scene became empty,saved_frames/2026-05-27_15-20-40_activity_ended.jpg
2e20c6c4-9ea7-4016-94e3-37074ad1d3f7,2026-05-27 15:20:40,activity_started,counts={'antelope_like': 1},saved_frames/2026-05-27_15-20-40_activity_started.jpg
6f2c596f-399a-4339-a385-644d7d395aa8,2026-05-27 15:20:40,new_species_detected,species=antelope_like,saved_frames/2026-05-27_15-20-40_new_antelope_like.jpg
a66a22fe-ad52-4929-857c-a7e769a2839f,2026-05-27 15:20:40,activity_ended,scene became empty,saved_frames/2026-05-27_15-20-40_activity_ended.jpg
44527b09-dddf-4d36-ac14-d998e93a3994,2026-05-27 15:20:40,activity_started,counts={'antelope_like': 1},saved_frames/2026-05-27_15-20-40_activity_started.jpg
71d7f7e1-38b3-4c3c-a0d8-451d1c767da3,2026-05-27 15:20:40,new_species_detected,species=antelope_like,saved_frames/2026-05-27_15-20-40_new_antelope_like.jpg
10f1ebb5-89ff-4f47-ac06-a91e2272af36,2026-05-27 15:20:41,activity_ended,scene became empty,saved_frames/2026-05-27_15-20-41_activity_ended.jpg
9a07806d-4730-4fa4-85d5-765c332d72fa,2026-05-27 15:20:41,activity_started,counts={'antelope_like': 1},saved_frames/2026-05-27_15-20-41_activity_started.jpg
1b056576-afdb-4895-b136-0aadfe83ddb6,2026-05-27 15:20:41,new_species_detected,species=antelope_like,saved_frames/2026-05-27_15-20-41_new_antelope_like.jpg
1288145e-a238-497c-855f-630901ab28b9,2026-05-27 15:20:42,activity_ended,scene became empty,saved_frames/2026-05-27_15-20-42_activity_ended.jpg
9ba48110-4f09-466d-8d5b-d67117fc7553,2026-05-27 15:20:43,activity_started,counts={'antelope_like': 1},saved_frames/2026-05-27_15-20-43_activity_started.jpg
4c94c003-4b7f-4eae-98db-fb779219a10c,2026-05-27 15:20:43,new_species_detected,species=antelope_like,saved_frames/2026-05-27_15-20-43_new_antelope_like.jpg
514e9f18-3bd3-47c4-a6a3-6fda99e7c012,2026-05-27 15:20:43,activity_ended,scene became empty,saved_frames/2026-05-27_15-20-43_activity_ended.jpg
839f3cb9-f138-4e78-9622-9653c91311a2,2026-05-27 15:20:44,activity_started,counts={'antelope_like': 1},saved_frames/2026-05-27_15-20-44_activity_started.jpg
b07b4089-8335-4af4-8ecf-49982007744d,2026-05-27 15:20:44,new_species_detected,species=antelope_like,saved_frames/2026-05-27_15-20-44_new_antelope_like.jpg
ee370a87-4893-48ae-bde3-21fca2b43f48,2026-05-27 15:20:44,activity_ended,scene became empty,saved_frames/2026-05-27_15-20-44_activity_ended.jpg
5590b90e-7e38-4a97-978a-ae8adbf3aca6,2026-05-27 15:20:50,activity_started,counts={'antelope_like': 1},saved_frames/2026-05-27_15-20-50_activity_started.jpg
1df3a417-e31d-41b8-b73d-7096b7260d90,2026-05-27 15:20:50,new_species_detected,species=antelope_like,saved_frames/2026-05-27_15-20-50_new_antelope_like.jpg
fa7fb1d1-bb12-4a78-bfd3-1af3d0961a21,2026-05-27 15:20:59,activity_ended,scene became empty,saved_frames/2026-05-27_15-20-59_activity_ended.jpg
f59a96ae-ada9-40e3-a390-bb98d8dafefb,2026-05-27 15:20:59,activity_started,counts={'antelope_like': 1},saved_frames/2026-05-27_15-20-59_activity_started.jpg
da10128a-4e09-4868-bdb7-a3841a1fe9e5,2026-05-27 15:20:59,new_species_detected,species=antelope_like,saved_frames/2026-05-27_15-20-59_new_antelope_like.jpg
f9fcbb6c-47a4-4fc9-8868-6d9775fcb6fe,2026-05-27 15:21:00,activity_ended,scene became empty,saved_frames/2026-05-27_15-21-00_activity_ended.jpg
b82eb970-c777-400d-86a0-b839dca9accf,2026-05-27 15:21:03,activity_started,counts={'antelope_like': 1},saved_frames/2026-05-27_15-21-03_activity_started.jpg
b35a1bef-8be8-48fa-9d69-cd8088f0212a,2026-05-27 15:21:03,new_species_detected,species=antelope_like,saved_frames/2026-05-27_15-21-03_new_antelope_like.jpg
354e51af-25e2-4d99-9051-3be92c5322c3,2026-05-27 15:21:03,activity_ended,scene became empty,saved_frames/2026-05-27_15-21-03_activity_ended.jpg
34441045-4000-42c8-ae16-f48e8281f50d,2026-05-27 15:21:03,activity_started,counts={'antelope_like': 1},saved_frames/2026-05-27_15-21-03_activity_started.jpg
e7eafb46-ccec-423b-9b8b-bba97bbe7226,2026-05-27 15:21:03,new_species_detected,species=antelope_like,saved_frames/2026-05-27_15-21-03_new_antelope_like.jpg
7895cd91-adac-4f67-9427-3b7c1384979d,2026-05-27 15:21:05,activity_ended,scene became empty,saved_frames/2026-05-27_15-21-05_activity_ended.jpg
f74ace06-c59f-4a22-af77-840301d1e1dd,2026-05-27 15:21:05,activity_started,counts={'antelope_like': 1},saved_frames/2026-05-27_15-21-05_activity_started.jpg
f97eae54-2ddd-4616-a482-a6bee7124fa6,2026-05-27 15:21:05,new_species_detected,species=antelope_like,saved_frames/2026-05-27_15-21-05_new_antelope_like.jpg
f3d52a40-1ddb-43b1-b987-7850c7e7698d,2026-05-27 15:21:05,activity_ended,scene became empty,saved_frames/2026-05-27_15-21-05_activity_ended.jpg
d814eb60-b99c-4416-a220-413199379602,2026-05-27 15:21:08,activity_started,counts={'ungulate': 1},saved_frames/2026-05-27_15-21-08_activity_started.jpg
cbdfb6ee-9693-482a-b323-49ca80cac991,2026-05-27 15:21:08,new_species_detected,species=ungulate,saved_frames/2026-05-27_15-21-08_new_ungulate.jpg
09595153-4798-4392-a754-b8bbebbee07a,2026-05-27 15:21:09,activity_ended,scene became empty,saved_frames/2026-05-27_15-21-09_activity_ended.jpg
2c68c4bd-31bd-466a-a52d-88ad1c551951,2026-05-27 15:21:09,activity_started,counts={'ungulate': 1},saved_frames/2026-05-27_15-21-09_activity_started.jpg
25572ce1-b808-4f0b-b5a9-b2cb00d532de,2026-05-27 15:21:09,new_species_detected,species=ungulate,saved_frames/2026-05-27_15-21-09_new_ungulate.jpg
8cb149f6-4d21-413e-a735-bd38681fc7cb,2026-05-27 15:21:09,new_species_detected,species=antelope_like,saved_frames/2026-05-27_15-21-09_new_antelope_like.jpg
10d010b2-4abb-4177-becf-65967e877e4a,2026-05-27 15:21:09,activity_ended,scene became empty,saved_frames/2026-05-27_15-21-09_activity_ended.jpg
d3590919-8466-4f1e-8ffc-8be76709f19e,2026-05-27 15:21:09,activity_started,counts={'antelope_like': 1},saved_frames/2026-05-27_15-21-09_activity_started.jpg
7ee30c1b-d579-4acf-8b28-e559b367bed5,2026-05-27 15:21:09,new_species_detected,species=antelope_like,saved_frames/2026-05-27_15-21-09_new_antelope_like.jpg
781b9032-715d-4b37-8d2c-16486dfaad1a,2026-05-27 15:21:09,activity_ended,scene became empty,saved_frames/2026-05-27_15-21-09_activity_ended.jpg
23ae6c98-1c08-41e7-89af-f5c3bd1f0743,2026-05-27 15:21:11,activity_started,counts={'antelope_like': 1},saved_frames/2026-05-27_15-21-11_activity_started.jpg
85a42928-3e1e-4d45-9a03-4f1ac2d66a94,2026-05-27 15:21:11,new_species_detected,species=antelope_like,saved_frames/2026-05-27_15-21-11_new_antelope_like.jpg
3be28e09-c362-462a-95e0-2107d4f2854c,2026-05-27 15:21:11,activity_ended,scene became empty,saved_frames/2026-05-27_15-21-11_activity_ended.jpg
55f25850-5cee-4a1b-85be-31c9db66f115,2026-05-27 15:21:15,activity_started,counts={'ungulate': 1},saved_frames/2026-05-27_15-21-15_activity_started.jpg
49c21c57-7c32-49e1-bb20-dda2b7c59345,2026-05-27 15:21:15,new_species_detected,species=ungulate,saved_frames/2026-05-27_15-21-15_new_ungulate.jpg
a9b78981-44bb-4e94-93cd-cd6a94325a3f,2026-05-27 15:21:15,activity_ended,scene became empty,saved_frames/2026-05-27_15-21-15_activity_ended.jpg
304aa0d2-f7cf-452a-969b-b89cf9a3648e,2026-05-27 15:21:15,activity_started,counts={'antelope_like': 1},saved_frames/2026-05-27_15-21-15_activity_started.jpg
c477213f-763c-4d4a-9fd4-2fc46eb5681a,2026-05-27 15:21:15,new_species_detected,species=antelope_like,saved_frames/2026-05-27_15-21-15_new_antelope_like.jpg
c3680aa4-5589-4b30-b607-db064d1eb28e,2026-05-27 15:21:15,activity_ended,scene became empty,saved_frames/2026-05-27_15-21-15_activity_ended.jpg
f01a4220-27b0-4187-85ba-4b7d93cacc25,2026-05-27 15:21:16,activity_started,counts={'antelope_like': 1},saved_frames/2026-05-27_15-21-16_activity_started.jpg
9dd92b6e-4568-4a0a-ba2a-b7ad79926027,2026-05-27 15:21:16,new_species_detected,species=antelope_like,saved_frames/2026-05-27_15-21-16_new_antelope_like.jpg
b2b99216-2807-4175-8bcb-358c219feaf7,2026-05-27 15:21:17,activity_ended,scene became empty,saved_frames/2026-05-27_15-21-17_activity_ended.jpg
e1d65373-fc31-44d8-947b-69d023660b9c,2026-05-27 15:21:25,activity_started,counts={'bird': 1},saved_frames/2026-05-27_15-21-25_activity_started.jpg
d7067512-5c14-42db-bb53-b7d4b49c18a5,2026-05-27 15:21:25,new_species_detected,species=bird,saved_frames/2026-05-27_15-21-25_new_bird.jpg
49d13a44-7738-431e-8d51-3083d490ede1,2026-05-27 15:21:26,activity_ended,scene became empty,saved_frames/2026-05-27_15-21-26_activity_ended.jpg
0ff97c8b-f7d5-414e-bfce-748d4af83871,2026-05-27 15:21:26,activity_started,counts={'bird': 1},saved_frames/2026-05-27_15-21-26_activity_started.jpg
7145cc60-9de2-44bb-ac45-02e530f8c3a0,2026-05-27 15:21:26,new_species_detected,species=bird,saved_frames/2026-05-27_15-21-26_new_bird.jpg
b166a7ba-5f4e-4e46-82f4-74a7b370809e,2026-05-27 15:21:26,activity_ended,scene became empty,saved_frames/2026-05-27_15-21-26_activity_ended.jpg
c0e2da06-fb68-4009-8c73-1ceb3e36806b,2026-05-27 15:21:26,activity_started,counts={'bird': 1},saved_frames/2026-05-27_15-21-26_activity_started.jpg
9ddc87a5-6889-450d-a702-0ebb2e2caed2,2026-05-27 15:21:26,new_species_detected,species=bird,saved_frames/2026-05-27_15-21-26_new_bird.jpg
54f3ae02-a1bc-4a11-b15b-19df0cbff2e6,2026-05-27 15:21:28,new_species_detected,species=antelope_like,saved_frames/2026-05-27_15-21-28_new_antelope_like.jpg
6bae6d65-ed2b-46cc-99b7-c97876b5f492,2026-05-27 15:21:36,new_species_detected,species=ungulate,saved_frames/2026-05-27_15-21-36_new_ungulate.jpg
19745233-eb24-4ada-a32a-0cc28655fbff,2026-05-27 15:21:36,new_species_detected,species=antelope_like,saved_frames/2026-05-27_15-21-36_new_antelope_like.jpg
05db7c3f-d6bb-4f4b-bee0-f2392a86ad03,2026-05-27 15:21:56,activity_ended,scene became empty,saved_frames/2026-05-27_15-21-56_activity_ended.jpg
9f4b2ce5-0ee1-4180-b0f8-cb12081863bb,2026-05-27 15:21:56,activity_started,counts={'antelope_like': 1},saved_frames/2026-05-27_15-21-56_activity_started.jpg
2049484d-4f9f-4e16-b866-8abfa69e0952,2026-05-27 15:21:56,new_species_detected,species=antelope_like,saved_frames/2026-05-27_15-21-56_new_antelope_like.jpg
0d5d18f4-4cf5-4b5b-9eea-5ea1447749ef,2026-05-27 15:21:57,activity_ended,scene became empty,saved_frames/2026-05-27_15-21-57_activity_ended.jpg
7dd89477-c86a-446f-823c-cb70a6548e89,2026-05-27 15:21:57,activity_started,counts={'antelope_like': 1},saved_frames/2026-05-27_15-21-57_activity_started.jpg
8f678453-8084-425b-ac81-6a29dd082225,2026-05-27 15:21:57,new_species_detected,species=antelope_like,saved_frames/2026-05-27_15-21-57_new_antelope_like.jpg
c68f4455-0c38-49bc-a4ca-cb6c2aae9393,2026-05-27 15:21:58,activity_ended,scene became empty,saved_frames/2026-05-27_15-21-58_activity_ended.jpg
f98b36bc-6824-416b-bbde-8d4ebbdd4b3e,2026-05-27 15:21:58,activity_started,counts={'antelope_like': 1},saved_frames/2026-05-27_15-21-58_activity_started.jpg
9acb0248-e773-40a4-9560-dc37283ac53e,2026-05-27 15:21:58,new_species_detected,species=antelope_like,saved_frames/2026-05-27_15-21-58_new_antelope_like.jpg
bb408e8e-efd7-4313-9276-17c2191daeae,2026-05-27 15:21:58,activity_ended,scene became empty,saved_frames/2026-05-27_15-21-58_activity_ended.jpg
16809930-6b79-4bed-8e6f-6b2d75b37b34,2026-05-27 15:21:59,activity_started,counts={'antelope_like': 1},saved_frames/2026-05-27_15-21-59_activity_started.jpg
a1f63205-05fd-42fb-be47-b59dd0aa9787,2026-05-27 15:21:59,new_species_detected,species=antelope_like,saved_frames/2026-05-27_15-21-59_new_antelope_like.jpg
ec570c22-d257-4862-828e-48868490272e,2026-05-27 15:21:59,activity_ended,scene became empty,saved_frames/2026-05-27_15-21-59_activity_ended.jpg
31a2536c-dad9-420b-aebe-335a60f8cf87,2026-05-27 15:22:02,activity_started,counts={'antelope_like': 1},saved_frames/2026-05-27_15-22-02_activity_started.jpg
b09df81a-93d8-48e0-bf67-f1c3c31edd3b,2026-05-27 15:22:02,new_species_detected,species=antelope_like,saved_frames/2026-05-27_15-22-02_new_antelope_like.jpg
3f8997dd-94b3-4578-bb34-3c1215a17782,2026-05-27 15:22:17,activity_ended,scene became empty,saved_frames/2026-05-27_15-22-17_activity_ended.jpg
cb9b1d43-4787-4c79-a4c6-c3e24e935725,2026-05-27 15:22:17,activity_started,counts={'antelope_like': 1},saved_frames/2026-05-27_15-22-17_activity_started.jpg
3c2fd802-3aeb-44a2-8b5b-74e8d33e3ee7,2026-05-27 15:22:17,new_species_detected,species=antelope_like,saved_frames/2026-05-27_15-22-17_new_antelope_like.jpg
d50d6abe-296b-4836-aab4-a9569cb4f6c7,2026-05-27 15:22:17,activity_ended,scene became empty,saved_frames/2026-05-27_15-22-17_activity_ended.jpg
b26cb80d-2530-4b29-b72e-851dc4d6963c,2026-05-27 15:22:17,activity_started,counts={'antelope_like': 1},saved_frames/2026-05-27_15-22-17_activity_started.jpg
8cc4022c-2271-41ee-9d4d-f454a18b333c,2026-05-27 15:22:17,new_species_detected,species=antelope_like,saved_frames/2026-05-27_15-22-17_new_antelope_like.jpg
6df877ce-bed1-4d18-9a06-08a5f8a2e6e1,2026-05-27 15:22:19,activity_ended,scene became empty,saved_frames/2026-05-27_15-22-19_activity_ended.jpg
a1a9849b-a088-4fc0-b022-69ae9c34ecea,2026-05-27 15:22:19,activity_started,counts={'antelope_like': 1},saved_frames/2026-05-27_15-22-19_activity_started.jpg
a2c353bb-053a-44fa-ba52-6ce8c02f73e7,2026-05-27 15:22:19,new_species_detected,species=antelope_like,saved_frames/2026-05-27_15-22-19_new_antelope_like.jpg
bda85cb7-e078-4a92-96d7-d3e32b1d4038,2026-05-27 17:36:14,activity_started,counts={'antelope_like': 1},saved_frames/2026-05-27_17-36-14_activity_started.jpg
72635e2f-8ec1-4799-94d3-0007673db576,2026-05-27 17:36:14,new_species_detected,species=antelope_like,saved_frames/2026-05-27_17-36-14_new_antelope_like.jpg
864d13a9-f493-4fc1-b431-d408a6fd4107,2026-05-27 17:36:15,activity_ended,scene became empty,saved_frames/2026-05-27_17-36-15_activity_ended.jpg
6ea71144-56a9-4e33-b1b7-2b5cb62ab7ec,2026-05-27 17:36:15,activity_started,counts={'antelope_like': 1},saved_frames/2026-05-27_17-36-15_activity_started.jpg
a2ed0254-ea84-414e-b294-68dd1d8092ca,2026-05-27 17:36:15,new_species_detected,species=antelope_like,saved_frames/2026-05-27_17-36-15_new_antelope_like.jpg
5c1f2d62-6900-4ac2-bd73-da16fdeb7d71,2026-05-27 17:36:15,activity_ended,scene became empty,saved_frames/2026-05-27_17-36-15_activity_ended.jpg
32b24286-86a7-4c55-b04a-9640dc6f66b4,2026-05-27 17:36:15,activity_started,counts={'elephant': 1},saved_frames/2026-05-27_17-36-15_activity_started.jpg
630bef1a-6364-40d3-8f8e-e3963b00235d,2026-05-27 17:36:15,new_species_detected,species=elephant,saved_frames/2026-05-27_17-36-15_new_elephant.jpg
ccae1bac-8ec2-438a-84fb-598ea08b5896,2026-05-27 17:36:17,new_species_detected,species=antelope_like,saved_frames/2026-05-27_17-36-17_new_antelope_like.jpg
b8ccc2ac-4729-4794-9058-cac02d3d5da6,2026-05-27 17:36:17,multi_species_detected,"species=['antelope_like', 'elephant']",saved_frames/2026-05-27_17-36-17_multi_species.jpg
14c981b7-6fcb-4602-bfbd-41205a3f6d4f,2026-05-27 17:36:21,new_species_detected,species=antelope_like,saved_frames/2026-05-27_17-36-21_new_antelope_like.jpg
75c4867e-1bd9-4ebc-9eff-7cf08009af58,2026-05-27 17:36:21,new_species_detected,species=elephant,saved_frames/2026-05-27_17-36-21_new_elephant.jpg
2fae4b98-ed7b-4db2-87ac-57e0e6a4e8f7,2026-05-27 17:36:21,multi_species_detected,"species=['antelope_like', 'elephant']",saved_frames/2026-05-27_17-36-21_multi_species.jpg
c6f7f5f0-cea7-414e-a29c-b85d33e0ad70,2026-05-27 17:36:22,new_species_detected,species=antelope_like,saved_frames/2026-05-27_17-36-22_new_antelope_like.jpg
978a1a87-c34f-40a5-b6e1-81f739a4f1bb,2026-05-27 17:36:22,multi_species_detected,"species=['antelope_like', 'elephant']",saved_frames/2026-05-27_17-36-22_multi_species.jpg
0666b2fe-710c-4b31-89ae-7be2454dc61a,2026-05-27 17:36:29,new_species_detected,species=antelope_like,saved_frames/2026-05-27_17-36-29_new_antelope_like.jpg
1e75e793-37f1-4376-bd4e-31390afa767e,2026-05-27 17:36:29,multi_species_detected,"species=['antelope_like', 'elephant']",saved_frames/2026-05-27_17-36-29_multi_species.jpg
3fa49092-f657-434f-8a04-543f0321adfa,2026-05-27 17:36:30,new_species_detected,species=antelope_like,saved_frames/2026-05-27_17-36-30_new_antelope_like.jpg
96f225fd-54c5-4bbb-b8b0-023012b4ff3e,2026-05-27 17:36:30,multi_species_detected,"species=['antelope_like', 'elephant']",saved_frames/2026-05-27_17-36-30_multi_species.jpg
194a2070-81a2-489c-9e31-e2e0388c84d8,2026-05-27 17:36:34,new_species_detected,species=antelope_like,saved_frames/2026-05-27_17-36-34_new_antelope_like.jpg
f3ea32c0-1d0a-4a56-9420-1f8a6ce80928,2026-05-27 17:36:34,multi_species_detected,"species=['antelope_like', 'elephant']",saved_frames/2026-05-27_17-36-34_multi_species.jpg
4701750a-0cb5-46dd-828d-3dd2b9b726da,2026-05-27 17:36:34,new_species_detected,species=antelope_like,saved_frames/2026-05-27_17-36-34_new_antelope_like.jpg
a8708a7a-3ced-4633-9c8f-a1b5e3b90744,2026-05-27 17:36:34,multi_species_detected,"species=['antelope_like', 'elephant']",saved_frames/2026-05-27_17-36-34_multi_species.jpg
b216c9cf-6ca5-45fb-b1e5-f5f8f59dd5c5,2026-05-27 17:36:42,new_species_detected,species=elephant,saved_frames/2026-05-27_17-36-42_new_elephant.jpg
4e29975e-9fb7-44a1-9cca-6b22d2b47494,2026-05-27 17:36:42,multi_species_detected,"species=['antelope_like', 'elephant']",saved_frames/2026-05-27_17-36-42_multi_species.jpg
ebdfaefb-2cfa-480a-91d3-783c9f5e47f2,2026-05-27 17:36:43,new_species_detected,species=antelope_like,saved_frames/2026-05-27_17-36-43_new_antelope_like.jpg
14a8a127-e2f7-4ee3-a164-c26328a95f49,2026-05-27 17:36:43,multi_species_detected,"species=['antelope_like', 'elephant']",saved_frames/2026-05-27_17-36-43_multi_species.jpg
5006d4f7-9abc-4ae9-88ac-9cc6bfec26a7,2026-05-27 17:36:43,new_species_detected,species=antelope_like,saved_frames/2026-05-27_17-36-43_new_antelope_like.jpg
374034af-c977-4c4d-bc89-a4e38b6e5daa,2026-05-27 17:36:44,new_species_detected,species=elephant,saved_frames/2026-05-27_17-36-44_new_elephant.jpg
ec62baae-9ac2-4476-a841-19525b47b514,2026-05-27 17:36:44,multi_species_detected,"species=['antelope_like', 'elephant']",saved_frames/2026-05-27_17-36-44_multi_species.jpg
323fb9aa-5266-4d23-946c-cfed6b8ab207,2026-05-27 17:36:45,new_species_detected,species=antelope_like,saved_frames/2026-05-27_17-36-45_new_antelope_like.jpg
fe69cead-20f7-4fd4-897d-ffda0a434f43,2026-05-27 17:36:45,multi_species_detected,"species=['antelope_like', 'elephant']",saved_frames/2026-05-27_17-36-45_multi_species.jpg
e2a0f3ca-81fe-473d-b7ca-1c238b17d998,2026-05-27 17:36:45,new_species_detected,species=elephant,saved_frames/2026-05-27_17-36-45_new_elephant.jpg
f4abbba0-e91c-4f0b-ac7b-9a1dfc1f36ef,2026-05-27 17:36:45,multi_species_detected,"species=['antelope_like', 'elephant']",saved_frames/2026-05-27_17-36-45_multi_species.jpg
218cc182-fefe-4441-b91d-c491fd3a6442,2026-05-27 17:36:46,new_species_detected,species=elephant,saved_frames/2026-05-27_17-36-46_new_elephant.jpg
4ac9b63c-b236-4cff-bc18-3194f8e423b3,2026-05-27 17:36:46,multi_species_detected,"species=['antelope_like', 'elephant']",saved_frames/2026-05-27_17-36-46_multi_species.jpg
0c2a495a-3eb9-446b-b5b1-a3dd653d9df3,2026-05-27 17:36:47,activity_ended,scene became empty,saved_frames/2026-05-27_17-36-47_activity_ended.jpg
d8295464-1ee2-4db1-ae93-2b53f7f458d3,2026-05-27 17:36:47,activity_started,counts={'elephant': 1},saved_frames/2026-05-27_17-36-47_activity_started.jpg
25a823ca-72e1-482f-b35d-8d4dfc32c517,2026-05-27 17:36:47,new_species_detected,species=elephant,saved_frames/2026-05-27_17-36-47_new_elephant.jpg
395d9a3d-0881-4bec-a7f8-131dd7456a4a,2026-05-27 17:36:47,activity_ended,scene became empty,saved_frames/2026-05-27_17-36-47_activity_ended.jpg
34e7ab34-c2dc-4385-ba33-77a171a0cb28,2026-05-27 17:36:47,activity_started,counts={'antelope_like': 1},saved_frames/2026-05-27_17-36-47_activity_started.jpg
4d422cbc-9669-487b-baee-1bcf0fe5d61b,2026-05-27 17:36:47,new_species_detected,species=antelope_like,saved_frames/2026-05-27_17-36-47_new_antelope_like.jpg
cf251023-ca0d-47a0-9b77-e470a397ed6e,2026-05-27 17:36:47,new_species_detected,species=elephant,saved_frames/2026-05-27_17-36-47_new_elephant.jpg
4b9fa02b-625b-48ec-84c2-63346f329a72,2026-05-27 17:36:47,new_species_detected,species=antelope_like,saved_frames/2026-05-27_17-36-47_new_antelope_like.jpg
9c16b6a5-9585-493b-9936-e46c8abff3be,2026-05-27 17:36:47,new_species_detected,species=elephant,saved_frames/2026-05-27_17-36-47_new_elephant.jpg
063abefb-b862-4997-9b55-ea70ec151ca5,2026-05-27 17:36:47,multi_species_detected,"species=['antelope_like', 'elephant']",saved_frames/2026-05-27_17-36-47_multi_species.jpg
f1addfa9-a688-4d4a-b337-a5f790c5f66b,2026-05-27 17:36:52,new_species_detected,species=elephant,saved_frames/2026-05-27_17-36-52_new_elephant.jpg
82b6b577-a84a-44ab-a689-2d1729093aba,2026-05-27 17:36:52,multi_species_detected,"species=['antelope_like', 'elephant']",saved_frames/2026-05-27_17-36-52_multi_species.jpg
ac47873f-b7e5-4229-82a1-29115560af3d,2026-05-27 17:36:53,new_species_detected,species=antelope_like,saved_frames/2026-05-27_17-36-53_new_antelope_like.jpg
e5a82ae3-8762-4858-b313-d8ac31d7bf51,2026-05-27 17:36:53,multi_species_detected,"species=['antelope_like', 'elephant']",saved_frames/2026-05-27_17-36-53_multi_species.jpg
da703e9f-3d98-4f48-ba11-bedcef78653a,2026-05-27 17:36:54,new_species_detected,species=antelope_like,saved_frames/2026-05-27_17-36-54_new_antelope_like.jpg
0bf6422f-60c1-448d-a4ba-14231dcc1607,2026-05-27 17:36:54,multi_species_detected,"species=['antelope_like', 'elephant']",saved_frames/2026-05-27_17-36-54_multi_species.jpg
1f9f50d3-99ea-4869-9959-cc1ea45b7340,2026-05-27 17:36:54,new_species_detected,species=antelope_like,saved_frames/2026-05-27_17-36-54_new_antelope_like.jpg
2bf72ed2-516c-4248-b08d-7a6ac6ff3ac1,2026-05-27 17:36:54,multi_species_detected,"species=['antelope_like', 'elephant']",saved_frames/2026-05-27_17-36-54_multi_species.jpg
54da224b-62ef-49ae-b704-892a5b46f07e,2026-05-27 17:36:54,new_species_detected,species=antelope_like,saved_frames/2026-05-27_17-36-54_new_antelope_like.jpg
edd4a81c-c37b-4f5c-be5f-d895daf2827d,2026-05-27 17:36:54,multi_species_detected,"species=['antelope_like', 'elephant']",saved_frames/2026-05-27_17-36-54_multi_species.jpg
f2afdc25-4c8d-44b5-9864-78a458411f87,2026-05-27 17:36:55,new_species_detected,species=antelope_like,saved_frames/2026-05-27_17-36-55_new_antelope_like.jpg
25d54846-05e8-4dfe-a122-fb9eefa3c2e4,2026-05-27 17:36:55,multi_species_detected,"species=['antelope_like', 'elephant']",saved_frames/2026-05-27_17-36-55_multi_species.jpg
692bc51c-3988-4a94-8c0f-26465fd0673d,2026-05-27 17:36:56,new_species_detected,species=elephant,saved_frames/2026-05-27_17-36-56_new_elephant.jpg
3477b149-0abe-4ead-816e-9c848f82742c,2026-05-27 17:36:56,multi_species_detected,"species=['antelope_like', 'elephant']",saved_frames/2026-05-27_17-36-56_multi_species.jpg
c2021046-6231-4927-ab63-74bcf4998898,2026-05-27 17:36:56,new_species_detected,species=elephant,saved_frames/2026-05-27_17-36-56_new_elephant.jpg
9ec5a5a6-ede3-43b0-a659-58d668a07045,2026-05-27 17:36:56,multi_species_detected,"species=['antelope_like', 'elephant']",saved_frames/2026-05-27_17-36-56_multi_species.jpg
bf4151ea-e6b8-4fc2-8bb8-66c1c29336d0,2026-05-27 17:36:57,new_species_detected,species=elephant,saved_frames/2026-05-27_17-36-57_new_elephant.jpg
3cf359ef-e8b2-4e93-bb65-3255448c8716,2026-05-27 17:36:57,multi_species_detected,"species=['antelope_like', 'elephant']",saved_frames/2026-05-27_17-36-57_multi_species.jpg
d6ea9312-f1de-45ae-85cf-21ee13b6e51a,2026-05-27 17:36:57,new_species_detected,species=elephant,saved_frames/2026-05-27_17-36-57_new_elephant.jpg
58fa18c4-6322-46cf-91fb-9e113b5aa433,2026-05-27 17:36:57,multi_species_detected,"species=['antelope_like', 'elephant']",saved_frames/2026-05-27_17-36-57_multi_species.jpg
654e59eb-97c9-4a67-a8f4-2dc8ba76eca5,2026-05-27 17:37:01,new_species_detected,species=antelope_like,saved_frames/2026-05-27_17-37-01_new_antelope_like.jpg
28e2d9fc-58f9-42a1-ba4a-c6464f6aa3f6,2026-05-27 17:37:01,multi_species_detected,"species=['antelope_like', 'elephant']",saved_frames/2026-05-27_17-37-01_multi_species.jpg
d725962f-7b5e-4ca8-8c6c-e0fa90848dba,2026-05-27 17:37:01,new_species_detected,species=antelope_like,saved_frames/2026-05-27_17-37-01_new_antelope_like.jpg
e59bd615-730a-4654-98f9-7e6971176954,2026-05-27 17:37:01,multi_species_detected,"species=['antelope_like', 'elephant']",saved_frames/2026-05-27_17-37-01_multi_species.jpg
6d708c54-f6b1-44bf-a902-7942e3b34622,2026-05-27 17:37:19,new_species_detected,species=antelope_like,saved_frames/2026-05-27_17-37-19_new_antelope_like.jpg
f3faedb3-f1d2-4b3f-bd13-8b256f3dde00,2026-05-27 17:37:19,multi_species_detected,"species=['antelope_like', 'elephant']",saved_frames/2026-05-27_17-37-19_multi_species.jpg
9bc018b1-37da-40cc-933e-fbd32d85e727,2026-05-27 17:37:20,new_species_detected,species=elephant,saved_frames/2026-05-27_17-37-20_new_elephant.jpg
a2da5c00-ba53-471f-9018-bf63e4936012,2026-05-27 17:37:20,multi_species_detected,"species=['antelope_like', 'elephant']",saved_frames/2026-05-27_17-37-20_multi_species.jpg
f27a086a-28d9-4fd4-9b31-23b007fd11f2,2026-05-27 17:37:21,new_species_detected,species=elephant,saved_frames/2026-05-27_17-37-21_new_elephant.jpg
01de41f5-af6c-44dd-a12b-9b8af1e14649,2026-05-27 17:37:21,multi_species_detected,"species=['antelope_like', 'elephant']",saved_frames/2026-05-27_17-37-21_multi_species.jpg
fb6e415e-4e03-43b3-8cc4-a70adce42f23,2026-05-27 17:37:22,new_species_detected,species=elephant,saved_frames/2026-05-27_17-37-22_new_elephant.jpg
d40162f8-967f-4a46-88d8-e7000e3e6a2b,2026-05-27 17:37:23,new_species_detected,species=antelope_like,saved_frames/2026-05-27_17-37-23_new_antelope_like.jpg
0a63b291-a3b9-4f87-8fed-0147b57366fc,2026-05-27 17:37:23,multi_species_detected,"species=['antelope_like', 'elephant']",saved_frames/2026-05-27_17-37-23_multi_species.jpg
93ba8f0c-fe73-4b07-a7a8-141622ae18f1,2026-05-27 17:38:02,activity_ended,scene became empty,saved_frames/2026-05-27_17-38-02_activity_ended.jpg
af2c8cc4-9d76-4565-9bd7-cc59f668d9a3,2026-05-27 17:38:02,activity_started,counts={'antelope_like': 1},saved_frames/2026-05-27_17-38-02_activity_started.jpg
26e7d71b-27df-4a22-9001-7cc4a8cc1547,2026-05-27 17:38:02,new_species_detected,species=antelope_like,saved_frames/2026-05-27_17-38-02_new_antelope_like.jpg
16f199f6-5461-4dae-a518-d54faeda7d3a,2026-05-27 17:38:13,new_species_detected,species=elephant,saved_frames/2026-05-27_17-38-13_new_elephant.jpg
dc5cd50a-5e85-4018-acba-c4963e3057cf,2026-05-27 17:38:13,multi_species_detected,"species=['antelope_like', 'elephant']",saved_frames/2026-05-27_17-38-13_multi_species.jpg
91f312ab-b6c1-4cb7-bde8-a0eeb3ce88b3,2026-05-27 17:38:14,new_species_detected,species=elephant,saved_frames/2026-05-27_17-38-14_new_elephant.jpg
dc050351-c102-4b6e-adc3-6034f34c4538,2026-05-27 17:38:14,multi_species_detected,"species=['antelope_like', 'elephant']",saved_frames/2026-05-27_17-38-14_multi_species.jpg
b3ba34bc-fd4f-440b-ab9b-75f466863101,2026-05-27 17:38:33,new_species_detected,species=elephant,saved_frames/2026-05-27_17-38-33_new_elephant.jpg
d3ff9f0e-3b35-4e1d-ad42-4c0b2e9daab9,2026-05-27 17:38:33,multi_species_detected,"species=['antelope_like', 'elephant']",saved_frames/2026-05-27_17-38-33_multi_species.jpg
6c28a2ef-048f-4461-afd9-ebca2d691874,2026-05-27 17:38:34,activity_ended,scene became empty,saved_frames/2026-05-27_17-38-34_activity_ended.jpg
de815039-5598-48c9-a73e-c7e289851455,2026-05-27 17:38:34,activity_started,counts={'antelope_like': 1},saved_frames/2026-05-27_17-38-34_activity_started.jpg
97c250cd-97f2-4c0a-9e44-bc908501bd18,2026-05-27 17:38:34,new_species_detected,species=antelope_like,saved_frames/2026-05-27_17-38-34_new_antelope_like.jpg
e28b7e01-a800-4a70-926b-877126bc6e67,2026-05-27 17:38:42,new_species_detected,species=elephant,saved_frames/2026-05-27_17-38-42_new_elephant.jpg
28f7527c-ebab-4ad2-a2c3-b8053443b923,2026-05-27 17:38:42,activity_ended,scene became empty,saved_frames/2026-05-27_17-38-42_activity_ended.jpg
61a2ac7c-8162-4ee3-87aa-f2516b49711b,2026-05-27 17:38:42,activity_started,counts={'antelope_like': 1},saved_frames/2026-05-27_17-38-42_activity_started.jpg
379d138a-b3bf-47b8-9234-459507d61faa,2026-05-27 17:38:42,new_species_detected,species=antelope_like,saved_frames/2026-05-27_17-38-42_new_antelope_like.jpg
3897e4f7-fca6-46fa-8687-8bc3865f56c2,2026-05-27 17:38:43,new_species_detected,species=elephant,saved_frames/2026-05-27_17-38-43_new_elephant.jpg
08997820-6e74-49a8-835c-3df4317a6758,2026-05-27 17:38:44,new_species_detected,species=antelope_like,saved_frames/2026-05-27_17-38-44_new_antelope_like.jpg
38ccb6ad-646f-4154-8caa-b0a08d83d756,2026-05-27 17:38:44,new_species_detected,species=elephant,saved_frames/2026-05-27_17-38-44_new_elephant.jpg
2001f305-3e08-481b-a088-5693504f7f9b,2026-05-27 17:38:44,multi_species_detected,"species=['antelope_like', 'elephant']",saved_frames/2026-05-27_17-38-44_multi_species.jpg
a6505bfe-974d-48b0-ab59-7e5cafa6a3af,2026-05-27 17:38:44,activity_ended,scene became empty,saved_frames/2026-05-27_17-38-44_activity_ended.jpg
0cfefb4c-4ee4-47ef-b990-ba64e352b729,2026-05-27 17:38:44,activity_started,counts={'antelope_like': 1},saved_frames/2026-05-27_17-38-44_activity_started.jpg
c1ad3997-6259-445f-8c8a-f9861271768f,2026-05-27 17:38:44,new_species_detected,species=antelope_like,saved_frames/2026-05-27_17-38-44_new_antelope_like.jpg
198110ec-696a-4ae1-8715-e123dd6ecf16,2026-05-27 17:38:45,activity_ended,scene became empty,saved_frames/2026-05-27_17-38-45_activity_ended.jpg
208037fa-c125-4931-8a26-a38bb7d068df,2026-05-27 17:38:45,activity_started,counts={'antelope_like': 1},saved_frames/2026-05-27_17-38-45_activity_started.jpg
5f781097-a014-47a7-95a1-e0e59d8934f3,2026-05-27 17:38:45,new_species_detected,species=antelope_like,saved_frames/2026-05-27_17-38-45_new_antelope_like.jpg
38c66cb1-fc75-4109-a3b4-fea7b4879527,2026-05-27 17:38:45,activity_ended,scene became empty,saved_frames/2026-05-27_17-38-45_activity_ended.jpg
cb0c081f-9d75-41d3-b1bf-e77d0d35bc0e,2026-05-27 17:38:46,activity_started,counts={'antelope_like': 1},saved_frames/2026-05-27_17-38-46_activity_started.jpg
635ad2ae-9c00-4c4b-bee9-47df299ae952,2026-05-27 17:38:46,new_species_detected,species=antelope_like,saved_frames/2026-05-27_17-38-46_new_antelope_like.jpg
6d6bef49-b777-43ee-8ddb-4e92e56cbd65,2026-05-27 17:38:46,activity_ended,scene became empty,saved_frames/2026-05-27_17-38-46_activity_ended.jpg
c0459cb9-6942-47de-9a94-5c9be2f040c7,2026-05-27 17:38:46,activity_started,counts={'bird': 1},saved_frames/2026-05-27_17-38-46_activity_started.jpg
1a4cb39f-77ab-46ef-8f6e-a6f1d6eea76e,2026-05-27 17:38:46,new_species_detected,species=bird,saved_frames/2026-05-27_17-38-46_new_bird.jpg
2e574882-0ef8-4f07-b117-4fbc0c47771f,2026-05-27 17:38:46,activity_ended,scene became empty,saved_frames/2026-05-27_17-38-46_activity_ended.jpg
7bc49be6-701d-4dca-8bb2-09b1fe63eb24,2026-05-27 17:38:47,activity_started,counts={'antelope_like': 1},saved_frames/2026-05-27_17-38-47_activity_started.jpg
11a4a0e9-2c5f-46b9-845b-a23346d36d31,2026-05-27 17:38:47,new_species_detected,species=antelope_like,saved_frames/2026-05-27_17-38-47_new_antelope_like.jpg
25033166-ae63-41cb-97bb-8ba4ca567645,2026-05-27 17:38:48,activity_ended,scene became empty,saved_frames/2026-05-27_17-38-48_activity_ended.jpg
e2372477-52a8-4f60-a52f-2fa630074e95,2026-05-27 17:38:48,activity_started,counts={'antelope_like': 1},saved_frames/2026-05-27_17-38-48_activity_started.jpg
969d5326-a94a-4c6b-9b28-f579e8841b55,2026-05-27 17:38:48,new_species_detected,species=antelope_like,saved_frames/2026-05-27_17-38-48_new_antelope_like.jpg
199155dc-8148-4f56-ae30-82e55850a93c,2026-05-27 17:38:48,activity_ended,scene became empty,saved_frames/2026-05-27_17-38-48_activity_ended.jpg
813372c1-ad94-489e-a8c9-58e2cfc2d9be,2026-05-27 17:38:51,activity_started,counts={'antelope_like': 1},saved_frames/2026-05-27_17-38-51_activity_started.jpg
4e2b1970-54a1-4ed6-b9ef-924fb685cfb8,2026-05-27 17:38:51,new_species_detected,species=antelope_like,saved_frames/2026-05-27_17-38-51_new_antelope_like.jpg
e8ae9379-9ab7-4cc3-998f-f554583a823e,2026-05-27 17:38:51,activity_ended,scene became empty,saved_frames/2026-05-27_17-38-51_activity_ended.jpg
b265eaa6-2999-4e5c-b57d-8cd47053bf9c,2026-05-27 17:38:52,activity_started,counts={'elephant': 1},saved_frames/2026-05-27_17-38-52_activity_started.jpg
f7d1127f-d3c8-4b88-8f21-97d2a6171d7b,2026-05-27 17:38:52,new_species_detected,species=elephant,saved_frames/2026-05-27_17-38-52_new_elephant.jpg
f35ee166-63f3-497c-85c0-004f0bf05b41,2026-05-27 17:38:54,new_species_detected,species=antelope_like,saved_frames/2026-05-27_17-38-54_new_antelope_like.jpg
4335c62f-3498-4c45-b7ab-6fe60774d352,2026-05-27 17:38:54,multi_species_detected,"species=['antelope_like', 'elephant']",saved_frames/2026-05-27_17-38-54_multi_species.jpg
acd30fc2-a140-45ca-b602-5a9a4a439071,2026-05-27 17:38:56,new_species_detected,species=antelope_like,saved_frames/2026-05-27_17-38-56_new_antelope_like.jpg
db29a9db-4a4e-4bcd-ae51-793a17eb4d59,2026-05-27 17:38:56,multi_species_detected,"species=['antelope_like', 'elephant']",saved_frames/2026-05-27_17-38-56_multi_species.jpg
a8568847-dd7a-4ad1-b1af-ff63c090a5a4,2026-05-27 17:38:57,new_species_detected,species=antelope_like,saved_frames/2026-05-27_17-38-57_new_antelope_like.jpg
a8f8f905-bdbd-4cb3-a7e9-2452b5235fc9,2026-05-27 17:38:57,multi_species_detected,"species=['antelope_like', 'elephant']",saved_frames/2026-05-27_17-38-57_multi_species.jpg
4431c8c9-6de8-4fd6-b29d-b910cdcf0c9c,2026-05-27 17:38:59,new_species_detected,species=antelope_like,saved_frames/2026-05-27_17-38-59_new_antelope_like.jpg
084df05b-3d39-4362-8492-36ea314e9977,2026-05-27 17:38:59,multi_species_detected,"species=['antelope_like', 'elephant']",saved_frames/2026-05-27_17-38-59_multi_species.jpg
c40f1ad4-8e7c-4592-b2da-e35de6972613,2026-05-27 17:38:59,activity_ended,scene became empty,saved_frames/2026-05-27_17-38-59_activity_ended.jpg
af2ae37a-363c-462e-b02d-21476f1dccb0,2026-05-27 17:39:00,activity_started,counts={'elephant': 1},saved_frames/2026-05-27_17-39-00_activity_started.jpg
dc71dbf3-efd7-4b48-ae7d-38ccafd89642,2026-05-27 17:39:00,new_species_detected,species=elephant,saved_frames/2026-05-27_17-39-00_new_elephant.jpg
ba5c981c-7f07-488f-b5f3-e6376136d065,2026-05-27 17:39:01,new_species_detected,species=antelope_like,saved_frames/2026-05-27_17-39-01_new_antelope_like.jpg
ef70e675-8cf8-48b9-8f88-32ae42ad0157,2026-05-27 17:39:28,new_species_detected,species=elephant,saved_frames/2026-05-27_17-39-28_new_elephant.jpg
6856a1d1-36f1-4943-85de-0daabe267697,2026-05-27 17:39:28,multi_species_detected,"species=['antelope_like', 'elephant']",saved_frames/2026-05-27_17-39-28_multi_species.jpg
e8d3937a-84a5-41eb-8bfb-0bdb6a3d80a3,2026-05-27 17:39:28,new_species_detected,species=elephant,saved_frames/2026-05-27_17-39-28_new_elephant.jpg
e7e1df48-95e0-4c84-aad5-e825b1fc462f,2026-05-27 17:39:28,multi_species_detected,"species=['antelope_like', 'elephant']",saved_frames/2026-05-27_17-39-28_multi_species.jpg
7373621d-59c1-4ad1-be8a-721d18868ddd,2026-05-27 17:39:29,new_species_detected,species=antelope_like,saved_frames/2026-05-27_17-39-29_new_antelope_like.jpg
cab7b7f7-69e0-4572-8a27-417a1f8e98f3,2026-05-27 17:39:29,multi_species_detected,"species=['antelope_like', 'elephant']",saved_frames/2026-05-27_17-39-29_multi_species.jpg
61344063-461a-41d9-ac90-761e2b6f5ccb,2026-05-27 17:39:31,new_species_detected,species=elephant,saved_frames/2026-05-27_17-39-31_new_elephant.jpg
05f493ac-f47d-440f-927d-bf0ce89787e0,2026-05-27 17:39:32,new_species_detected,species=antelope_like,saved_frames/2026-05-27_17-39-32_new_antelope_like.jpg
a12fa1d0-3812-4c97-9b24-6c8541123031,2026-05-27 17:39:32,multi_species_detected,"species=['antelope_like', 'elephant']",saved_frames/2026-05-27_17-39-32_multi_species.jpg
ee738798-2d93-44f6-b2aa-7ee46f5ba618,2026-05-27 17:39:33,new_species_detected,species=antelope_like,saved_frames/2026-05-27_17-39-33_new_antelope_like.jpg
d2c664f7-34fc-44b2-acda-43bbf9bc06d3,2026-05-27 17:39:33,multi_species_detected,"species=['antelope_like', 'elephant']",saved_frames/2026-05-27_17-39-33_multi_species.jpg
d88f727b-f596-430e-b3d9-973f1eabfc27,2026-05-27 17:39:36,new_species_detected,species=antelope_like,saved_frames/2026-05-27_17-39-36_new_antelope_like.jpg
d5cd17f0-afdc-4fbc-ae75-ca81645012f5,2026-05-27 17:39:36,multi_species_detected,"species=['antelope_like', 'elephant']",saved_frames/2026-05-27_17-39-36_multi_species.jpg
0ca23b7d-4a5d-4448-978f-d138b1497d3d,2026-05-27 17:39:36,new_species_detected,species=antelope_like,saved_frames/2026-05-27_17-39-36_new_antelope_like.jpg
892054d6-bfd7-4d5d-aa05-edbd75053630,2026-05-27 17:39:36,multi_species_detected,"species=['antelope_like', 'elephant']",saved_frames/2026-05-27_17-39-36_multi_species.jpg
13e9c9bf-c156-4fb7-9011-6157384d6e16,2026-05-27 17:39:37,new_species_detected,species=bird,saved_frames/2026-05-27_17-39-37_new_bird.jpg
16daf970-fd19-45de-839a-9152ccfc9586,2026-05-27 17:39:37,multi_species_detected,"species=['bird', 'elephant']",saved_frames/2026-05-27_17-39-37_multi_species.jpg
938894d4-7599-4dfe-bdaf-052d0a5b7669,2026-05-27 17:39:38,new_species_detected,species=antelope_like,saved_frames/2026-05-27_17-39-38_new_antelope_like.jpg
51441a62-c8c6-40f8-8115-3a376fbd5956,2026-05-27 17:39:38,new_species_detected,species=antelope_like,saved_frames/2026-05-27_17-39-38_new_antelope_like.jpg
cfb06fdf-1466-484e-b16a-7f27aa0329a3,2026-05-27 17:39:38,multi_species_detected,"species=['antelope_like', 'elephant']",saved_frames/2026-05-27_17-39-38_multi_species.jpg
8c3cda67-cbd3-48e5-aa7b-7e111fc5348a,2026-05-27 17:39:39,new_species_detected,species=antelope_like,saved_frames/2026-05-27_17-39-39_new_antelope_like.jpg
606bcbde-f124-4852-8d9c-67c256658f6e,2026-05-27 17:39:39,multi_species_detected,"species=['antelope_like', 'elephant']",saved_frames/2026-05-27_17-39-39_multi_species.jpg
ce317f38-ac5a-4d45-96ce-c770f3406954,2026-05-27 17:39:39,new_species_detected,species=elephant,saved_frames/2026-05-27_17-39-39_new_elephant.jpg
7f2b763b-0cf1-4c8d-8a7b-a7a69d897d6c,2026-05-27 17:39:39,multi_species_detected,"species=['antelope_like', 'elephant']",saved_frames/2026-05-27_17-39-39_multi_species.jpg
e0f06732-1124-4c69-ab5f-a1716f517d27,2026-05-27 17:39:39,new_species_detected,species=bird,saved_frames/2026-05-27_17-39-39_new_bird.jpg
2bb043f9-6d7e-4a27-ade8-f70d56930ffb,2026-05-27 17:39:39,large_group_detected,total_animals=3,saved_frames/2026-05-27_17-39-39_large_group.jpg
da422396-ad94-41ba-9995-0af842a9312b,2026-05-27 17:39:39,new_species_detected,species=elephant,saved_frames/2026-05-27_17-39-39_new_elephant.jpg
05c310f8-4d1c-4e85-9674-5603ca45c612,2026-05-27 17:39:39,new_species_detected,species=bird,saved_frames/2026-05-27_17-39-39_new_bird.jpg
b1d51aef-1b51-492b-947e-e4cf1d671c44,2026-05-27 17:39:39,large_group_detected,total_animals=3,saved_frames/2026-05-27_17-39-39_large_group.jpg
099772d5-ab89-43a8-bd1b-77185ccc2129,2026-05-27 17:39:40,new_species_detected,species=elephant,saved_frames/2026-05-27_17-39-40_new_elephant.jpg
9276256a-8d7b-484c-890b-700649a30b1f,2026-05-27 17:39:40,multi_species_detected,"species=['antelope_like', 'elephant']",saved_frames/2026-05-27_17-39-40_multi_species.jpg
092e3ba9-051f-4e44-bf97-99b6d554b747,2026-05-27 17:39:40,new_species_detected,species=antelope_like,saved_frames/2026-05-27_17-39-40_new_antelope_like.jpg
0d7cd442-eb64-4c9d-8668-199fa0a6e375,2026-05-27 17:39:40,multi_species_detected,"species=['antelope_like', 'elephant']",saved_frames/2026-05-27_17-39-40_multi_species.jpg
56310b74-b5cd-4e77-9939-87ad52611ae3,2026-05-27 17:39:41,new_species_detected,species=antelope_like,saved_frames/2026-05-27_17-39-41_new_antelope_like.jpg
8c8b07ef-e967-4c2e-a450-91c361ce450b,2026-05-27 17:39:41,multi_species_detected,"species=['antelope_like', 'elephant']",saved_frames/2026-05-27_17-39-41_multi_species.jpg
bc51854a-36ce-46a3-acaf-e9215dc48ed9,2026-05-27 17:39:41,new_species_detected,species=antelope_like,saved_frames/2026-05-27_17-39-41_new_antelope_like.jpg
913a6dc0-b262-4c1d-9847-99843de87bde,2026-05-27 17:39:41,multi_species_detected,"species=['antelope_like', 'elephant']",saved_frames/2026-05-27_17-39-41_multi_species.jpg
77e9184b-752e-4970-a3e4-1e689e74dffe,2026-05-27 17:39:41,new_species_detected,species=bird,saved_frames/2026-05-27_17-39-41_new_bird.jpg
3f66472a-4113-45c3-95c3-00ee2230556b,2026-05-27 17:39:45,new_species_detected,species=antelope_like,saved_frames/2026-05-27_17-39-45_new_antelope_like.jpg
f9ec7889-7670-402f-9087-7b9b3b373a3a,2026-05-27 17:39:45,multi_species_detected,"species=['antelope_like', 'elephant']",saved_frames/2026-05-27_17-39-45_multi_species.jpg
06f87705-fafc-4c30-82be-5ac6905fbccb,2026-05-27 17:39:46,new_species_detected,species=antelope_like,saved_frames/2026-05-27_17-39-46_new_antelope_like.jpg
4afdb066-e2ad-4787-91d4-0fe1a6779b61,2026-05-27 17:39:46,multi_species_detected,"species=['antelope_like', 'elephant']",saved_frames/2026-05-27_17-39-46_multi_species.jpg
791e24e4-cd12-4188-a0bc-d5856df67488,2026-05-27 17:39:46,new_species_detected,species=antelope_like,saved_frames/2026-05-27_17-39-46_new_antelope_like.jpg
a30d275e-f847-460b-898d-59bdd547f270,2026-05-27 17:39:46,multi_species_detected,"species=['antelope_like', 'elephant']",saved_frames/2026-05-27_17-39-46_multi_species.jpg
3aa4b032-bd62-41a0-94e3-2620f05e1242,2026-05-27 17:39:47,new_species_detected,species=antelope_like,saved_frames/2026-05-27_17-39-47_new_antelope_like.jpg
971ce825-a687-4012-8b20-1a29148c61a6,2026-05-27 17:39:47,multi_species_detected,"species=['antelope_like', 'elephant']",saved_frames/2026-05-27_17-39-47_multi_species.jpg
42476cf8-e53e-4870-9979-c904553e9c6e,2026-05-27 17:39:49,new_species_detected,species=antelope_like,saved_frames/2026-05-27_17-39-49_new_antelope_like.jpg
bd0010d5-f55b-4dc5-a934-ad8c5c596dc9,2026-05-27 17:39:49,multi_species_detected,"species=['antelope_like', 'elephant']",saved_frames/2026-05-27_17-39-49_multi_species.jpg
f73327b0-6f15-438e-9016-cbdee39585cb,2026-05-27 17:39:51,new_species_detected,species=elephant,saved_frames/2026-05-27_17-39-51_new_elephant.jpg
d221d11d-5366-49bd-b406-fd0b15e499f7,2026-05-27 17:39:51,multi_species_detected,"species=['antelope_like', 'elephant']",saved_frames/2026-05-27_17-39-51_multi_species.jpg
bf841d3b-7d37-44dc-a7fc-6da83b1f0b76,2026-05-27 17:39:52,new_species_detected,species=elephant,saved_frames/2026-05-27_17-39-52_new_elephant.jpg
7e69dfb4-c7f7-4c93-b4d8-745e1cab0f23,2026-05-27 17:39:56,new_species_detected,species=antelope_like,saved_frames/2026-05-27_17-39-56_new_antelope_like.jpg
00037f45-46e5-4fbf-9b75-f9996ad7887b,2026-05-27 17:39:56,multi_species_detected,"species=['antelope_like', 'elephant']",saved_frames/2026-05-27_17-39-56_multi_species.jpg
99146b1f-6c1c-4791-9964-a36732eb59c1,2026-05-27 17:39:56,new_species_detected,species=antelope_like,saved_frames/2026-05-27_17-39-56_new_antelope_like.jpg
a0bae1d4-bbd1-4381-a06e-6f5dd24125ff,2026-05-27 17:39:56,multi_species_detected,"species=['antelope_like', 'elephant']",saved_frames/2026-05-27_17-39-56_multi_species.jpg
7836d52e-4070-41ae-b632-d16477660c41,2026-05-27 17:39:57,new_species_detected,species=antelope_like,saved_frames/2026-05-27_17-39-57_new_antelope_like.jpg
6df2d000-2567-454b-99e7-0aa5fa8cd2d4,2026-05-27 17:39:57,new_species_detected,species=elephant,saved_frames/2026-05-27_17-39-57_new_elephant.jpg
32b0da84-3517-4e7e-84ea-611b0b5dcb0e,2026-05-27 17:39:57,new_species_detected,species=antelope_like,saved_frames/2026-05-27_17-39-57_new_antelope_like.jpg
aa9a6f03-6fc7-4d7d-b099-7ede8f7368c3,2026-05-27 17:39:57,multi_species_detected,"species=['antelope_like', 'elephant']",saved_frames/2026-05-27_17-39-57_multi_species.jpg
ddd2a3ec-f28c-4f1a-b683-40396b943cb7,2026-05-27 17:39:58,new_species_detected,species=antelope_like,saved_frames/2026-05-27_17-39-58_new_antelope_like.jpg
c1a3c757-a8b7-419e-894d-e5eaef174eb4,2026-05-27 17:39:59,activity_ended,scene became empty,saved_frames/2026-05-27_17-39-59_activity_ended.jpg
dbfc5a00-dd23-415b-984b-d7033f7662bb,2026-05-27 17:39:59,activity_started,counts={'antelope_like': 1},saved_frames/2026-05-27_17-39-59_activity_started.jpg
1e4a2699-a7aa-4197-bdb0-ddbdebbc5807,2026-05-27 17:39:59,new_species_detected,species=antelope_like,saved_frames/2026-05-27_17-39-59_new_antelope_like.jpg
031f5de5-422d-4eb9-adae-c356b560148b,2026-05-27 17:40:08,activity_ended,scene became empty,saved_frames/2026-05-27_17-40-08_activity_ended.jpg
9a51106b-669e-4c99-ad34-ae14c118e317,2026-05-27 17:40:08,activity_started,counts={'elephant': 1},saved_frames/2026-05-27_17-40-08_activity_started.jpg
fb6ef0a6-6d69-4c16-8c5e-2c61d2d898d9,2026-05-27 17:40:08,new_species_detected,species=elephant,saved_frames/2026-05-27_17-40-08_new_elephant.jpg
2ba39729-ea84-4220-97c3-07fed078e925,2026-05-27 17:40:09,new_species_detected,species=antelope_like,saved_frames/2026-05-27_17-40-09_new_antelope_like.jpg
d156b395-d3e4-428a-821b-0cb9e108684b,2026-05-27 17:40:09,new_species_detected,species=elephant,saved_frames/2026-05-27_17-40-09_new_elephant.jpg
16ff80ee-7179-488d-8b57-7f05590a6951,2026-05-27 17:40:09,multi_species_detected,"species=['antelope_like', 'elephant']",saved_frames/2026-05-27_17-40-09_multi_species.jpg
38c25ab4-4111-4a0f-be6e-87ae3a956b42,2026-05-27 17:40:10,new_species_detected,species=elephant,saved_frames/2026-05-27_17-40-10_new_elephant.jpg
ac26718b-da5d-4286-a0e7-f4463555dc07,2026-05-27 17:40:10,multi_species_detected,"species=['antelope_like', 'elephant']",saved_frames/2026-05-27_17-40-10_multi_species.jpg
db111310-15a8-479e-b3b5-beb1c476cf45,2026-05-27 17:40:12,new_species_detected,species=elephant,saved_frames/2026-05-27_17-40-12_new_elephant.jpg
57edbbae-d266-4c0a-8331-79f2e056f895,2026-05-27 17:40:15,new_species_detected,species=antelope_like,saved_frames/2026-05-27_17-40-15_new_antelope_like.jpg
68d92073-2765-4453-aa66-aa9a1dd06f7e,2026-05-27 17:40:15,multi_species_detected,"species=['antelope_like', 'elephant']",saved_frames/2026-05-27_17-40-15_multi_species.jpg
b02bef9c-6876-43cd-806c-4ba25e5e7c94,2026-05-27 17:40:16,new_species_detected,species=elephant,saved_frames/2026-05-27_17-40-16_new_elephant.jpg
53f285db-c479-48b2-8569-325391c765f2,2026-05-27 17:40:16,multi_species_detected,"species=['antelope_like', 'elephant']",saved_frames/2026-05-27_17-40-16_multi_species.jpg
ba964ec1-9b36-4a4a-963a-6838ec0597e2,2026-05-27 17:40:16,new_species_detected,species=antelope_like,saved_frames/2026-05-27_17-40-16_new_antelope_like.jpg
17020ab7-54be-46d5-a9f4-62f6fb88ee26,2026-05-27 17:40:16,multi_species_detected,"species=['antelope_like', 'elephant']",saved_frames/2026-05-27_17-40-16_multi_species.jpg
40b51329-9441-4d7c-a334-bcb1ccda4c69,2026-05-27 17:40:16,new_species_detected,species=elephant,saved_frames/2026-05-27_17-40-16_new_elephant.jpg
2afbf329-4479-49e6-b943-dc4e6460479e,2026-05-27 17:40:16,multi_species_detected,"species=['antelope_like', 'elephant']",saved_frames/2026-05-27_17-40-16_multi_species.jpg
67a2efd5-7fd7-4039-a5da-318040163817,2026-05-27 17:40:17,new_species_detected,species=antelope_like,saved_frames/2026-05-27_17-40-17_new_antelope_like.jpg
9e1e6a29-186c-457c-a96e-434b7b7367d3,2026-05-27 17:40:17,multi_species_detected,"species=['antelope_like', 'elephant']",saved_frames/2026-05-27_17-40-17_multi_species.jpg
00395ba9-38c9-473d-8fa3-613d3fc3c7dd,2026-05-27 17:40:17,new_species_detected,species=antelope_like,saved_frames/2026-05-27_17-40-17_new_antelope_like.jpg
7cb37cc5-dfc8-4cb7-bd77-a68f7382abbb,2026-05-27 17:40:19,new_species_detected,species=elephant,saved_frames/2026-05-27_17-40-19_new_elephant.jpg
6e874c38-f1b8-4476-a2bd-f626d162947f,2026-05-27 17:40:19,multi_species_detected,"species=['antelope_like', 'elephant']",saved_frames/2026-05-27_17-40-19_multi_species.jpg
742c3808-11bc-4a04-95b2-c875523bef9f,2026-05-27 17:40:19,new_species_detected,species=antelope_like,saved_frames/2026-05-27_17-40-19_new_antelope_like.jpg
d610a73a-7df8-43fb-9827-c10e1883c549,2026-05-27 17:40:19,multi_species_detected,"species=['antelope_like', 'elephant']",saved_frames/2026-05-27_17-40-19_multi_species.jpg
041e62b8-50b7-4fae-9786-338870ac0bdb,2026-05-27 17:40:20,new_species_detected,species=elephant,saved_frames/2026-05-27_17-40-20_new_elephant.jpg
2e9f601b-4fcb-459a-b17a-2d68efb5daaa,2026-05-27 17:40:20,new_species_detected,species=antelope_like,saved_frames/2026-05-27_17-40-20_new_antelope_like.jpg
7b938ab0-6d24-43d4-a979-b5406114957f,2026-05-27 17:40:20,multi_species_detected,"species=['antelope_like', 'elephant']",saved_frames/2026-05-27_17-40-20_multi_species.jpg
9e37c13c-270a-4741-a054-5b45f09c0adb,2026-05-27 17:40:20,new_species_detected,species=antelope_like,saved_frames/2026-05-27_17-40-20_new_antelope_like.jpg
68380678-96cd-4878-9b7a-8f3f81eaff46,2026-05-27 17:40:21,new_species_detected,species=elephant,saved_frames/2026-05-27_17-40-21_new_elephant.jpg
fb06f590-26e1-43fc-ae51-b0d94b1a6ff0,2026-05-27 17:40:21,multi_species_detected,"species=['antelope_like', 'elephant']",saved_frames/2026-05-27_17-40-21_multi_species.jpg
158882a5-3ad1-4f7b-b132-0714c0b46b65,2026-05-27 17:40:22,new_species_detected,species=elephant,saved_frames/2026-05-27_17-40-22_new_elephant.jpg
cdc0a5d3-961c-47ad-b430-f2a763c99183,2026-05-27 17:40:22,multi_species_detected,"species=['antelope_like', 'elephant']",saved_frames/2026-05-27_17-40-22_multi_species.jpg
4db95ef9-3f99-4465-afdb-7beda15d205f,2026-05-27 17:40:22,new_species_detected,species=antelope_like,saved_frames/2026-05-27_17-40-22_new_antelope_like.jpg
c19394a7-58dc-44c7-8001-507bf6fe70b5,2026-05-27 17:40:22,multi_species_detected,"species=['antelope_like', 'elephant']",saved_frames/2026-05-27_17-40-22_multi_species.jpg
32edce2c-1f5e-4b4a-ac9f-b10181dbe10b,2026-05-27 17:40:24,new_species_detected,species=antelope_like,saved_frames/2026-05-27_17-40-24_new_antelope_like.jpg
2d252661-77ea-4882-9be6-5969b8399bab,2026-05-27 17:40:24,multi_species_detected,"species=['antelope_like', 'elephant']",saved_frames/2026-05-27_17-40-24_multi_species.jpg
c6af6603-2ce1-4b1c-b9bc-e06fcc9ac0ab,2026-05-27 17:40:27,new_species_detected,species=antelope_like,saved_frames/2026-05-27_17-40-27_new_antelope_like.jpg
76ed935b-8698-49f4-87fa-050418351d90,2026-05-27 17:40:27,multi_species_detected,"species=['antelope_like', 'elephant']",saved_frames/2026-05-27_17-40-27_multi_species.jpg
4cc7c6a1-1c9e-4dab-b445-830420f88909,2026-05-27 17:40:28,new_species_detected,species=antelope_like,saved_frames/2026-05-27_17-40-28_new_antelope_like.jpg
3ba04e6b-314f-424b-8a82-ffcaf04bca13,2026-05-27 17:40:28,multi_species_detected,"species=['antelope_like', 'elephant']",saved_frames/2026-05-27_17-40-28_multi_species.jpg
ed37f602-68aa-496b-82b0-efb21ca0784d,2026-05-27 17:40:28,new_species_detected,species=antelope_like,saved_frames/2026-05-27_17-40-28_new_antelope_like.jpg
b37f791a-c23f-4454-9479-62242b2f8c82,2026-05-27 17:40:29,activity_ended,scene became empty,saved_frames/2026-05-27_17-40-29_activity_ended.jpg
1ec9bc8d-a0ec-4a2e-98dc-df971e17d11c,2026-05-27 17:40:29,activity_started,counts={'antelope_like': 1},saved_frames/2026-05-27_17-40-29_activity_started.jpg
94930ae7-26a3-401d-93a6-eac8652ce081,2026-05-27 17:40:29,new_species_detected,species=antelope_like,saved_frames/2026-05-27_17-40-29_new_antelope_like.jpg
d6634534-6bc3-4fe3-918c-8a361a0e4561,2026-05-27 17:40:32,new_species_detected,species=elephant,saved_frames/2026-05-27_17-40-32_new_elephant.jpg
08e927e0-389d-4a7c-90ad-6be718929143,2026-05-27 17:40:32,new_species_detected,species=antelope_like,saved_frames/2026-05-27_17-40-32_new_antelope_like.jpg
e6838600-4f00-4540-87d8-34eccd25242a,2026-05-27 17:40:32,multi_species_detected,"species=['antelope_like', 'elephant']",saved_frames/2026-05-27_17-40-32_multi_species.jpg
4af07515-7f01-40f4-899e-53b77160e65d,2026-05-27 17:40:33,new_species_detected,species=elephant,saved_frames/2026-05-27_17-40-33_new_elephant.jpg
a09b35c6-82ed-4245-8b22-6bd8dabcf4d0,2026-05-27 17:40:33,multi_species_detected,"species=['antelope_like', 'elephant']",saved_frames/2026-05-27_17-40-33_multi_species.jpg
9afa7168-0dd3-4e22-9275-2cc70177668c,2026-05-27 17:40:33,new_species_detected,species=elephant,saved_frames/2026-05-27_17-40-33_new_elephant.jpg
ba92de42-b712-4e65-a3fd-42b26130802f,2026-05-27 17:40:33,multi_species_detected,"species=['antelope_like', 'elephant']",saved_frames/2026-05-27_17-40-33_multi_species.jpg
df14fadf-0b16-42ce-822b-cde03d6a0f88,2026-05-27 17:40:35,new_species_detected,species=antelope_like,saved_frames/2026-05-27_17-40-35_new_antelope_like.jpg
41c5c167-833f-4ec3-ab90-13d88bcac445,2026-05-27 17:40:35,multi_species_detected,"species=['antelope_like', 'elephant']",saved_frames/2026-05-27_17-40-35_multi_species.jpg
a6842a18-bc61-4891-8836-3df3e5501ec4,2026-05-27 17:40:38,new_species_detected,species=antelope_like,saved_frames/2026-05-27_17-40-38_new_antelope_like.jpg
1be318c5-4bfb-479c-8f3c-b85d889a270e,2026-05-27 17:40:38,multi_species_detected,"species=['antelope_like', 'elephant']",saved_frames/2026-05-27_17-40-38_multi_species.jpg
0d324f10-e946-4c3f-879b-75b9196f2b55,2026-05-27 17:40:39,new_species_detected,species=antelope_like,saved_frames/2026-05-27_17-40-39_new_antelope_like.jpg
dfb7c322-c79a-4ff4-bdb9-017988216c0e,2026-05-27 17:40:39,multi_species_detected,"species=['antelope_like', 'elephant']",saved_frames/2026-05-27_17-40-39_multi_species.jpg
af6a0671-0f69-4599-9aa6-83d9ede805bb,2026-05-27 17:40:40,new_species_detected,species=antelope_like,saved_frames/2026-05-27_17-40-40_new_antelope_like.jpg
9321f4bf-9c74-40ee-b4d0-bbb700e83666,2026-05-27 17:40:40,multi_species_detected,"species=['antelope_like', 'elephant']",saved_frames/2026-05-27_17-40-40_multi_species.jpg
f3a4cf0e-3036-447b-bb39-7416dd18e092,2026-05-27 17:40:41,new_species_detected,species=elephant,saved_frames/2026-05-27_17-40-41_new_elephant.jpg
641ff487-0b53-4e6a-844f-7fa4a5303fd9,2026-05-27 17:40:41,multi_species_detected,"species=['antelope_like', 'elephant']",saved_frames/2026-05-27_17-40-41_multi_species.jpg
ca25538e-0302-43af-8c14-10d6546cc31d,2026-05-27 17:40:41,new_species_detected,species=elephant,saved_frames/2026-05-27_17-40-41_new_elephant.jpg
a61a5f1e-cede-4454-aa84-c5306c7b6155,2026-05-27 17:40:41,multi_species_detected,"species=['antelope_like', 'elephant']",saved_frames/2026-05-27_17-40-41_multi_species.jpg
5f1536e5-4b00-4ec5-9f0a-f9ff17564061,2026-05-27 17:40:43,new_species_detected,species=elephant,saved_frames/2026-05-27_17-40-43_new_elephant.jpg
f6e6418d-5a46-4dd0-82bf-2234f1cc43e6,2026-05-27 17:40:43,multi_species_detected,"species=['antelope_like', 'elephant']",saved_frames/2026-05-27_17-40-43_multi_species.jpg
028c353d-1075-459a-972a-69768d7aab6e,2026-05-27 17:40:43,new_species_detected,species=antelope_like,saved_frames/2026-05-27_17-40-43_new_antelope_like.jpg
711d92db-3703-4d6a-bac3-bd1efcda5e80,2026-05-27 17:40:43,multi_species_detected,"species=['antelope_like', 'elephant']",saved_frames/2026-05-27_17-40-43_multi_species.jpg
01838860-3b41-4e3b-b8f0-263a52610dc8,2026-05-27 17:40:44,new_species_detected,species=antelope_like,saved_frames/2026-05-27_17-40-44_new_antelope_like.jpg
f02caa45-a5ba-48f1-9197-e215f0e09b02,2026-05-27 17:40:44,multi_species_detected,"species=['antelope_like', 'elephant']",saved_frames/2026-05-27_17-40-44_multi_species.jpg
6c7a5055-1d22-4b0a-960b-5bb31e14cf50,2026-05-27 17:40:55,new_species_detected,species=antelope_like,saved_frames/2026-05-27_17-40-55_new_antelope_like.jpg
0da0c40a-8f6a-4783-87bb-160a895e9dc1,2026-05-27 17:40:55,multi_species_detected,"species=['antelope_like', 'elephant']",saved_frames/2026-05-27_17-40-55_multi_species.jpg
0498adbe-0f6b-4ba6-9e88-ef94e40c49cc,2026-05-27 17:40:56,new_species_detected,species=antelope_like,saved_frames/2026-05-27_17-40-56_new_antelope_like.jpg
bda888b4-47ae-4424-8f89-35d9005ebf4f,2026-05-27 17:40:57,new_species_detected,species=bird,saved_frames/2026-05-27_17-40-57_new_bird.jpg
39e9398e-dbbc-492f-98ad-ac5cf5a5c4d6,2026-05-27 17:40:57,multi_species_detected,"species=['antelope_like', 'bird']",saved_frames/2026-05-27_17-40-57_multi_species.jpg
cbabba67-165c-472f-be57-406b73691bf1,2026-05-27 17:40:59,new_species_detected,species=elephant,saved_frames/2026-05-27_17-40-59_new_elephant.jpg
f8840eaa-0e0e-4dfc-bb1c-a5628d9d056b,2026-05-27 17:40:59,multi_species_detected,"species=['antelope_like', 'elephant']",saved_frames/2026-05-27_17-40-59_multi_species.jpg
4a6ee3f5-6136-4e8c-b8d0-0f54123ef646,2026-05-27 17:40:59,new_species_detected,species=elephant,saved_frames/2026-05-27_17-40-59_new_elephant.jpg
57b84c24-f345-4632-9cf3-25e402617be0,2026-05-27 17:40:59,multi_species_detected,"species=['antelope_like', 'elephant']",saved_frames/2026-05-27_17-40-59_multi_species.jpg
083857fa-3bee-405e-a726-2d95f832be3b,2026-05-27 17:41:29,new_species_detected,species=antelope_like,saved_frames/2026-05-27_17-41-29_new_antelope_like.jpg
06fb93e3-a759-4d6f-b235-808d840aac11,2026-05-27 17:41:29,multi_species_detected,"species=['antelope_like', 'elephant']",saved_frames/2026-05-27_17-41-29_multi_species.jpg
e2052fc2-c268-4585-97f3-766924e7efb9,2026-05-27 17:41:29,new_species_detected,species=antelope_like,saved_frames/2026-05-27_17-41-29_new_antelope_like.jpg
fa773ad1-60a1-4c6b-9567-7c415e79eb20,2026-05-27 17:41:29,multi_species_detected,"species=['antelope_like', 'elephant']",saved_frames/2026-05-27_17-41-29_multi_species.jpg
bda2c2aa-778b-440a-a1d0-8c0300f0bb51,2026-05-27 17:41:30,new_species_detected,species=antelope_like,saved_frames/2026-05-27_17-41-30_new_antelope_like.jpg
7d46e46f-3f32-4617-a0b7-de8b31ae8b16,2026-05-27 17:41:30,multi_species_detected,"species=['antelope_like', 'elephant']",saved_frames/2026-05-27_17-41-30_multi_species.jpg
21ebefcf-d18a-4c1c-a919-70577145d362,2026-05-27 17:41:31,new_species_detected,species=antelope_like,saved_frames/2026-05-27_17-41-31_new_antelope_like.jpg
6e73b029-1f1d-48f4-b8ba-b0350438425f,2026-05-27 17:41:31,multi_species_detected,"species=['antelope_like', 'elephant']",saved_frames/2026-05-27_17-41-31_multi_species.jpg
812fddbf-54db-4318-a3e6-b7cc959fcf74,2026-05-27 17:41:32,new_species_detected,species=antelope_like,saved_frames/2026-05-27_17-41-32_new_antelope_like.jpg
eb33c393-bd9d-44a9-b969-254a1ccbb01c,2026-05-27 17:41:32,multi_species_detected,"species=['antelope_like', 'elephant']",saved_frames/2026-05-27_17-41-32_multi_species.jpg
0006f213-64a2-47fd-add2-2e810bd677b1,2026-05-27 17:41:35,new_species_detected,species=antelope_like,saved_frames/2026-05-27_17-41-35_new_antelope_like.jpg
6703d328-acb5-4969-9627-3a25697d78f5,2026-05-27 17:41:35,multi_species_detected,"species=['antelope_like', 'elephant']",saved_frames/2026-05-27_17-41-35_multi_species.jpg
2e6f6dcb-7028-4018-820f-073326b2ba63,2026-05-27 17:41:35,new_species_detected,species=antelope_like,saved_frames/2026-05-27_17-41-35_new_antelope_like.jpg
2eeb9aa2-f744-4b6f-9076-2d1ae14a2111,2026-05-27 17:41:35,multi_species_detected,"species=['antelope_like', 'elephant']",saved_frames/2026-05-27_17-41-35_multi_species.jpg
126eafec-0642-4c11-8a77-9ce29e0b36af,2026-05-27 17:41:36,new_species_detected,species=elephant,saved_frames/2026-05-27_17-41-36_new_elephant.jpg
1641662c-9bb3-433b-8f3e-f323663b4938,2026-05-27 17:41:36,multi_species_detected,"species=['antelope_like', 'elephant']",saved_frames/2026-05-27_17-41-36_multi_species.jpg
dc08c49a-bb26-4bee-9876-9b7b6b06b636,2026-05-27 17:41:37,new_species_detected,species=antelope_like,saved_frames/2026-05-27_17-41-37_new_antelope_like.jpg
b7a798ed-1900-416c-9f73-6d7c9f9861b3,2026-05-27 17:41:37,multi_species_detected,"species=['antelope_like', 'elephant']",saved_frames/2026-05-27_17-41-37_multi_species.jpg
5cf0fe61-f44d-4304-8f20-cf048366ca79,2026-05-27 17:41:38,new_species_detected,species=elephant,saved_frames/2026-05-27_17-41-38_new_elephant.jpg
10503f63-8af5-4b45-9658-6b9ffcdcf14d,2026-05-27 17:41:38,multi_species_detected,"species=['antelope_like', 'elephant']",saved_frames/2026-05-27_17-41-38_multi_species.jpg
d72efd19-5ad9-49ae-9291-5b0912034647,2026-05-27 17:41:38,new_species_detected,species=elephant,saved_frames/2026-05-27_17-41-38_new_elephant.jpg
45417b16-2bf3-4641-b7cb-08845224309c,2026-05-27 17:41:38,multi_species_detected,"species=['antelope_like', 'elephant']",saved_frames/2026-05-27_17-41-38_multi_species.jpg
5d935f70-fe8c-43c4-b9a8-c7cb60489462,2026-05-27 17:41:38,new_species_detected,species=elephant,saved_frames/2026-05-27_17-41-38_new_elephant.jpg
b7f1d370-9d03-4d46-8455-65d0ff22d335,2026-05-27 17:41:38,multi_species_detected,"species=['antelope_like', 'elephant']",saved_frames/2026-05-27_17-41-38_multi_species.jpg
59a3c553-89b8-403f-8898-12f9dbf2e6ad,2026-05-27 17:41:39,new_species_detected,species=antelope_like,saved_frames/2026-05-27_17-41-39_new_antelope_like.jpg
da6983e1-7e3c-452a-911a-fafa9e6e1fdf,2026-05-27 17:41:39,new_species_detected,species=elephant,saved_frames/2026-05-27_17-41-39_new_elephant.jpg
2965e1c9-30e1-43ff-a5b3-b919d73ee709,2026-05-27 17:41:39,multi_species_detected,"species=['antelope_like', 'elephant']",saved_frames/2026-05-27_17-41-39_multi_species.jpg
3f536487-b75f-4eb3-98c9-9cd107dfeb5f,2026-05-27 17:41:40,new_species_detected,species=antelope_like,saved_frames/2026-05-27_17-41-40_new_antelope_like.jpg
41502f1a-1cb8-414d-abab-0c5243714936,2026-05-27 17:41:40,multi_species_detected,"species=['antelope_like', 'elephant']",saved_frames/2026-05-27_17-41-40_multi_species.jpg
944eeb99-3f8a-4898-ad55-a6494d91e69e,2026-05-27 17:41:50,new_species_detected,species=antelope_like,saved_frames/2026-05-27_17-41-50_new_antelope_like.jpg
560986d5-e024-45cf-bff2-c940e9ad4a42,2026-05-27 17:41:50,multi_species_detected,"species=['antelope_like', 'elephant']",saved_frames/2026-05-27_17-41-50_multi_species.jpg
c204c299-c773-4419-af84-377dcc4c4d3f,2026-05-27 17:41:53,new_species_detected,species=elephant,saved_frames/2026-05-27_17-41-53_new_elephant.jpg
c5df1b34-562e-42c9-b19a-f5ffdcca43eb,2026-05-27 17:41:53,new_species_detected,species=antelope_like,saved_frames/2026-05-27_17-41-53_new_antelope_like.jpg
352b911f-e305-400c-97fb-0a4d7454ef3b,2026-05-27 17:41:53,multi_species_detected,"species=['antelope_like', 'elephant']",saved_frames/2026-05-27_17-41-53_multi_species.jpg
e34931ab-3741-45b8-bd74-a5c50401ed51,2026-05-27 17:41:54,new_species_detected,species=antelope_like,saved_frames/2026-05-27_17-41-54_new_antelope_like.jpg
6b922221-d2b9-4727-9694-d5f32a1baf72,2026-05-27 17:41:54,multi_species_detected,"species=['antelope_like', 'elephant']",saved_frames/2026-05-27_17-41-54_multi_species.jpg
356f907f-930d-4549-88c9-b7d8132b16f8,2026-05-27 17:41:54,new_species_detected,species=antelope_like,saved_frames/2026-05-27_17-41-54_new_antelope_like.jpg
2b0c8a6f-cc09-44e7-a010-9de6edc5683d,2026-05-27 17:41:54,multi_species_detected,"species=['antelope_like', 'elephant']",saved_frames/2026-05-27_17-41-54_multi_species.jpg
56117a77-1f02-48f6-b872-055d67356582,2026-05-27 17:41:55,new_species_detected,species=antelope_like,saved_frames/2026-05-27_17-41-55_new_antelope_like.jpg
0f381457-c284-4792-a233-a1e35ad084bb,2026-05-27 17:41:55,multi_species_detected,"species=['antelope_like', 'elephant']",saved_frames/2026-05-27_17-41-55_multi_species.jpg
fa893ba3-a249-488f-8dac-575c3c52dc0c,2026-05-27 17:41:55,new_species_detected,species=elephant,saved_frames/2026-05-27_17-41-55_new_elephant.jpg
e1e89eeb-b5ec-4d1d-a734-c232364b287b,2026-05-27 17:41:55,multi_species_detected,"species=['antelope_like', 'elephant']",saved_frames/2026-05-27_17-41-55_multi_species.jpg
2aada5b9-cf49-4054-a6aa-375107765184,2026-05-27 17:41:56,new_species_detected,species=antelope_like,saved_frames/2026-05-27_17-41-56_new_antelope_like.jpg
9e537b74-2715-49d2-8e31-603a0a816cb0,2026-05-27 17:41:56,multi_species_detected,"species=['antelope_like', 'elephant']",saved_frames/2026-05-27_17-41-56_multi_species.jpg
3ab83071-cebd-45d0-a51e-32fddaa61df5,2026-05-27 17:41:57,new_species_detected,species=antelope_like,saved_frames/2026-05-27_17-41-57_new_antelope_like.jpg
162b8690-d5ca-4674-9489-fe714c8a9e2d,2026-05-27 17:41:57,multi_species_detected,"species=['antelope_like', 'elephant']",saved_frames/2026-05-27_17-41-57_multi_species.jpg
02cd9da7-7642-4240-92af-379e53917090,2026-05-27 17:41:57,new_species_detected,species=antelope_like,saved_frames/2026-05-27_17-41-57_new_antelope_like.jpg
f61a4002-8ac6-4733-9e13-f89e26cffae0,2026-05-27 17:41:57,multi_species_detected,"species=['antelope_like', 'elephant']",saved_frames/2026-05-27_17-41-57_multi_species.jpg
6d359df6-50fe-46cc-8f77-e3bc75a4d0a9,2026-05-27 17:41:57,new_species_detected,species=antelope_like,saved_frames/2026-05-27_17-41-57_new_antelope_like.jpg
843d124d-0034-4f90-9e62-2cfb1c185299,2026-05-27 17:41:57,multi_species_detected,"species=['antelope_like', 'elephant']",saved_frames/2026-05-27_17-41-57_multi_species.jpg
00102d1c-fbfe-4b9d-8017-311815e9b2c9,2026-05-27 17:41:58,new_species_detected,species=antelope_like,saved_frames/2026-05-27_17-41-58_new_antelope_like.jpg
a199f86d-a525-46ae-8c59-81ffb2f759c9,2026-05-27 17:41:58,multi_species_detected,"species=['antelope_like', 'elephant']",saved_frames/2026-05-27_17-41-58_multi_species.jpg
55d1e411-8e02-4304-aa98-7d11195d5b01,2026-05-27 17:41:58,new_species_detected,species=antelope_like,saved_frames/2026-05-27_17-41-58_new_antelope_like.jpg
918a6b79-0a1c-48e9-b520-e2e88d058f0d,2026-05-27 17:41:58,multi_species_detected,"species=['antelope_like', 'elephant']",saved_frames/2026-05-27_17-41-58_multi_species.jpg
db136c97-c3d8-4f6d-b9df-5b3fa58c9c87,2026-05-27 17:41:58,new_species_detected,species=antelope_like,saved_frames/2026-05-27_17-41-58_new_antelope_like.jpg
b748b7c8-82e3-4951-9609-70510744d2ae,2026-05-27 17:41:58,multi_species_detected,"species=['antelope_like', 'elephant']",saved_frames/2026-05-27_17-41-58_multi_species.jpg
f27b1e85-9086-4dca-8b50-528e118a8805,2026-05-27 17:41:59,new_species_detected,species=elephant,saved_frames/2026-05-27_17-41-59_new_elephant.jpg
8ec5ef4c-746d-4f50-9c6c-d10ec56508f4,2026-05-27 17:41:59,multi_species_detected,"species=['antelope_like', 'elephant']",saved_frames/2026-05-27_17-41-59_multi_species.jpg
17baf35d-17fc-4888-a41a-c12221e4f1fa,2026-05-27 17:42:00,new_species_detected,species=elephant,saved_frames/2026-05-27_17-42-00_new_elephant.jpg
ae4ae67d-c859-468f-b9fc-005b92582a21,2026-05-27 17:42:00,multi_species_detected,"species=['antelope_like', 'elephant']",saved_frames/2026-05-27_17-42-00_multi_species.jpg
672de239-5a7f-4987-b3cd-20c6350b1319,2026-05-27 17:42:00,new_species_detected,species=elephant,saved_frames/2026-05-27_17-42-00_new_elephant.jpg
83b7ac62-b4d8-454e-bfcf-45c2250aee7e,2026-05-27 17:42:00,multi_species_detected,"species=['antelope_like', 'elephant']",saved_frames/2026-05-27_17-42-00_multi_species.jpg
d607a50f-ab4d-4ab8-8f15-353c2873ba1f,2026-05-27 17:42:02,new_species_detected,species=elephant,saved_frames/2026-05-27_17-42-02_new_elephant.jpg
d95e8bf7-0e62-44d7-a6b7-86e8062f7a79,2026-05-27 17:42:02,multi_species_detected,"species=['antelope_like', 'elephant']",saved_frames/2026-05-27_17-42-02_multi_species.jpg
b8634d8b-a32a-4950-84f6-ee484fc7354c,2026-05-27 17:42:02,new_species_detected,species=elephant,saved_frames/2026-05-27_17-42-02_new_elephant.jpg
5f21cce8-1f27-4092-84e4-ba944157f893,2026-05-27 17:42:02,multi_species_detected,"species=['antelope_like', 'elephant']",saved_frames/2026-05-27_17-42-02_multi_species.jpg
2c8d1510-66ae-46e2-a040-e483d7b7ea2f,2026-05-27 17:42:11,new_species_detected,species=antelope_like,saved_frames/2026-05-27_17-42-11_new_antelope_like.jpg
f7f5ec76-6096-4e0a-b398-cd3bba8aac04,2026-05-27 17:42:11,multi_species_detected,"species=['antelope_like', 'elephant']",saved_frames/2026-05-27_17-42-11_multi_species.jpg
0b34259f-acf7-4235-9856-382e875bd5af,2026-05-27 17:42:12,new_species_detected,species=antelope_like,saved_frames/2026-05-27_17-42-12_new_antelope_like.jpg
8b03e5fc-0460-478f-82db-95dff4ffdb0e,2026-05-27 17:42:12,multi_species_detected,"species=['antelope_like', 'elephant']",saved_frames/2026-05-27_17-42-12_multi_species.jpg
0b8ef0c8-c84b-4edb-9e39-209e290ccc0a,2026-05-27 17:42:14,new_species_detected,species=antelope_like,saved_frames/2026-05-27_17-42-14_new_antelope_like.jpg
8403131d-f98d-40ec-b218-1c59bb1e44a6,2026-05-27 17:42:14,multi_species_detected,"species=['antelope_like', 'elephant']",saved_frames/2026-05-27_17-42-14_multi_species.jpg
5ad43846-cba8-4df9-a65f-cf3c4fbd5f74,2026-05-27 17:42:28,new_species_detected,species=antelope_like,saved_frames/2026-05-27_17-42-28_new_antelope_like.jpg
00e75712-fce9-4abe-8a40-b3c8a34ba778,2026-05-27 17:42:28,multi_species_detected,"species=['antelope_like', 'elephant']",saved_frames/2026-05-27_17-42-28_multi_species.jpg
e21ccb16-8abe-4499-8128-7a2c14c2de71,2026-05-27 17:42:29,new_species_detected,species=antelope_like,saved_frames/2026-05-27_17-42-29_new_antelope_like.jpg
68103251-3e32-4aba-97db-fd370d58bdbe,2026-05-27 17:42:29,multi_species_detected,"species=['antelope_like', 'elephant']",saved_frames/2026-05-27_17-42-29_multi_species.jpg
0b389f21-07ac-4045-a9c9-436858409ed9,2026-05-27 17:42:29,new_species_detected,species=elephant,saved_frames/2026-05-27_17-42-29_new_elephant.jpg
3f4e16cf-c638-4957-a2b7-bc2af734143e,2026-05-27 17:42:29,multi_species_detected,"species=['antelope_like', 'elephant']",saved_frames/2026-05-27_17-42-29_multi_species.jpg
2d4e72e2-00d0-4cf2-b1bf-f116bb3cd70b,2026-05-27 17:42:30,new_species_detected,species=elephant,saved_frames/2026-05-27_17-42-30_new_elephant.jpg
1152aa30-edf1-4b04-a045-e572d5f387d1,2026-05-27 17:42:30,multi_species_detected,"species=['antelope_like', 'elephant']",saved_frames/2026-05-27_17-42-30_multi_species.jpg
34f8f290-6d65-4796-973a-9c5ba9193231,2026-05-27 17:42:30,new_species_detected,species=elephant,saved_frames/2026-05-27_17-42-30_new_elephant.jpg
1ffcdb86-8cab-4e1c-a5d1-6fbb7bbc5cb2,2026-05-27 17:42:30,new_species_detected,species=antelope_like,saved_frames/2026-05-27_17-42-30_new_antelope_like.jpg
48817dde-4543-4678-8608-489e526138d3,2026-05-27 17:42:30,multi_species_detected,"species=['antelope_like', 'elephant']",saved_frames/2026-05-27_17-42-30_multi_species.jpg
e83596d9-9029-4ca2-a9d1-b6186d30e7b0,2026-05-27 17:42:31,new_species_detected,species=elephant,saved_frames/2026-05-27_17-42-31_new_elephant.jpg
523997a2-b4e0-42a2-9b7d-060a59eaac49,2026-05-27 17:42:31,multi_species_detected,"species=['antelope_like', 'elephant']",saved_frames/2026-05-27_17-42-31_multi_species.jpg
60f0dc32-1cad-4d82-9b5d-dd4fb11ee2aa,2026-05-27 17:42:32,new_species_detected,species=elephant,saved_frames/2026-05-27_17-42-32_new_elephant.jpg
d3047301-e199-45e1-bddb-ade2640f9ce3,2026-05-27 17:42:32,multi_species_detected,"species=['antelope_like', 'elephant']",saved_frames/2026-05-27_17-42-32_multi_species.jpg
fa21e088-5b63-433a-af84-37a5d62abfba,2026-05-27 17:42:32,new_species_detected,species=elephant,saved_frames/2026-05-27_17-42-32_new_elephant.jpg
df61b602-689a-43d2-bb28-938b0476ed74,2026-05-27 17:42:32,multi_species_detected,"species=['antelope_like', 'elephant']",saved_frames/2026-05-27_17-42-32_multi_species.jpg
5eaf4f15-db26-41a4-b715-65739dddc744,2026-05-27 17:42:32,new_species_detected,species=elephant,saved_frames/2026-05-27_17-42-32_new_elephant.jpg
c3c440ef-a492-46b6-b915-044823b6b3a2,2026-05-27 17:42:32,multi_species_detected,"species=['antelope_like', 'elephant']",saved_frames/2026-05-27_17-42-32_multi_species.jpg
1b19c5fc-e7e9-46db-99aa-8a9b44b0ee8d,2026-05-27 17:42:32,new_species_detected,species=elephant,saved_frames/2026-05-27_17-42-32_new_elephant.jpg
2b097b91-fd88-45ca-b6ca-b9ac51387557,2026-05-27 17:42:32,multi_species_detected,"species=['antelope_like', 'elephant']",saved_frames/2026-05-27_17-42-32_multi_species.jpg
8a7378a7-7451-44f8-b6df-dbca3b3f1dca,2026-05-27 17:42:34,new_species_detected,species=elephant,saved_frames/2026-05-27_17-42-34_new_elephant.jpg
71278f13-11cc-4e5a-a740-635023cf066e,2026-05-27 17:42:34,multi_species_detected,"species=['antelope_like', 'elephant']",saved_frames/2026-05-27_17-42-34_multi_species.jpg
0be73fac-fda3-4653-8b8a-7c18d47f0023,2026-05-27 17:42:34,new_species_detected,species=elephant,saved_frames/2026-05-27_17-42-34_new_elephant.jpg
7ee028ef-e6a0-4de0-b625-152d6cf9a8a6,2026-05-27 17:42:36,new_species_detected,species=antelope_like,saved_frames/2026-05-27_17-42-36_new_antelope_like.jpg
14373024-8bea-4b09-9aea-4adf9f22224f,2026-05-27 17:42:36,multi_species_detected,"species=['antelope_like', 'elephant']",saved_frames/2026-05-27_17-42-36_multi_species.jpg
972ecdd0-9b5a-4118-8161-2e05257cce35,2026-05-27 17:42:37,new_species_detected,species=elephant,saved_frames/2026-05-27_17-42-37_new_elephant.jpg
5e75abc5-e8dc-4f72-b795-dbef42e15486,2026-05-27 17:42:38,new_species_detected,species=antelope_like,saved_frames/2026-05-27_17-42-38_new_antelope_like.jpg
51bfa7dc-7703-4d39-8d1a-0d4374f583ee,2026-05-27 17:42:38,multi_species_detected,"species=['antelope_like', 'elephant']",saved_frames/2026-05-27_17-42-38_multi_species.jpg
bb3e3aab-6a82-486f-962f-bac2f812b541,2026-05-27 17:42:38,new_species_detected,species=antelope_like,saved_frames/2026-05-27_17-42-38_new_antelope_like.jpg
3cd4aa00-8c04-42c9-9fa5-e32bb064f5fc,2026-05-27 17:42:38,multi_species_detected,"species=['antelope_like', 'elephant']",saved_frames/2026-05-27_17-42-38_multi_species.jpg
84f8d4c0-df8d-43e9-95f6-fdfc39882453,2026-05-27 17:42:38,new_species_detected,species=antelope_like,saved_frames/2026-05-27_17-42-38_new_antelope_like.jpg
eb094e3a-7681-4fdc-bcea-1f359e5a8036,2026-05-27 17:42:38,multi_species_detected,"species=['antelope_like', 'elephant']",saved_frames/2026-05-27_17-42-38_multi_species.jpg
e9a06c31-0cbe-428c-a03d-e1ea336630a9,2026-05-27 17:42:39,new_species_detected,species=antelope_like,saved_frames/2026-05-27_17-42-39_new_antelope_like.jpg
513f108f-6d15-4ef5-ba6d-41e2bd07bb24,2026-05-27 17:42:39,new_species_detected,species=elephant,saved_frames/2026-05-27_17-42-39_new_elephant.jpg
c3060dc5-e3d8-4fd0-b32f-e3845d58b211,2026-05-27 17:42:39,multi_species_detected,"species=['antelope_like', 'elephant']",saved_frames/2026-05-27_17-42-39_multi_species.jpg
4923c6db-e90b-4f2e-931e-e91028153759,2026-05-27 17:42:42,new_species_detected,species=elephant,saved_frames/2026-05-27_17-42-42_new_elephant.jpg
1b05f802-c20f-4f3d-b649-5da8eb79bbc8,2026-05-27 17:42:42,multi_species_detected,"species=['antelope_like', 'elephant']",saved_frames/2026-05-27_17-42-42_multi_species.jpg
441e4666-a910-4efe-8b02-73271d48ff50,2026-05-27 17:42:42,new_species_detected,species=antelope_like,saved_frames/2026-05-27_17-42-42_new_antelope_like.jpg
de1740e9-a711-48a0-9752-b8a01c8a703e,2026-05-27 17:42:42,multi_species_detected,"species=['antelope_like', 'elephant']",saved_frames/2026-05-27_17-42-42_multi_species.jpg
d19f70da-15d1-47b5-9972-d7621011ba24,2026-05-27 17:42:42,new_species_detected,species=elephant,saved_frames/2026-05-27_17-42-42_new_elephant.jpg
322c7d2c-35da-4a15-80af-b63a1c3c3c46,2026-05-27 17:42:42,multi_species_detected,"species=['antelope_like', 'elephant']",saved_frames/2026-05-27_17-42-42_multi_species.jpg
8d6cfd7e-4b48-4de9-9309-7766a50aa190,2026-05-27 17:42:43,new_species_detected,species=antelope_like,saved_frames/2026-05-27_17-42-43_new_antelope_like.jpg
2d6b568e-c23f-49d3-a359-3b161110dc49,2026-05-27 17:42:43,multi_species_detected,"species=['antelope_like', 'elephant']",saved_frames/2026-05-27_17-42-43_multi_species.jpg
d17975bc-51ac-4923-8247-ebf164b44fbf,2026-05-27 17:42:44,new_species_detected,species=elephant,saved_frames/2026-05-27_17-42-44_new_elephant.jpg
95bbddb6-623b-4460-bc7c-a439b2dc2159,2026-05-27 17:42:44,multi_species_detected,"species=['antelope_like', 'elephant']",saved_frames/2026-05-27_17-42-44_multi_species.jpg
c30cecc9-2766-4e8b-9c1c-b14dbfdfe9b7,2026-05-27 17:42:53,new_species_detected,species=antelope_like,saved_frames/2026-05-27_17-42-53_new_antelope_like.jpg
ea8f61e9-b91a-4f8b-aedc-391c439a33a2,2026-05-27 17:42:53,multi_species_detected,"species=['antelope_like', 'elephant']",saved_frames/2026-05-27_17-42-53_multi_species.jpg
c2f2b75c-b603-481e-a065-f6d7cd4eb010,2026-05-27 17:43:05,new_species_detected,species=antelope_like,saved_frames/2026-05-27_17-43-05_new_antelope_like.jpg
8d5cb4e3-ce83-4bdb-9fcc-47865a801d62,2026-05-27 17:43:05,multi_species_detected,"species=['antelope_like', 'elephant']",saved_frames/2026-05-27_17-43-05_multi_species.jpg
cfa6c7da-c958-443e-8eb4-0656e9b5c342,2026-05-27 17:43:05,new_species_detected,species=antelope_like,saved_frames/2026-05-27_17-43-05_new_antelope_like.jpg
bdf4350b-cb22-46a4-a042-cdd18dbf36e1,2026-05-27 17:43:05,multi_species_detected,"species=['antelope_like', 'elephant']",saved_frames/2026-05-27_17-43-05_multi_species.jpg
87d7e6c1-36b0-4a7d-9bed-2aa1a18a6be6,2026-05-27 17:43:06,new_species_detected,species=antelope_like,saved_frames/2026-05-27_17-43-06_new_antelope_like.jpg
63a39f49-f5b1-495f-811c-b256f9b83350,2026-05-27 17:43:06,multi_species_detected,"species=['antelope_like', 'elephant']",saved_frames/2026-05-27_17-43-06_multi_species.jpg
c7224079-7fa3-4f18-a5f3-9c71ae43343d,2026-05-27 17:43:06,new_species_detected,species=antelope_like,saved_frames/2026-05-27_17-43-06_new_antelope_like.jpg
08e07c54-42eb-4115-acd8-53c6dfd54389,2026-05-27 17:43:06,multi_species_detected,"species=['antelope_like', 'elephant']",saved_frames/2026-05-27_17-43-06_multi_species.jpg
51c696db-1e89-43cc-a724-9fb07b2f0643,2026-05-27 17:43:07,new_species_detected,species=antelope_like,saved_frames/2026-05-27_17-43-07_new_antelope_like.jpg
1ae56211-03b8-4cdd-b1f7-074f7a545286,2026-05-27 17:43:07,multi_species_detected,"species=['antelope_like', 'elephant']",saved_frames/2026-05-27_17-43-07_multi_species.jpg
e7d6fde2-c25f-4917-93a0-99b56b0d3ee6,2026-05-27 17:43:07,new_species_detected,species=antelope_like,saved_frames/2026-05-27_17-43-07_new_antelope_like.jpg
93e48ae2-1af7-4542-b69d-89f8a945d877,2026-05-27 17:43:07,multi_species_detected,"species=['antelope_like', 'elephant']",saved_frames/2026-05-27_17-43-07_multi_species.jpg
ce690612-0699-47ca-904a-32c05158a967,2026-05-27 17:43:12,new_species_detected,species=elephant,saved_frames/2026-05-27_17-43-12_new_elephant.jpg
95cbc13b-0f49-4ed2-a1f2-8c10f24a5366,2026-05-27 17:43:12,multi_species_detected,"species=['antelope_like', 'elephant']",saved_frames/2026-05-27_17-43-12_multi_species.jpg
23fc06cc-926c-42a4-b055-aa8f36a4daa3,2026-05-27 17:43:12,new_species_detected,species=elephant,saved_frames/2026-05-27_17-43-12_new_elephant.jpg
eef6c204-cdf5-4ee8-b15f-0e65be18bb26,2026-05-27 17:43:12,multi_species_detected,"species=['antelope_like', 'elephant']",saved_frames/2026-05-27_17-43-12_multi_species.jpg
e466c303-0de4-4a40-b017-a8b9018987e2,2026-05-27 17:43:16,new_species_detected,species=elephant,saved_frames/2026-05-27_17-43-16_new_elephant.jpg
219b2efd-6522-46f8-b57f-bd462fa2bdf8,2026-05-27 17:43:16,multi_species_detected,"species=['antelope_like', 'elephant']",saved_frames/2026-05-27_17-43-16_multi_species.jpg
df5eacf6-cd7c-427c-97a4-84e06ee30308,2026-05-27 17:43:17,new_species_detected,species=antelope_like,saved_frames/2026-05-27_17-43-17_new_antelope_like.jpg
320ca76a-9599-4dfe-b30a-f2ec2737f307,2026-05-27 17:43:17,new_species_detected,species=elephant,saved_frames/2026-05-27_17-43-17_new_elephant.jpg
2d979196-a96f-423b-9949-6d7673e7bfa7,2026-05-27 17:43:18,new_species_detected,species=antelope_like,saved_frames/2026-05-27_17-43-18_new_antelope_like.jpg
8c701000-400e-4dab-b3b2-69cb948fc358,2026-05-27 17:43:18,new_species_detected,species=elephant,saved_frames/2026-05-27_17-43-18_new_elephant.jpg
092a9ced-e57c-42aa-bcf6-373748f08444,2026-05-27 17:43:18,multi_species_detected,"species=['antelope_like', 'elephant']",saved_frames/2026-05-27_17-43-18_multi_species.jpg
6f4559b1-7d0e-4c2d-882c-5805616b81c4,2026-05-27 17:43:19,new_species_detected,species=antelope_like,saved_frames/2026-05-27_17-43-19_new_antelope_like.jpg
cb67ef3d-6068-4f31-be29-e93603635a28,2026-05-27 17:43:34,new_species_detected,species=elephant,saved_frames/2026-05-27_17-43-34_new_elephant.jpg
b4c7f779-515a-42ff-82c9-493ec6ffb9f5,2026-05-27 17:43:34,multi_species_detected,"species=['antelope_like', 'elephant']",saved_frames/2026-05-27_17-43-34_multi_species.jpg
f5c36ae6-bc3f-4b1e-86be-b7a30d3a58b8,2026-05-27 17:43:34,new_species_detected,species=elephant,saved_frames/2026-05-27_17-43-34_new_elephant.jpg
15ff17ff-3c08-468e-9758-9666873b3b39,2026-05-27 17:43:34,new_species_detected,species=antelope_like,saved_frames/2026-05-27_17-43-34_new_antelope_like.jpg
452a6390-09b9-4dd8-b805-da7de44d6c02,2026-05-27 17:43:34,multi_species_detected,"species=['antelope_like', 'elephant']",saved_frames/2026-05-27_17-43-34_multi_species.jpg
e217c3b1-859e-48ac-97c9-cadbe34891bd,2026-05-27 17:43:36,new_species_detected,species=elephant,saved_frames/2026-05-27_17-43-36_new_elephant.jpg
47e99361-07e5-4ecd-be5c-1efb5cc73ec3,2026-05-27 17:43:36,multi_species_detected,"species=['antelope_like', 'elephant']",saved_frames/2026-05-27_17-43-36_multi_species.jpg
5ee402c7-b30e-49a7-ad2e-85abc2bcbc98,2026-05-27 17:43:38,new_species_detected,species=antelope_like,saved_frames/2026-05-27_17-43-38_new_antelope_like.jpg
7ee0d72b-9b7f-4e4b-ba3b-cbf39f3469e2,2026-05-27 17:43:38,multi_species_detected,"species=['antelope_like', 'elephant']",saved_frames/2026-05-27_17-43-38_multi_species.jpg
819ce5ef-e048-4369-98a3-a08b31ace364,2026-05-27 17:43:38,new_species_detected,species=antelope_like,saved_frames/2026-05-27_17-43-38_new_antelope_like.jpg
23915d1f-07b6-452d-9576-070659a8d5dd,2026-05-27 17:43:38,multi_species_detected,"species=['antelope_like', 'elephant']",saved_frames/2026-05-27_17-43-38_multi_species.jpg
d618c478-67bf-4d3a-8874-90521681d513,2026-05-27 17:43:38,new_species_detected,species=elephant,saved_frames/2026-05-27_17-43-38_new_elephant.jpg
0b0b9b94-f3d2-4f3a-92a4-2582a0cdd06e,2026-05-27 17:43:38,multi_species_detected,"species=['antelope_like', 'elephant']",saved_frames/2026-05-27_17-43-38_multi_species.jpg
368a78c3-c80b-4d20-9631-4ace471dc260,2026-05-27 17:43:39,new_species_detected,species=antelope_like,saved_frames/2026-05-27_17-43-39_new_antelope_like.jpg
42418d76-6728-41cf-b891-ace04948fc88,2026-05-27 17:43:39,multi_species_detected,"species=['antelope_like', 'elephant']",saved_frames/2026-05-27_17-43-39_multi_species.jpg
4a388d59-28fc-4e45-b5b1-4079be23cba5,2026-05-27 17:43:41,new_species_detected,species=elephant,saved_frames/2026-05-27_17-43-41_new_elephant.jpg
30f7aa69-a1bd-4c95-94b5-4203ec779989,2026-05-27 17:43:41,multi_species_detected,"species=['antelope_like', 'elephant']",saved_frames/2026-05-27_17-43-41_multi_species.jpg
17d374fb-e09b-44a2-95de-ef7d61657f88,2026-05-27 17:43:42,new_species_detected,species=elephant,saved_frames/2026-05-27_17-43-42_new_elephant.jpg
66c5c6f0-98f5-40c7-b2e0-9c4d63d37a4c,2026-05-27 17:43:42,multi_species_detected,"species=['antelope_like', 'elephant']",saved_frames/2026-05-27_17-43-42_multi_species.jpg
a20c1f05-baed-4da5-b03c-da41a207b92d,2026-05-27 17:43:43,new_species_detected,species=elephant,saved_frames/2026-05-27_17-43-43_new_elephant.jpg
7ce41cea-0eb8-4eb1-bc1c-35fb04e89721,2026-05-27 17:43:43,multi_species_detected,"species=['antelope_like', 'elephant']",saved_frames/2026-05-27_17-43-43_multi_species.jpg
52b8ceee-19c8-42a1-b6e8-f898e0d06806,2026-05-27 17:43:43,new_species_detected,species=elephant,saved_frames/2026-05-27_17-43-43_new_elephant.jpg
7ffc8c9d-6db1-4e16-9f94-0050d689cb2d,2026-05-27 17:43:43,multi_species_detected,"species=['antelope_like', 'elephant']",saved_frames/2026-05-27_17-43-43_multi_species.jpg
9cbd888f-6eb7-4862-90ce-23609f40e0fd,2026-05-27 17:43:44,new_species_detected,species=elephant,saved_frames/2026-05-27_17-43-44_new_elephant.jpg
4b0007ed-ea68-4748-9308-2229b8f8dfce,2026-05-27 17:43:44,multi_species_detected,"species=['antelope_like', 'elephant']",saved_frames/2026-05-27_17-43-44_multi_species.jpg
c183706c-f137-4c28-b661-5e287266cff7,2026-05-27 17:43:44,new_species_detected,species=elephant,saved_frames/2026-05-27_17-43-44_new_elephant.jpg
8e82fee6-c3a3-489a-833e-74b5ea209290,2026-05-27 17:43:44,multi_species_detected,"species=['antelope_like', 'elephant']",saved_frames/2026-05-27_17-43-44_multi_species.jpg
683e408f-59b2-42ac-96d4-35ba22d07ae2,2026-05-27 17:43:48,new_species_detected,species=elephant,saved_frames/2026-05-27_17-43-48_new_elephant.jpg
872dcd51-68a0-4992-a49d-f06db816394b,2026-05-27 17:43:48,multi_species_detected,"species=['antelope_like', 'elephant']",saved_frames/2026-05-27_17-43-48_multi_species.jpg
1afcb1b2-24bc-4dc8-bef9-52ab4fcdc942,2026-05-27 17:43:48,new_species_detected,species=antelope_like,saved_frames/2026-05-27_17-43-48_new_antelope_like.jpg
f664454a-17ff-4abd-a585-47078a76348e,2026-05-27 17:43:48,multi_species_detected,"species=['antelope_like', 'elephant']",saved_frames/2026-05-27_17-43-48_multi_species.jpg
2ee4ecc0-86c6-4d67-9fb5-8344e662ba86,2026-05-27 17:43:49,new_species_detected,species=elephant,saved_frames/2026-05-27_17-43-49_new_elephant.jpg
7aedd053-6dd3-401c-912c-e427e7710704,2026-05-27 17:43:49,multi_species_detected,"species=['antelope_like', 'elephant']",saved_frames/2026-05-27_17-43-49_multi_species.jpg
9579840d-8dfd-48dc-bc38-5712946b22ba,2026-05-27 17:43:49,new_species_detected,species=elephant,saved_frames/2026-05-27_17-43-49_new_elephant.jpg
b4ce81ba-c330-4830-8477-7d89ca8b61d7,2026-05-27 17:43:49,multi_species_detected,"species=['antelope_like', 'elephant']",saved_frames/2026-05-27_17-43-49_multi_species.jpg
961b4a7b-58c3-4069-8163-a46693b6c75e,2026-05-27 17:43:49,new_species_detected,species=elephant,saved_frames/2026-05-27_17-43-49_new_elephant.jpg
5c25de80-14b3-431b-ac6f-345c2b3abcb9,2026-05-27 17:43:49,multi_species_detected,"species=['antelope_like', 'elephant']",saved_frames/2026-05-27_17-43-49_multi_species.jpg
627b2bca-e836-44f6-a9e8-042a7f61ee1f,2026-05-27 17:43:50,new_species_detected,species=elephant,saved_frames/2026-05-27_17-43-50_new_elephant.jpg
db8a1907-eb90-4783-bd0d-fd0b27e3fb61,2026-05-27 17:43:50,multi_species_detected,"species=['antelope_like', 'elephant']",saved_frames/2026-05-27_17-43-50_multi_species.jpg
0127b446-2bea-43a8-a141-e0fe77ad236f,2026-05-27 17:43:50,new_species_detected,species=elephant,saved_frames/2026-05-27_17-43-50_new_elephant.jpg
9345ddbd-29e2-45a9-a2fe-85127fec5cc1,2026-05-27 17:43:50,multi_species_detected,"species=['antelope_like', 'elephant']",saved_frames/2026-05-27_17-43-50_multi_species.jpg
dc2b88b3-b429-4fa9-88bc-52dd457d5e0a,2026-05-27 17:43:51,new_species_detected,species=elephant,saved_frames/2026-05-27_17-43-51_new_elephant.jpg
8716a811-a7bc-40d3-a58b-7a26ac8b5a25,2026-05-27 17:43:51,multi_species_detected,"species=['antelope_like', 'elephant']",saved_frames/2026-05-27_17-43-51_multi_species.jpg
f172343d-ae71-4e3b-ba5e-80760f41d011,2026-05-27 17:43:52,new_species_detected,species=elephant,saved_frames/2026-05-27_17-43-52_new_elephant.jpg
3b41ebb0-866f-43b4-b1b1-beee7ae84f41,2026-05-27 17:43:52,multi_species_detected,"species=['antelope_like', 'elephant']",saved_frames/2026-05-27_17-43-52_multi_species.jpg
a21a3701-5bd2-4c97-8129-331c0cf65d29,2026-05-27 17:43:52,new_species_detected,species=elephant,saved_frames/2026-05-27_17-43-52_new_elephant.jpg
9aac44d9-ba13-454a-9f37-5a1279a62347,2026-05-27 17:43:52,multi_species_detected,"species=['antelope_like', 'elephant']",saved_frames/2026-05-27_17-43-52_multi_species.jpg
ed3045e3-b43d-4743-942f-52724717beaf,2026-05-27 17:43:53,new_species_detected,species=elephant,saved_frames/2026-05-27_17-43-53_new_elephant.jpg
9e664505-6f66-40c2-aa3c-7fd1241a4847,2026-05-27 17:43:53,multi_species_detected,"species=['antelope_like', 'elephant']",saved_frames/2026-05-27_17-43-53_multi_species.jpg
477fbfd8-6e40-4ade-8451-d5f8f93e34a3,2026-05-27 17:43:59,new_species_detected,species=elephant,saved_frames/2026-05-27_17-43-59_new_elephant.jpg
2e0842c6-7ae4-4468-97f7-984eafefbcb7,2026-05-27 17:43:59,multi_species_detected,"species=['antelope_like', 'elephant']",saved_frames/2026-05-27_17-43-59_multi_species.jpg
625eff9c-6f55-4e4a-9e23-8e62b8d1931f,2026-05-27 17:44:00,new_species_detected,species=elephant,saved_frames/2026-05-27_17-44-00_new_elephant.jpg
a4435bbb-d98e-435a-8ebe-2f70040bcf37,2026-05-27 17:44:00,multi_species_detected,"species=['antelope_like', 'elephant']",saved_frames/2026-05-27_17-44-00_multi_species.jpg
06cfd81a-c37b-4b9b-b46d-7856f542ff65,2026-05-27 17:44:00,new_species_detected,species=elephant,saved_frames/2026-05-27_17-44-00_new_elephant.jpg
7a76e209-4e60-4d7d-b14a-695fc8274657,2026-05-27 17:44:00,multi_species_detected,"species=['antelope_like', 'elephant']",saved_frames/2026-05-27_17-44-00_multi_species.jpg
503588fa-9428-41fb-84fe-57c10da1bfc6,2026-05-28 09:59:14,activity_started,counts={'zebra': 1},saved_frames/2026-05-28_09-59-14_activity_started.jpg
921e47cb-7a02-47e2-8f47-938cb8643c6b,2026-05-28 09:59:14,new_species_detected,species=zebra,saved_frames/2026-05-28_09-59-14_new_zebra.jpg
7bd53429-e206-4745-8b4b-5fd32cac0578,2026-05-28 09:59:14,activity_ended,scene became empty,saved_frames/2026-05-28_09-59-14_activity_ended.jpg
60d80b88-b6d5-4b95-8768-16058195ff18,2026-05-28 09:59:17,activity_started,counts={'zebra': 1},saved_frames/2026-05-28_09-59-17_activity_started.jpg
70fbbce0-ca97-43aa-8d84-4f12418167f3,2026-05-28 09:59:17,new_species_detected,species=zebra,saved_frames/2026-05-28_09-59-17_new_zebra.jpg
2ae91a39-11dc-434f-8ef2-cead56e1e2ac,2026-05-28 09:59:18,activity_ended,scene became empty,saved_frames/2026-05-28_09-59-18_activity_ended.jpg
4dc71281-5658-4d4f-af3b-d0f991343e73,2026-05-28 09:59:18,activity_started,counts={'zebra': 1},saved_frames/2026-05-28_09-59-18_activity_started.jpg
f7595379-a977-4be8-b1ce-0105209936e2,2026-05-28 09:59:18,new_species_detected,species=zebra,saved_frames/2026-05-28_09-59-18_new_zebra.jpg
7024f173-01e7-4eb4-9d57-eaf16762aacd,2026-05-28 09:59:19,activity_ended,scene became empty,saved_frames/2026-05-28_09-59-19_activity_ended.jpg
902a9eb6-7c70-4794-bc6f-47381d49f145,2026-05-28 10:00:02,activity_started,counts={'antelope_like': 1},saved_frames/2026-05-28_10-00-02_activity_started.jpg
f2338bde-1b32-4220-b333-543f9a49c8ad,2026-05-28 10:00:02,new_species_detected,species=antelope_like,saved_frames/2026-05-28_10-00-02_new_antelope_like.jpg
0dd59f36-e41d-450c-aca2-e58a67ca3ee0,2026-05-28 10:00:02,activity_ended,scene became empty,saved_frames/2026-05-28_10-00-02_activity_ended.jpg
392f7367-eb74-433b-ad93-37fbb07a00c5,2026-05-28 10:00:13,activity_started,counts={'bird': 1},saved_frames/2026-05-28_10-00-13_activity_started.jpg
8313f86f-aa34-46f5-8c24-e5ae4a3178d1,2026-05-28 10:00:13,new_species_detected,species=bird,saved_frames/2026-05-28_10-00-13_new_bird.jpg
31a25698-33cd-497b-91f8-52bd64200064,2026-05-28 10:00:13,activity_ended,scene became empty,saved_frames/2026-05-28_10-00-13_activity_ended.jpg
7b806e0e-eefd-4b8c-b705-49dafc7a85a7,2026-05-28 10:00:13,activity_started,counts={'bird': 1},saved_frames/2026-05-28_10-00-13_activity_started.jpg
cb1098b0-be3a-4127-9eb2-40219097bcf2,2026-05-28 10:00:13,new_species_detected,species=bird,saved_frames/2026-05-28_10-00-13_new_bird.jpg
c600a51d-ecac-4c49-8b1b-8a6e7451d286,2026-05-28 10:00:13,activity_ended,scene became empty,saved_frames/2026-05-28_10-00-13_activity_ended.jpg
d36da693-33cf-4e3f-9b0b-d49503469970,2026-05-28 10:00:13,activity_started,counts={'bird': 1},saved_frames/2026-05-28_10-00-13_activity_started.jpg
2735af91-7389-493f-a840-0f125d48072c,2026-05-28 10:00:13,new_species_detected,species=bird,saved_frames/2026-05-28_10-00-13_new_bird.jpg
0370fbbf-78bd-4642-aff5-b21c30042042,2026-05-28 10:00:13,activity_ended,scene became empty,saved_frames/2026-05-28_10-00-13_activity_ended.jpg
6bb2bc15-df7d-4775-a972-60966b04220d,2026-05-28 10:00:32,activity_started,counts={'bird': 1},saved_frames/2026-05-28_10-00-32_activity_started.jpg
3624024f-5636-4da5-a680-5f3afa8c0ada,2026-05-28 10:00:32,new_species_detected,species=bird,saved_frames/2026-05-28_10-00-32_new_bird.jpg
72cb6ad9-1c49-4356-9bfd-6c398c5555e2,2026-05-28 10:00:32,activity_ended,scene became empty,saved_frames/2026-05-28_10-00-32_activity_ended.jpg
7fa9a5af-dfec-41c9-bb33-b4cabedc05d3,2026-05-28 10:00:46,activity_started,counts={'bird': 1},saved_frames/2026-05-28_10-00-46_activity_started.jpg
196fee15-a8fd-4d70-b6c9-d2f28200bf9b,2026-05-28 10:00:46,new_species_detected,species=bird,saved_frames/2026-05-28_10-00-46_new_bird.jpg
e94a6546-42f4-4caf-8768-1ba3918d8fc7,2026-05-28 10:00:46,activity_ended,scene became empty,saved_frames/2026-05-28_10-00-46_activity_ended.jpg
254d294e-bc06-4200-b37a-cde8fe3143f4,2026-05-28 10:01:14,activity_started,counts={'bird': 1},saved_frames/2026-05-28_10-01-14_activity_started.jpg
29784103-72b5-4e48-8f1b-e82e1da4d5be,2026-05-28 10:01:14,new_species_detected,species=bird,saved_frames/2026-05-28_10-01-14_new_bird.jpg
bb30835b-22ce-4958-8f96-aa3304d660a4,2026-05-28 10:01:14,activity_ended,scene became empty,saved_frames/2026-05-28_10-01-14_activity_ended.jpg
8adaf1f4-83b0-4d44-a643-24d00aaf4fdf,2026-05-28 10:01:15,activity_started,counts={'bird': 1},saved_frames/2026-05-28_10-01-15_activity_started.jpg
9b4016e0-b5e0-47f1-aaba-4f99e2377aec,2026-05-28 10:01:15,new_species_detected,species=bird,saved_frames/2026-05-28_10-01-15_new_bird.jpg
dc0616bb-add7-44a9-b1c2-be3f55df0de2,2026-05-28 10:01:16,activity_ended,scene became empty,saved_frames/2026-05-28_10-01-16_activity_ended.jpg
90cfa2ff-b163-42b1-8d6e-29a45b061657,2026-05-28 10:01:16,activity_started,counts={'bird': 1},saved_frames/2026-05-28_10-01-16_activity_started.jpg
ee80c764-c323-4aed-b81b-a213cb0095c2,2026-05-28 10:01:16,new_species_detected,species=bird,saved_frames/2026-05-28_10-01-16_new_bird.jpg
992df81a-0d76-4a65-a662-fd4893211e13,2026-05-28 10:01:16,activity_ended,scene became empty,saved_frames/2026-05-28_10-01-16_activity_ended.jpg
fbbe7d9d-96d9-4721-baa7-5785d20e5541,2026-05-28 10:01:16,activity_started,counts={'bird': 1},saved_frames/2026-05-28_10-01-16_activity_started.jpg
76805f82-7217-4cbf-aaf4-42f9eab21019,2026-05-28 10:01:16,new_species_detected,species=bird,saved_frames/2026-05-28_10-01-16_new_bird.jpg
6220a6bd-b239-4062-97f9-1d78a1f2eca8,2026-05-28 10:01:16,activity_ended,scene became empty,saved_frames/2026-05-28_10-01-16_activity_ended.jpg
60ed9038-8137-4368-885f-816d4a3ec96e,2026-05-28 10:01:16,activity_started,counts={'bird': 1},saved_frames/2026-05-28_10-01-16_activity_started.jpg
7397eb33-5fbb-42ce-9a43-812387c16aea,2026-05-28 10:01:16,new_species_detected,species=bird,saved_frames/2026-05-28_10-01-16_new_bird.jpg
5c46db53-2086-4dde-bcf0-15e865025cee,2026-05-28 10:01:16,activity_ended,scene became empty,saved_frames/2026-05-28_10-01-16_activity_ended.jpg
b4f87ba4-35ce-4d33-a71d-c743b9b21ef7,2026-05-28 10:01:17,activity_started,counts={'bird': 1},saved_frames/2026-05-28_10-01-17_activity_started.jpg
fa549eef-a501-4dea-bc6c-4f53040327c1,2026-05-28 10:01:17,new_species_detected,species=bird,saved_frames/2026-05-28_10-01-17_new_bird.jpg
bd55ec31-abdd-4609-9068-7739ca793e10,2026-05-28 10:01:17,activity_ended,scene became empty,saved_frames/2026-05-28_10-01-17_activity_ended.jpg
fcb8e9ca-2cb2-458a-89fc-a75a613c968e,2026-05-28 10:01:18,activity_started,counts={'antelope_like': 1},saved_frames/2026-05-28_10-01-18_activity_started.jpg
77fd7098-7341-4ce6-b78d-6b6e935b4ab9,2026-05-28 10:01:18,new_species_detected,species=antelope_like,saved_frames/2026-05-28_10-01-18_new_antelope_like.jpg
535655d8-fe06-496f-872e-b0ee50c4353d,2026-05-28 10:01:18,activity_ended,scene became empty,saved_frames/2026-05-28_10-01-18_activity_ended.jpg
3389ecd0-0448-41c6-a00c-6696b6b7ecec,2026-05-28 10:01:19,activity_started,counts={'zebra': 1},saved_frames/2026-05-28_10-01-19_activity_started.jpg
a119b730-4bbd-4dc9-80a2-587c00ec6ab0,2026-05-28 10:01:19,new_species_detected,species=zebra,saved_frames/2026-05-28_10-01-19_new_zebra.jpg
98336e18-93dd-4ccf-9db0-a9270cb2ed92,2026-05-28 10:01:19,activity_ended,scene became empty,saved_frames/2026-05-28_10-01-19_activity_ended.jpg
e271fb54-ece7-4592-92fc-a68555eea8dc,2026-05-28 10:01:20,activity_started,counts={'bird': 1},saved_frames/2026-05-28_10-01-20_activity_started.jpg
42ffa178-de7d-43ca-b1b2-13279193e65f,2026-05-28 10:01:20,new_species_detected,species=bird,saved_frames/2026-05-28_10-01-20_new_bird.jpg
6e6b8ed0-3399-4586-aa73-b09e0da0e898,2026-05-28 10:01:20,activity_ended,scene became empty,saved_frames/2026-05-28_10-01-20_activity_ended.jpg
7f229b8f-a8e2-4401-861a-3c9b4cf4bf34,2026-05-28 10:01:23,activity_started,counts={'bird': 1},saved_frames/2026-05-28_10-01-23_activity_started.jpg
741a19d4-a86c-4d2f-b963-fd6bc8df34cf,2026-05-28 10:01:23,new_species_detected,species=bird,saved_frames/2026-05-28_10-01-23_new_bird.jpg
36d3ae8a-1eb3-491a-ac72-66d39059f267,2026-05-28 10:01:23,activity_ended,scene became empty,saved_frames/2026-05-28_10-01-23_activity_ended.jpg
8ff67f10-04ef-4bc8-97bd-633a7078119e,2026-05-28 10:01:23,activity_started,counts={'bird': 1},saved_frames/2026-05-28_10-01-23_activity_started.jpg
6d051abf-fa8c-4d4e-9bf4-3ff212c1d7ca,2026-05-28 10:01:23,new_species_detected,species=bird,saved_frames/2026-05-28_10-01-23_new_bird.jpg
4e8284f0-eb94-4ddc-8e7b-7bbcaf81d37c,2026-05-28 10:01:23,activity_ended,scene became empty,saved_frames/2026-05-28_10-01-23_activity_ended.jpg
6a51b208-544e-433d-8bc1-aaa54ee0602f,2026-05-28 10:01:56,activity_started,counts={'zebra': 1},saved_frames/2026-05-28_10-01-56_activity_started.jpg
2c74a6a6-cbef-4127-98ac-d6325a0e4c42,2026-05-28 10:01:56,new_species_detected,species=zebra,saved_frames/2026-05-28_10-01-56_new_zebra.jpg
1dffd3a3-2d03-4301-9785-f88f68e29aa9,2026-05-28 10:01:56,activity_ended,scene became empty,saved_frames/2026-05-28_10-01-56_activity_ended.jpg
47e27829-4ab5-4fc0-908b-9865d81edb1a,2026-05-28 10:01:56,activity_started,counts={'zebra': 1},saved_frames/2026-05-28_10-01-56_activity_started.jpg
32fc8f93-80d6-4932-9970-ed3e553f3dba,2026-05-28 10:01:56,new_species_detected,species=zebra,saved_frames/2026-05-28_10-01-56_new_zebra.jpg
ea33ea6e-ab4e-44f3-a739-9070293c6b14,2026-05-28 10:01:56,activity_ended,scene became empty,saved_frames/2026-05-28_10-01-56_activity_ended.jpg
c3b39105-71ed-4cee-9bca-9f97fe203ae8,2026-05-28 10:01:56,activity_started,counts={'zebra': 1},saved_frames/2026-05-28_10-01-56_activity_started.jpg
58a7182d-cc53-4766-a72c-658274393e2a,2026-05-28 10:01:56,new_species_detected,species=zebra,saved_frames/2026-05-28_10-01-56_new_zebra.jpg
84307dd4-3dac-46d7-abf5-ed763160a536,2026-05-28 10:01:57,activity_ended,scene became empty,saved_frames/2026-05-28_10-01-57_activity_ended.jpg
08fda1b5-016c-45a7-8af3-eb61956d3253,2026-05-28 10:01:58,activity_started,counts={'zebra': 2},saved_frames/2026-05-28_10-01-58_activity_started.jpg
f7b10298-8159-4169-b41d-c3ccc7a2b92e,2026-05-28 10:01:58,new_species_detected,species=zebra,saved_frames/2026-05-28_10-01-58_new_zebra.jpg
6c509480-46be-46b4-aa03-5b87af04482c,2026-05-28 10:01:58,activity_ended,scene became empty,saved_frames/2026-05-28_10-01-58_activity_ended.jpg
711c5539-56c2-4e74-93d1-37053e34709a,2026-05-28 10:02:09,activity_started,counts={'bird': 1},saved_frames/2026-05-28_10-02-09_activity_started.jpg
25fe47e3-f126-478c-ad36-52f025a4e88b,2026-05-28 10:02:09,new_species_detected,species=bird,saved_frames/2026-05-28_10-02-09_new_bird.jpg
fdba47c7-367e-4896-b72a-71a55114e7da,2026-05-28 10:02:09,activity_ended,scene became empty,saved_frames/2026-05-28_10-02-09_activity_ended.jpg
02f4103b-b367-4efb-b211-6b20b8911801,2026-05-29 06:32:46,activity_started,counts={'bird': 1},saved_frames/2026-05-29_06-32-46_activity_started.jpg
c7e43195-04e6-45cf-9c3b-12d4759e12dd,2026-05-29 06:32:46,new_species_detected,species=bird,saved_frames/2026-05-29_06-32-46_new_bird.jpg
427db7d5-997b-4891-ab06-085752646e87,2026-05-29 06:32:49,activity_ended,scene became empty,saved_frames/2026-05-29_06-32-49_activity_ended.jpg
23a99ccf-0728-412a-b14c-2ffc7bc2725c,2026-05-29 06:32:49,activity_started,counts={'bird': 1},saved_frames/2026-05-29_06-32-49_activity_started.jpg
9a98428d-8961-49ab-b4af-ea0c0c35eebc,2026-05-29 06:32:49,new_species_detected,species=bird,saved_frames/2026-05-29_06-32-49_new_bird.jpg
d00eee00-c10f-444d-9ff2-e981833d1ced,2026-05-29 06:32:49,activity_ended,scene became empty,saved_frames/2026-05-29_06-32-49_activity_ended.jpg
f69d9435-7274-4371-9f05-00d6457ea9c7,2026-05-29 06:32:50,activity_started,counts={'bird': 1},saved_frames/2026-05-29_06-32-50_activity_started.jpg
0711b8bb-796f-4ece-b464-746eb8f2168c,2026-05-29 06:32:50,new_species_detected,species=bird,saved_frames/2026-05-29_06-32-50_new_bird.jpg
664f9a7b-57a9-4bfd-b6f6-45be4e539fb6,2026-05-29 06:32:59,activity_ended,scene became empty,saved_frames/2026-05-29_06-32-59_activity_ended.jpg
8547cc0a-dd5c-4e1b-931d-022ee491989d,2026-05-29 06:32:59,activity_started,counts={'bird': 1},saved_frames/2026-05-29_06-32-59_activity_started.jpg
847b9c29-ac5a-4e27-88bf-eae52d584591,2026-05-29 06:32:59,new_species_detected,species=bird,saved_frames/2026-05-29_06-32-59_new_bird.jpg
9242569c-1f53-4475-a62f-bc4f5fc7513c,2026-05-29 06:32:59,activity_ended,scene became empty,saved_frames/2026-05-29_06-32-59_activity_ended.jpg
165b8a7e-c56e-40e7-856f-76b7fd076c3f,2026-05-29 06:32:59,activity_started,counts={'bird': 1},saved_frames/2026-05-29_06-32-59_activity_started.jpg
bf0dc3f3-1578-490d-98a7-21bbd4cec69b,2026-05-29 06:32:59,new_species_detected,species=bird,saved_frames/2026-05-29_06-32-59_new_bird.jpg
d01b59bc-8799-4240-a769-33ed63a312ff,2026-05-29 06:33:00,activity_ended,scene became empty,saved_frames/2026-05-29_06-33-00_activity_ended.jpg
ac04ff77-20fd-4719-bed9-35389bf2e1dc,2026-05-29 06:33:00,activity_started,counts={'bird': 1},saved_frames/2026-05-29_06-33-00_activity_started.jpg
550393d5-b0a8-42a0-b59a-11d12de7d6f9,2026-05-29 06:33:00,new_species_detected,species=bird,saved_frames/2026-05-29_06-33-00_new_bird.jpg
ff432b0e-9fb5-4b9e-95d8-4cc5ce811e6f,2026-05-29 06:33:03,activity_ended,scene became empty,saved_frames/2026-05-29_06-33-03_activity_ended.jpg
bb4f2c08-7219-4b90-8be1-ae1afa5a3760,2026-05-29 06:33:04,activity_started,counts={'bird': 1},saved_frames/2026-05-29_06-33-04_activity_started.jpg
230588a1-e7eb-4f06-8925-15bc98844359,2026-05-29 06:33:04,new_species_detected,species=bird,saved_frames/2026-05-29_06-33-04_new_bird.jpg
e760977d-2976-400e-a88b-f2779625f025,2026-05-29 06:33:09,activity_ended,scene became empty,saved_frames/2026-05-29_06-33-09_activity_ended.jpg
7172cf27-8d1b-4182-976e-97d940762622,2026-05-29 06:33:09,activity_started,counts={'bird': 1},saved_frames/2026-05-29_06-33-09_activity_started.jpg
349132d3-bbc3-48cc-8054-55b58e5e328b,2026-05-29 06:33:09,new_species_detected,species=bird,saved_frames/2026-05-29_06-33-09_new_bird.jpg
dc0b92da-1443-42e7-a784-5e9746593dd9,2026-05-29 06:33:12,activity_ended,scene became empty,saved_frames/2026-05-29_06-33-12_activity_ended.jpg
dac0b0df-342c-4781-ad0d-34426150a6cc,2026-05-29 06:33:12,activity_started,counts={'bird': 1},saved_frames/2026-05-29_06-33-12_activity_started.jpg
4265f6e6-3cf7-4dd8-9800-dcc3fcd78b93,2026-05-29 06:33:12,new_species_detected,species=bird,saved_frames/2026-05-29_06-33-12_new_bird.jpg
d3a12b1a-5a6f-42b8-9379-eb52eb22fbc2,2026-05-29 06:33:12,activity_ended,scene became empty,saved_frames/2026-05-29_06-33-12_activity_ended.jpg
63dd77a5-8a04-4a20-811d-d469b2569e33,2026-05-29 06:33:14,activity_started,counts={'bird': 1},saved_frames/2026-05-29_06-33-14_activity_started.jpg
476c29bd-f146-4884-aa6f-7626e9870d9d,2026-05-29 06:33:14,new_species_detected,species=bird,saved_frames/2026-05-29_06-33-14_new_bird.jpg
fa84ce46-a544-489b-b32d-f31ad84969e9,2026-05-29 06:33:14,activity_ended,scene became empty,saved_frames/2026-05-29_06-33-14_activity_ended.jpg
702d2992-6eb9-4fac-be78-4068da2c3169,2026-05-29 06:33:14,activity_started,counts={'bird': 2},saved_frames/2026-05-29_06-33-14_activity_started.jpg
5fbc5261-dc34-4cce-bcf9-04246ffb0dbe,2026-05-29 06:33:14,new_species_detected,species=bird,saved_frames/2026-05-29_06-33-14_new_bird.jpg
244632b0-eec4-4eb8-9393-e4e9708b7f12,2026-05-29 06:33:18,activity_ended,scene became empty,saved_frames/2026-05-29_06-33-18_activity_ended.jpg
ec55f4a8-b52f-41f1-8a5a-8922f0acecdd,2026-05-29 06:33:18,activity_started,counts={'bird': 1},saved_frames/2026-05-29_06-33-18_activity_started.jpg
c6621697-b759-4706-952e-9393e5ffb7fa,2026-05-29 06:33:18,new_species_detected,species=bird,saved_frames/2026-05-29_06-33-18_new_bird.jpg
103baecf-ed0c-432c-ab21-73d5a4c0b498,2026-05-29 06:33:19,activity_ended,scene became empty,saved_frames/2026-05-29_06-33-19_activity_ended.jpg
fa731a70-0d97-4df1-a838-ec55d4a1851c,2026-05-29 06:33:19,activity_started,counts={'bird': 1},saved_frames/2026-05-29_06-33-19_activity_started.jpg
d2ed07d2-c033-4543-8a5b-d4f94ee65d7f,2026-05-29 06:33:19,new_species_detected,species=bird,saved_frames/2026-05-29_06-33-19_new_bird.jpg
f022fda0-d992-4da6-bce9-4bdb5fed5fc7,2026-05-29 06:33:19,activity_ended,scene became empty,saved_frames/2026-05-29_06-33-19_activity_ended.jpg
8b3d1883-f496-4335-9858-4a900f54376a,2026-05-29 06:33:20,activity_started,counts={'bird': 1},saved_frames/2026-05-29_06-33-20_activity_started.jpg
f192d6d9-e9a9-4805-8fd8-80fb35455866,2026-05-29 06:33:20,new_species_detected,species=bird,saved_frames/2026-05-29_06-33-20_new_bird.jpg
461032a6-02d1-4edb-aacf-c5032042c2dd,2026-05-29 06:33:20,activity_ended,scene became empty,saved_frames/2026-05-29_06-33-20_activity_ended.jpg
208eabc3-6bfd-4378-a722-424bedf88de0,2026-05-29 06:33:21,activity_started,counts={'bird': 1},saved_frames/2026-05-29_06-33-21_activity_started.jpg
6bc0e385-f166-415a-940d-8bf01266c5bd,2026-05-29 06:33:21,new_species_detected,species=bird,saved_frames/2026-05-29_06-33-21_new_bird.jpg
e541c167-0cdc-421e-a999-bf2512b484fc,2026-05-29 06:33:22,activity_ended,scene became empty,saved_frames/2026-05-29_06-33-22_activity_ended.jpg
d3789630-bde6-4a33-932f-a018c784d5b7,2026-05-29 06:33:22,activity_started,counts={'bird': 1},saved_frames/2026-05-29_06-33-22_activity_started.jpg
f6692abd-5791-42b1-8db5-add0143d71a4,2026-05-29 06:33:22,new_species_detected,species=bird,saved_frames/2026-05-29_06-33-22_new_bird.jpg
48e182e9-4c09-40bf-ad5a-b53f17316e4d,2026-05-29 06:33:22,activity_ended,scene became empty,saved_frames/2026-05-29_06-33-22_activity_ended.jpg
67979a0a-db3e-4415-8e6f-6858ba40467a,2026-05-29 06:33:24,activity_started,counts={'bird': 1},saved_frames/2026-05-29_06-33-24_activity_started.jpg
8b5e3506-d0ca-42fd-b693-b1a99624d0c8,2026-05-29 06:33:24,new_species_detected,species=bird,saved_frames/2026-05-29_06-33-24_new_bird.jpg
bfff234b-64c2-4a15-b3fa-52d89636bf46,2026-05-29 06:33:24,activity_ended,scene became empty,saved_frames/2026-05-29_06-33-24_activity_ended.jpg
f20c809b-0787-4da0-9d66-d523ed869ed7,2026-05-29 06:33:25,activity_started,counts={'bird': 1},saved_frames/2026-05-29_06-33-25_activity_started.jpg
6df9ea26-ed40-4d51-b629-dc11c4fb9155,2026-05-29 06:33:25,new_species_detected,species=bird,saved_frames/2026-05-29_06-33-25_new_bird.jpg
e9f2e683-5a61-4136-821a-4220591b7403,2026-05-29 06:33:26,activity_ended,scene became empty,saved_frames/2026-05-29_06-33-26_activity_ended.jpg
3ff11e1e-8cf4-4be3-946d-909d080f4a9b,2026-05-29 06:33:27,activity_started,counts={'bird': 1},saved_frames/2026-05-29_06-33-27_activity_started.jpg
2dc31705-e933-4d6c-ba43-7b5688f1466d,2026-05-29 06:33:27,new_species_detected,species=bird,saved_frames/2026-05-29_06-33-27_new_bird.jpg
67891702-3f55-4d81-89a4-2b042cee93f5,2026-05-29 06:33:27,activity_ended,scene became empty,saved_frames/2026-05-29_06-33-27_activity_ended.jpg
1434e0ab-0ae0-4a78-85b5-196bd4280110,2026-05-29 06:33:27,activity_started,counts={'bird': 1},saved_frames/2026-05-29_06-33-27_activity_started.jpg
5cb79044-001d-45cb-83c5-9c58cb442815,2026-05-29 06:33:27,new_species_detected,species=bird,saved_frames/2026-05-29_06-33-27_new_bird.jpg
10c219d7-6eb9-4ad2-9ad2-773b96c4fc35,2026-05-29 06:33:27,activity_ended,scene became empty,saved_frames/2026-05-29_06-33-27_activity_ended.jpg
5ec37847-421d-48b4-a66a-bd6082dc733c,2026-05-29 06:33:28,activity_started,counts={'bird': 1},saved_frames/2026-05-29_06-33-28_activity_started.jpg
2722f140-3861-4c84-ae12-4002e9839356,2026-05-29 06:33:28,new_species_detected,species=bird,saved_frames/2026-05-29_06-33-28_new_bird.jpg
0c5caab9-6bfc-4199-a6d1-8b48fa91d486,2026-05-29 06:33:29,activity_ended,scene became empty,saved_frames/2026-05-29_06-33-29_activity_ended.jpg
7aa36ddb-721d-4c18-ba66-524eb87ce035,2026-05-29 06:33:29,activity_started,counts={'bird': 1},saved_frames/2026-05-29_06-33-29_activity_started.jpg
afe445bc-531c-4add-916a-1eff6095d2b6,2026-05-29 06:33:29,new_species_detected,species=bird,saved_frames/2026-05-29_06-33-29_new_bird.jpg
df1b26a4-6d25-491c-bd6b-e47dc755df00,2026-05-29 06:33:30,activity_ended,scene became empty,saved_frames/2026-05-29_06-33-30_activity_ended.jpg
64c3f96c-ffba-403c-a956-4e3b78862396,2026-05-29 06:33:31,activity_started,counts={'bird': 1},saved_frames/2026-05-29_06-33-31_activity_started.jpg
47c35c4d-5cef-4114-8e67-2bfd61d457e6,2026-05-29 06:33:31,new_species_detected,species=bird,saved_frames/2026-05-29_06-33-31_new_bird.jpg
ec219273-8c4b-4261-83c9-f75abe140f09,2026-05-29 06:33:31,activity_ended,scene became empty,saved_frames/2026-05-29_06-33-31_activity_ended.jpg
8f61b0aa-7ee3-4fda-bcbb-5c65563ce264,2026-05-29 06:33:32,activity_started,counts={'bird': 1},saved_frames/2026-05-29_06-33-32_activity_started.jpg
3cc4a220-b4a6-44a4-a4fa-8fcf48a09a23,2026-05-29 06:33:32,new_species_detected,species=bird,saved_frames/2026-05-29_06-33-32_new_bird.jpg
bdd4a36e-803e-4b88-a0ec-47bcb61cc8d1,2026-05-29 06:33:32,activity_ended,scene became empty,saved_frames/2026-05-29_06-33-32_activity_ended.jpg
1c505aac-671b-4a17-8faf-7b27abc796f5,2026-05-29 06:33:32,activity_started,counts={'bird': 2},saved_frames/2026-05-29_06-33-32_activity_started.jpg
62020dd1-a9a3-48a2-9475-c715bbe1c5c5,2026-05-29 06:33:32,new_species_detected,species=bird,saved_frames/2026-05-29_06-33-32_new_bird.jpg
468eb853-558b-4449-bbe6-253852a050d8,2026-05-29 06:33:32,activity_ended,scene became empty,saved_frames/2026-05-29_06-33-32_activity_ended.jpg
7b6b6f24-137d-44c6-99fa-8886a84a315d,2026-05-29 06:33:32,activity_started,counts={'bird': 2},saved_frames/2026-05-29_06-33-32_activity_started.jpg
837bb5f8-1ef2-4f3a-a659-cfa4df9dc62c,2026-05-29 06:33:32,new_species_detected,species=bird,saved_frames/2026-05-29_06-33-32_new_bird.jpg
d15fbfcc-5028-46cc-98f9-87b84f937b49,2026-05-29 06:33:32,activity_ended,scene became empty,saved_frames/2026-05-29_06-33-32_activity_ended.jpg
1b9b64f0-3171-45be-8760-3889f40a718f,2026-05-29 06:33:34,activity_started,counts={'bird': 1},saved_frames/2026-05-29_06-33-34_activity_started.jpg
58e4233b-4087-42df-a71f-ce26cbda1b30,2026-05-29 06:33:34,new_species_detected,species=bird,saved_frames/2026-05-29_06-33-34_new_bird.jpg
541eac11-6610-4ad8-9b45-d2526ec77fe7,2026-05-29 06:33:34,activity_ended,scene became empty,saved_frames/2026-05-29_06-33-34_activity_ended.jpg
dad41d70-a881-4057-aae4-678963e897dd,2026-05-29 06:33:37,activity_started,counts={'bird': 1},saved_frames/2026-05-29_06-33-37_activity_started.jpg
220670f8-4d93-466e-8824-1c08ff601262,2026-05-29 06:33:37,new_species_detected,species=bird,saved_frames/2026-05-29_06-33-37_new_bird.jpg
f6211514-13df-471c-a008-fd091246f993,2026-05-29 06:33:37,activity_ended,scene became empty,saved_frames/2026-05-29_06-33-37_activity_ended.jpg
fb8c119d-88a8-48a6-903e-9fbbc37cf727,2026-05-29 06:33:38,activity_started,counts={'bird': 1},saved_frames/2026-05-29_06-33-38_activity_started.jpg
d8383cc7-71cc-4864-9cb0-d740b2115d6b,2026-05-29 06:33:38,new_species_detected,species=bird,saved_frames/2026-05-29_06-33-38_new_bird.jpg
0442e03e-5658-4caa-9e54-335dc4eaf592,2026-05-29 06:33:38,activity_ended,scene became empty,saved_frames/2026-05-29_06-33-38_activity_ended.jpg
32b1e2cd-ee98-4eed-974b-27e0d6513fe1,2026-05-29 06:33:38,activity_started,counts={'bird': 1},saved_frames/2026-05-29_06-33-38_activity_started.jpg
4e8e75d1-11eb-4f38-92f1-b938ad43e9cd,2026-05-29 06:33:38,new_species_detected,species=bird,saved_frames/2026-05-29_06-33-38_new_bird.jpg
fe72d042-23d0-44c3-b5e3-e66574089771,2026-05-29 06:33:39,activity_ended,scene became empty,saved_frames/2026-05-29_06-33-39_activity_ended.jpg
efb04625-96d2-4d37-9f3e-f3ef60bef191,2026-05-29 06:33:39,activity_started,counts={'bird': 1},saved_frames/2026-05-29_06-33-39_activity_started.jpg
cb1968fc-ea8a-473f-b951-f20db5e88eae,2026-05-29 06:33:39,new_species_detected,species=bird,saved_frames/2026-05-29_06-33-39_new_bird.jpg
2ca58ded-dd99-4626-ba92-bc0c0722ebac,2026-05-29 06:33:42,activity_ended,scene became empty,saved_frames/2026-05-29_06-33-42_activity_ended.jpg
82f15e52-d0b9-4189-a4a4-559637eb2983,2026-05-29 06:33:42,activity_started,counts={'bird': 1},saved_frames/2026-05-29_06-33-42_activity_started.jpg
e23ea602-dcc4-44c8-ace0-3034892d1412,2026-05-29 06:33:42,new_species_detected,species=bird,saved_frames/2026-05-29_06-33-42_new_bird.jpg
0356fafd-bdfb-48f6-ab13-3bcba3394a1f,2026-05-29 06:33:43,activity_ended,scene became empty,saved_frames/2026-05-29_06-33-43_activity_ended.jpg
849c1c83-8de9-478b-ae5a-b6da7a91f67c,2026-05-29 06:33:43,activity_started,counts={'bird': 1},saved_frames/2026-05-29_06-33-43_activity_started.jpg
371c08ec-c023-484a-90fa-9d0ea04962d4,2026-05-29 06:33:43,new_species_detected,species=bird,saved_frames/2026-05-29_06-33-43_new_bird.jpg
163f31f5-fcb0-42e6-8ebb-0de217e90767,2026-05-29 06:33:52,activity_ended,scene became empty,saved_frames/2026-05-29_06-33-52_activity_ended.jpg
3d6d6255-4cb7-46ea-af31-a22106a141bf,2026-05-29 06:33:52,activity_started,counts={'bird': 1},saved_frames/2026-05-29_06-33-52_activity_started.jpg
1f9e7fcb-77a4-47b0-8d2e-376ea17fe898,2026-05-29 06:33:52,new_species_detected,species=bird,saved_frames/2026-05-29_06-33-52_new_bird.jpg
30a50af8-119e-47fd-969c-3185d8e1dc4c,2026-05-29 06:33:53,activity_ended,scene became empty,saved_frames/2026-05-29_06-33-53_activity_ended.jpg
3aafbe09-2295-4a50-97d3-7ccef37c7916,2026-05-29 06:33:53,activity_started,counts={'bird': 1},saved_frames/2026-05-29_06-33-53_activity_started.jpg
683b7656-0021-4d39-a1eb-c18a6090523e,2026-05-29 06:33:53,new_species_detected,species=bird,saved_frames/2026-05-29_06-33-53_new_bird.jpg
ae71bed5-575c-4b09-8bf2-204f9d45a8fb,2026-05-29 06:33:55,activity_ended,scene became empty,saved_frames/2026-05-29_06-33-55_activity_ended.jpg
a3953ab2-e603-4e68-bd50-77666e2d7b41,2026-05-29 06:33:55,activity_started,counts={'bird': 1},saved_frames/2026-05-29_06-33-55_activity_started.jpg
0fab3e72-11aa-4270-9907-c10f7eeb7e2c,2026-05-29 06:33:55,new_species_detected,species=bird,saved_frames/2026-05-29_06-33-55_new_bird.jpg
90233e98-65f1-454c-a12b-c22fa28eee2c,2026-05-29 06:33:55,activity_ended,scene became empty,saved_frames/2026-05-29_06-33-55_activity_ended.jpg
981066d2-ed3b-4322-9928-cf87d4661e4b,2026-05-29 06:33:55,activity_started,counts={'bird': 1},saved_frames/2026-05-29_06-33-55_activity_started.jpg
dcb639b3-e661-4af4-948c-07d3a2ed7830,2026-05-29 06:33:55,new_species_detected,species=bird,saved_frames/2026-05-29_06-33-55_new_bird.jpg
323897d7-c67d-401a-9208-ebcc5f5076cd,2026-05-29 06:33:55,activity_ended,scene became empty,saved_frames/2026-05-29_06-33-55_activity_ended.jpg
ef1b1d6f-a9c7-4e6e-a35b-3267cff83647,2026-05-29 06:33:56,activity_started,counts={'bird': 1},saved_frames/2026-05-29_06-33-56_activity_started.jpg
aaf042e6-c338-4123-a349-642c1417c5f6,2026-05-29 06:33:56,new_species_detected,species=bird,saved_frames/2026-05-29_06-33-56_new_bird.jpg
d9654848-72c2-43eb-a525-067795483f64,2026-05-29 06:33:59,activity_ended,scene became empty,saved_frames/2026-05-29_06-33-59_activity_ended.jpg
3b605ba5-ad61-445d-9ccd-48ca96a2efc9,2026-05-29 06:33:59,activity_started,counts={'bird': 1},saved_frames/2026-05-29_06-33-59_activity_started.jpg
7c3e6bf5-fb82-4296-bb62-8d4e4ff4464c,2026-05-29 06:33:59,new_species_detected,species=bird,saved_frames/2026-05-29_06-33-59_new_bird.jpg
451ca0dc-d69b-46de-840d-491c99405e07,2026-05-29 06:33:59,new_species_detected,species=antelope_like,saved_frames/2026-05-29_06-33-59_new_antelope_like.jpg
601296ed-12ee-4a75-8f47-e1de98d729b3,2026-05-29 06:33:59,new_species_detected,species=bird,saved_frames/2026-05-29_06-33-59_new_bird.jpg
8386e50a-3836-491f-b000-3e5a524a63cf,2026-05-29 06:34:00,activity_ended,scene became empty,saved_frames/2026-05-29_06-34-00_activity_ended.jpg
3cfeebbb-4a43-4b69-ae00-6be54f19a5eb,2026-05-29 06:34:01,activity_started,counts={'bird': 1},saved_frames/2026-05-29_06-34-01_activity_started.jpg
a188795c-2998-45ab-ad7b-255bf3db405a,2026-05-29 06:34:01,new_species_detected,species=bird,saved_frames/2026-05-29_06-34-01_new_bird.jpg
dac7d86e-c86d-4546-8f70-3c19496c62b6,2026-05-29 06:34:01,activity_ended,scene became empty,saved_frames/2026-05-29_06-34-01_activity_ended.jpg
f97362b1-68ad-4911-b958-ae842b63b345,2026-05-29 06:34:01,activity_started,counts={'bird': 1},saved_frames/2026-05-29_06-34-01_activity_started.jpg
d8265a54-79c4-4734-9ec3-a81fbdc83425,2026-05-29 06:34:01,new_species_detected,species=bird,saved_frames/2026-05-29_06-34-01_new_bird.jpg
c1d8a906-c2eb-4f98-b63a-af989c822958,2026-05-29 06:34:01,activity_ended,scene became empty,saved_frames/2026-05-29_06-34-01_activity_ended.jpg
20a19d58-0c0d-424a-973c-583df57889fa,2026-05-29 06:34:01,activity_started,counts={'bird': 1},saved_frames/2026-05-29_06-34-01_activity_started.jpg
27dc7475-355a-4a38-bde8-e44373ae2681,2026-05-29 06:34:01,new_species_detected,species=bird,saved_frames/2026-05-29_06-34-01_new_bird.jpg
33ba822f-1883-4429-9a73-80424975564f,2026-05-29 06:34:02,activity_ended,scene became empty,saved_frames/2026-05-29_06-34-02_activity_ended.jpg
9782f59d-187e-41c3-b1cd-dfdd2b74a2be,2026-05-29 06:34:02,activity_started,counts={'bird': 1},saved_frames/2026-05-29_06-34-02_activity_started.jpg
b9dfd7ea-20c5-4a0c-94aa-c6c88fedb70d,2026-05-29 06:34:02,new_species_detected,species=bird,saved_frames/2026-05-29_06-34-02_new_bird.jpg
f4e3aa3d-7b82-4cb3-ab12-ce5cc97ee336,2026-05-29 06:34:02,activity_ended,scene became empty,saved_frames/2026-05-29_06-34-02_activity_ended.jpg
c677610b-1b43-4c0b-9f5f-034d577e7897,2026-05-29 06:34:02,activity_started,counts={'bird': 2},saved_frames/2026-05-29_06-34-02_activity_started.jpg
2509fc9d-e564-4021-acdc-28f6a6afc9aa,2026-05-29 06:34:02,new_species_detected,species=bird,saved_frames/2026-05-29_06-34-02_new_bird.jpg
5ea5db78-1f08-46c3-b80d-495755d71c01,2026-05-29 06:34:03,activity_ended,scene became empty,saved_frames/2026-05-29_06-34-03_activity_ended.jpg
1a59da1a-b885-45dc-ba1d-0caa86b70155,2026-05-29 06:34:03,activity_started,counts={'bird': 1},saved_frames/2026-05-29_06-34-03_activity_started.jpg
e0b5f54a-519e-45c9-a2e6-362973225744,2026-05-29 06:34:03,new_species_detected,species=bird,saved_frames/2026-05-29_06-34-03_new_bird.jpg
f9efd6f0-1d0a-41b1-8c7d-b2ad9f35d374,2026-05-29 06:34:04,activity_ended,scene became empty,saved_frames/2026-05-29_06-34-04_activity_ended.jpg
165bb41a-12e7-4734-83c7-080929053336,2026-05-29 06:34:04,activity_started,counts={'bird': 1},saved_frames/2026-05-29_06-34-04_activity_started.jpg
fd6fb279-9537-43d3-92bf-2d7fe6a4d889,2026-05-29 06:34:04,new_species_detected,species=bird,saved_frames/2026-05-29_06-34-04_new_bird.jpg
9ae9f397-c598-4320-8c12-160f21af3da0,2026-05-29 06:34:05,activity_ended,scene became empty,saved_frames/2026-05-29_06-34-05_activity_ended.jpg
3432fa16-1015-4352-ba3b-3b8ff372086a,2026-05-29 06:34:05,activity_started,counts={'bird': 1},saved_frames/2026-05-29_06-34-05_activity_started.jpg
ca2d548a-9d37-4a46-afe9-4496cf7d0ddd,2026-05-29 06:34:05,new_species_detected,species=bird,saved_frames/2026-05-29_06-34-05_new_bird.jpg
e72878f3-44f6-4a35-84c9-a123368e0ae9,2026-05-29 06:34:05,activity_ended,scene became empty,saved_frames/2026-05-29_06-34-05_activity_ended.jpg
b0e46327-6deb-4c9b-a6ce-a2b15b17e984,2026-05-29 06:34:05,activity_started,counts={'bird': 1},saved_frames/2026-05-29_06-34-05_activity_started.jpg
aaf8c94e-60e5-4b6c-a6a7-731e4cb32b6d,2026-05-29 06:34:05,new_species_detected,species=bird,saved_frames/2026-05-29_06-34-05_new_bird.jpg
c6988e71-7ef6-48a9-b372-f7b4f4efa71f,2026-05-29 06:34:05,activity_ended,scene became empty,saved_frames/2026-05-29_06-34-05_activity_ended.jpg
ff9fd24b-2b4f-4b37-9081-fb9da53fe47f,2026-05-29 06:34:06,activity_started,counts={'bird': 2},saved_frames/2026-05-29_06-34-06_activity_started.jpg
84fca4f9-aa03-401c-99cc-f2d17c7e24ca,2026-05-29 06:34:06,new_species_detected,species=bird,saved_frames/2026-05-29_06-34-06_new_bird.jpg
3086f169-40e5-4efc-a524-24f98dc0e1f9,2026-05-29 06:34:10,activity_ended,scene became empty,saved_frames/2026-05-29_06-34-10_activity_ended.jpg
d2e1017b-7ccf-487f-9782-a40ce58ab321,2026-05-29 06:34:10,activity_started,counts={'bird': 1},saved_frames/2026-05-29_06-34-10_activity_started.jpg
d7ab23b8-5f72-4207-b499-ca87dc29c3f9,2026-05-29 06:34:10,new_species_detected,species=bird,saved_frames/2026-05-29_06-34-10_new_bird.jpg
f6811ecd-6ae4-4719-b921-24cdbae0c643,2026-05-29 06:34:11,activity_ended,scene became empty,saved_frames/2026-05-29_06-34-11_activity_ended.jpg
0797a5c7-1044-457f-b453-41e4a560ccca,2026-05-29 06:34:11,activity_started,counts={'bird': 1},saved_frames/2026-05-29_06-34-11_activity_started.jpg
6e343f1a-bbdb-483e-98dd-b18027541efd,2026-05-29 06:34:11,new_species_detected,species=bird,saved_frames/2026-05-29_06-34-11_new_bird.jpg
3d58dea6-3e3f-4dfa-876e-70a12a13f9b2,2026-05-29 06:34:12,activity_ended,scene became empty,saved_frames/2026-05-29_06-34-12_activity_ended.jpg
52993728-7259-4b7e-aa76-b0ed1d5d41b6,2026-05-29 06:34:12,activity_started,counts={'bird': 1},saved_frames/2026-05-29_06-34-12_activity_started.jpg
1fc9e92a-4382-4917-9ee8-39774c0cf128,2026-05-29 06:34:12,new_species_detected,species=bird,saved_frames/2026-05-29_06-34-12_new_bird.jpg
71c9b2a5-8683-43ab-a4c9-d02bf1db546b,2026-05-29 06:34:13,activity_ended,scene became empty,saved_frames/2026-05-29_06-34-13_activity_ended.jpg
d5a9ddc2-5bc7-45ac-9455-cb8267b0bee0,2026-05-29 06:34:14,activity_started,counts={'bird': 1},saved_frames/2026-05-29_06-34-14_activity_started.jpg
19f0252f-6e47-4d25-8bbd-91f45c977c7c,2026-05-29 06:34:14,new_species_detected,species=bird,saved_frames/2026-05-29_06-34-14_new_bird.jpg
e5afd09d-c0ee-4fba-b1e5-495633447b09,2026-05-29 06:34:14,activity_ended,scene became empty,saved_frames/2026-05-29_06-34-14_activity_ended.jpg
aac7a097-0b8e-4322-b729-185a2d413562,2026-05-29 06:34:15,activity_started,counts={'bird': 1},saved_frames/2026-05-29_06-34-15_activity_started.jpg
ea79f527-d117-4a04-adbc-b0c4a60716ff,2026-05-29 06:34:15,new_species_detected,species=bird,saved_frames/2026-05-29_06-34-15_new_bird.jpg
768ce08f-5553-4e45-83b5-a1d0beb5bbf2,2026-05-29 06:34:15,activity_ended,scene became empty,saved_frames/2026-05-29_06-34-15_activity_ended.jpg
84e5ce75-9f21-4ae4-874e-ddcd17e7b849,2026-05-29 06:34:15,activity_started,counts={'bird': 1},saved_frames/2026-05-29_06-34-15_activity_started.jpg
1b93f4c2-d6fd-4539-8bcd-aa151329d705,2026-05-29 06:34:15,new_species_detected,species=bird,saved_frames/2026-05-29_06-34-15_new_bird.jpg
7ce6e6ff-ee47-4d75-9f96-97187cbbf497,2026-05-29 06:34:15,activity_ended,scene became empty,saved_frames/2026-05-29_06-34-15_activity_ended.jpg
521cf9b8-1807-42a1-8830-45453183fafb,2026-05-29 06:34:16,activity_started,counts={'bird': 1},saved_frames/2026-05-29_06-34-16_activity_started.jpg
f06f8ed2-aeab-4223-b78c-4478db301891,2026-05-29 06:34:16,new_species_detected,species=bird,saved_frames/2026-05-29_06-34-16_new_bird.jpg
dcae182c-a376-4c12-8d28-afc244d9553a,2026-05-29 06:34:16,activity_ended,scene became empty,saved_frames/2026-05-29_06-34-16_activity_ended.jpg
2a6f8ab2-c711-4bbf-8179-3995563e7327,2026-05-29 06:34:16,activity_started,counts={'bird': 1},saved_frames/2026-05-29_06-34-16_activity_started.jpg
1e4d5d2d-4813-4bfc-b07f-9fe7104c25af,2026-05-29 06:34:16,new_species_detected,species=bird,saved_frames/2026-05-29_06-34-16_new_bird.jpg
b6f4b37a-1799-4afe-95ac-e663cfb5b776,2026-05-29 06:34:16,activity_ended,scene became empty,saved_frames/2026-05-29_06-34-16_activity_ended.jpg
576e1533-de18-4d8d-a7bc-079dcc052e63,2026-05-29 06:34:16,activity_started,counts={'bird': 1},saved_frames/2026-05-29_06-34-16_activity_started.jpg
fd29da01-c6b9-46df-bfed-6d3c36bbeedc,2026-05-29 06:34:16,new_species_detected,species=bird,saved_frames/2026-05-29_06-34-16_new_bird.jpg
ba234d8e-0e32-4e18-8d0a-e2db4de1ab18,2026-05-29 06:34:17,activity_ended,scene became empty,saved_frames/2026-05-29_06-34-17_activity_ended.jpg
229caa63-6891-4f94-8bd8-6de5cfda1ce7,2026-05-29 06:34:17,activity_started,counts={'bird': 1},saved_frames/2026-05-29_06-34-17_activity_started.jpg
28fac2a5-fe2d-4220-8ad0-6ca2df155721,2026-05-29 06:34:17,new_species_detected,species=bird,saved_frames/2026-05-29_06-34-17_new_bird.jpg
8de0adb9-0eeb-45d6-97cf-a3e2ae7b110d,2026-05-29 06:34:18,activity_ended,scene became empty,saved_frames/2026-05-29_06-34-18_activity_ended.jpg
b5944ffb-1459-42ed-a9d9-f7e91c62244d,2026-05-29 06:34:18,activity_started,counts={'bird': 1},saved_frames/2026-05-29_06-34-18_activity_started.jpg
df9b1578-e7eb-4f00-9d57-2ecb0681be12,2026-05-29 06:34:18,new_species_detected,species=bird,saved_frames/2026-05-29_06-34-18_new_bird.jpg
05932295-3cba-4b7c-a8ec-2613b9d530b0,2026-05-29 06:34:19,activity_ended,scene became empty,saved_frames/2026-05-29_06-34-19_activity_ended.jpg
5d6352af-7edf-4fbe-b94b-025fa9d86e7d,2026-05-29 06:34:19,activity_started,counts={'bird': 1},saved_frames/2026-05-29_06-34-19_activity_started.jpg
58852bdf-5044-48eb-ad1d-f9df451114fd,2026-05-29 06:34:19,new_species_detected,species=bird,saved_frames/2026-05-29_06-34-19_new_bird.jpg
ecefa321-465a-4121-918e-b01a42772ed6,2026-05-29 06:34:21,activity_ended,scene became empty,saved_frames/2026-05-29_06-34-21_activity_ended.jpg
cfbc9817-b975-4d05-8907-132725c8084c,2026-05-29 06:34:21,activity_started,counts={'bird': 1},saved_frames/2026-05-29_06-34-21_activity_started.jpg
bd0db7ac-f41c-4b3d-9165-457a763d889c,2026-05-29 06:34:21,new_species_detected,species=bird,saved_frames/2026-05-29_06-34-21_new_bird.jpg
670b8a2b-b960-413c-b905-560f5d923341,2026-05-29 06:34:23,activity_ended,scene became empty,saved_frames/2026-05-29_06-34-23_activity_ended.jpg
3f5a3476-c611-445b-9b6a-346a051b2515,2026-05-29 06:34:23,activity_started,counts={'bird': 1},saved_frames/2026-05-29_06-34-23_activity_started.jpg
527faaa4-d070-4fee-b79f-f2adfb8a1646,2026-05-29 06:34:23,new_species_detected,species=bird,saved_frames/2026-05-29_06-34-23_new_bird.jpg
36aed354-d303-4bf7-94b7-30c634ebc241,2026-05-29 06:34:23,activity_ended,scene became empty,saved_frames/2026-05-29_06-34-23_activity_ended.jpg
cf242805-fd5c-4d36-9c90-b83da83479af,2026-05-29 06:34:23,activity_started,counts={'bird': 1},saved_frames/2026-05-29_06-34-23_activity_started.jpg
e3eeaff6-3994-4c85-954d-d92c5a885dcd,2026-05-29 06:34:23,new_species_detected,species=bird,saved_frames/2026-05-29_06-34-23_new_bird.jpg
55941cc3-f2c2-45db-83d3-3439879e8b2b,2026-05-29 06:34:27,activity_ended,scene became empty,saved_frames/2026-05-29_06-34-27_activity_ended.jpg
986c4e09-ca78-4ee1-8f21-6cd2bacce2c3,2026-05-29 06:34:27,activity_started,counts={'bird': 1},saved_frames/2026-05-29_06-34-27_activity_started.jpg
4deb0062-0700-4e2a-ae88-7a8b2ed5a735,2026-05-29 06:34:27,new_species_detected,species=bird,saved_frames/2026-05-29_06-34-27_new_bird.jpg
2172d2e3-4ae0-4069-892f-51794eb3f92f,2026-05-29 06:34:27,activity_ended,scene became empty,saved_frames/2026-05-29_06-34-27_activity_ended.jpg
aa2ddca3-8df7-4124-9a0e-0d4a42325e6a,2026-05-29 06:34:27,activity_started,counts={'bird': 1},saved_frames/2026-05-29_06-34-27_activity_started.jpg
f8906497-4aba-4ca7-9e2d-51ccb2edcba2,2026-05-29 06:34:27,new_species_detected,species=bird,saved_frames/2026-05-29_06-34-27_new_bird.jpg
0c5a25fd-8252-430f-85de-2d66c0cdf978,2026-05-29 06:34:29,activity_ended,scene became empty,saved_frames/2026-05-29_06-34-29_activity_ended.jpg
94f3d151-ab2d-4e5a-8b17-0020c413d227,2026-05-29 06:34:29,activity_started,counts={'bird': 1},saved_frames/2026-05-29_06-34-29_activity_started.jpg
92f08c1c-4dd1-4815-9612-15aac6d36e88,2026-05-29 06:34:29,new_species_detected,species=bird,saved_frames/2026-05-29_06-34-29_new_bird.jpg
0f1acc51-e071-493d-8118-9d093730c320,2026-05-29 06:34:29,activity_ended,scene became empty,saved_frames/2026-05-29_06-34-29_activity_ended.jpg
70b50f0d-ae75-4e65-be93-9c4003f7a800,2026-05-29 06:34:29,activity_started,counts={'bird': 1},saved_frames/2026-05-29_06-34-29_activity_started.jpg
6f50eca1-6900-4575-b03c-a456b8a4beec,2026-05-29 06:34:29,new_species_detected,species=bird,saved_frames/2026-05-29_06-34-29_new_bird.jpg
62c9cecf-7a98-4e28-9e91-3ab700d59c1b,2026-05-29 06:34:30,activity_ended,scene became empty,saved_frames/2026-05-29_06-34-30_activity_ended.jpg
142970d9-57d1-45ce-9a23-7031a35021a3,2026-05-29 06:34:30,activity_started,counts={'bird': 1},saved_frames/2026-05-29_06-34-30_activity_started.jpg
f5ad345f-d18d-42c0-823c-1f6fa667d8b8,2026-05-29 06:34:30,new_species_detected,species=bird,saved_frames/2026-05-29_06-34-30_new_bird.jpg
7425bfda-31aa-4160-bda8-2cfa40211ed0,2026-05-29 06:34:30,activity_ended,scene became empty,saved_frames/2026-05-29_06-34-30_activity_ended.jpg
d229ecd0-5d79-4ddf-9498-04e211279c63,2026-05-29 06:34:31,activity_started,counts={'antelope_like': 1},saved_frames/2026-05-29_06-34-31_activity_started.jpg
d8addad2-fc7d-4867-8f19-a0b7916858d0,2026-05-29 06:34:31,new_species_detected,species=antelope_like,saved_frames/2026-05-29_06-34-31_new_antelope_like.jpg
a5c9c5f7-5f28-4b5f-8dc3-7bdf9faa986b,2026-05-29 06:34:32,activity_ended,scene became empty,saved_frames/2026-05-29_06-34-32_activity_ended.jpg
86799860-486d-4029-94fc-f91b1a227144,2026-05-29 06:34:32,activity_started,counts={'antelope_like': 1},saved_frames/2026-05-29_06-34-32_activity_started.jpg
eed5e268-aa0a-415d-a7d0-38a61f1de224,2026-05-29 06:34:32,new_species_detected,species=antelope_like,saved_frames/2026-05-29_06-34-32_new_antelope_like.jpg
7b504941-87d1-4dcf-aa12-a8a153973ea0,2026-05-29 06:34:32,activity_ended,scene became empty,saved_frames/2026-05-29_06-34-32_activity_ended.jpg
7906294c-1c70-4f14-b52e-c546e8fde0ed,2026-05-29 06:34:33,activity_started,counts={'antelope_like': 1},saved_frames/2026-05-29_06-34-33_activity_started.jpg
11fed258-c079-46bb-969a-7ebe4e1f7c05,2026-05-29 06:34:33,new_species_detected,species=antelope_like,saved_frames/2026-05-29_06-34-33_new_antelope_like.jpg
b24f2c94-6ee3-4730-b528-41732b13e6df,2026-05-29 06:34:33,activity_ended,scene became empty,saved_frames/2026-05-29_06-34-33_activity_ended.jpg
fefe9856-6720-4036-9b86-39829d69da8f,2026-05-29 06:34:33,activity_started,counts={'antelope_like': 1},saved_frames/2026-05-29_06-34-33_activity_started.jpg
a5727880-54da-48b8-a60a-4f88018c30f1,2026-05-29 06:34:33,new_species_detected,species=antelope_like,saved_frames/2026-05-29_06-34-33_new_antelope_like.jpg
d9271624-78ee-4e0f-af3e-c598c39ca197,2026-05-29 06:34:33,activity_ended,scene became empty,saved_frames/2026-05-29_06-34-33_activity_ended.jpg
1d63da07-ebea-41d1-a95b-100fc083bb43,2026-05-29 06:34:33,activity_started,counts={'bird': 1},saved_frames/2026-05-29_06-34-33_activity_started.jpg
c3c9ab0c-aa2d-4b10-b715-675e0deaba46,2026-05-29 06:34:33,new_species_detected,species=bird,saved_frames/2026-05-29_06-34-33_new_bird.jpg
94ea1789-2c8a-4c77-b0e9-b4dbb5a91297,2026-05-29 06:34:33,activity_ended,scene became empty,saved_frames/2026-05-29_06-34-33_activity_ended.jpg
2d281e9c-9b6b-467a-9a41-9d6abe81340a,2026-05-29 06:34:34,activity_started,counts={'bird': 2},saved_frames/2026-05-29_06-34-34_activity_started.jpg
facad66e-e80d-44c0-8064-ce6df1cc8d8a,2026-05-29 06:34:34,new_species_detected,species=bird,saved_frames/2026-05-29_06-34-34_new_bird.jpg
e78fefc1-dca5-4aa5-a6cc-eea6b6ad10c8,2026-05-29 06:34:34,activity_ended,scene became empty,saved_frames/2026-05-29_06-34-34_activity_ended.jpg
abade28e-2bfe-418b-93db-2080e9426ed8,2026-05-29 06:34:34,activity_started,counts={'bird': 1},saved_frames/2026-05-29_06-34-34_activity_started.jpg
d111b4ea-4152-4909-a0d6-db7fb0ed5356,2026-05-29 06:34:34,new_species_detected,species=bird,saved_frames/2026-05-29_06-34-34_new_bird.jpg
19e468e6-b344-4928-8210-02f9242c1fc1,2026-05-29 06:34:35,activity_ended,scene became empty,saved_frames/2026-05-29_06-34-35_activity_ended.jpg
e28b96ee-eb0d-48d1-89ec-939905d0d474,2026-05-29 06:34:35,activity_started,counts={'bird': 1},saved_frames/2026-05-29_06-34-35_activity_started.jpg
357e96ab-b2c1-452b-b6be-3aa65d8a7629,2026-05-29 06:34:35,new_species_detected,species=bird,saved_frames/2026-05-29_06-34-35_new_bird.jpg
67bcecdf-e7a2-49c5-9610-d803b8471c79,2026-05-29 06:34:35,activity_ended,scene became empty,saved_frames/2026-05-29_06-34-35_activity_ended.jpg
8bca790a-9f2d-4c45-874f-3614189e2202,2026-05-29 06:34:35,activity_started,counts={'bird': 1},saved_frames/2026-05-29_06-34-35_activity_started.jpg
b91d31be-7926-4b2c-bc14-5be30b4644b0,2026-05-29 06:34:35,new_species_detected,species=bird,saved_frames/2026-05-29_06-34-35_new_bird.jpg
11acf316-24b0-4ac4-bae5-5ee017b90c45,2026-05-29 06:34:36,activity_ended,scene became empty,saved_frames/2026-05-29_06-34-36_activity_ended.jpg
05024378-a3c3-4265-90ba-241befca2e1f,2026-05-29 06:34:36,activity_started,counts={'bird': 1},saved_frames/2026-05-29_06-34-36_activity_started.jpg
e650ed3d-ca79-442e-af0a-a8d0370bcbb9,2026-05-29 06:34:36,new_species_detected,species=bird,saved_frames/2026-05-29_06-34-36_new_bird.jpg
8f85adaf-5e15-41e3-a093-12d217b6443d,2026-05-29 06:34:36,activity_ended,scene became empty,saved_frames/2026-05-29_06-34-36_activity_ended.jpg
7184bd26-ba63-47ea-9396-c460550f6123,2026-05-29 06:34:37,activity_started,counts={'bird': 2},saved_frames/2026-05-29_06-34-37_activity_started.jpg
31fd2795-79c4-4054-9f48-65dffbc28596,2026-05-29 06:34:37,new_species_detected,species=bird,saved_frames/2026-05-29_06-34-37_new_bird.jpg
92c3ff6e-cc9b-4202-a78d-b74f3968ebf8,2026-05-29 06:34:40,activity_ended,scene became empty,saved_frames/2026-05-29_06-34-40_activity_ended.jpg
c21f5b3b-af9c-4924-84a5-721184862486,2026-05-29 06:34:41,activity_started,counts={'bird': 1},saved_frames/2026-05-29_06-34-41_activity_started.jpg
cd4fb493-258b-43f0-9fb1-b1e18f3f6410,2026-05-29 06:34:41,new_species_detected,species=bird,saved_frames/2026-05-29_06-34-41_new_bird.jpg
c3fc703b-1216-49ff-8618-1a9269e28cac,2026-05-29 06:34:41,activity_ended,scene became empty,saved_frames/2026-05-29_06-34-41_activity_ended.jpg
f38d6207-947e-4665-aaef-1b4eeb89f3c3,2026-05-29 06:34:41,activity_started,counts={'bird': 2},saved_frames/2026-05-29_06-34-41_activity_started.jpg
e0e8b261-0c27-48be-92c4-103f8220321c,2026-05-29 06:34:41,new_species_detected,species=bird,saved_frames/2026-05-29_06-34-41_new_bird.jpg
caba80dd-285c-4ef5-9c5f-28a68b34b8a6,2026-05-29 06:34:41,activity_ended,scene became empty,saved_frames/2026-05-29_06-34-41_activity_ended.jpg
3101b8db-f906-4464-a8fc-91899e599570,2026-05-29 06:34:41,activity_started,counts={'bird': 1},saved_frames/2026-05-29_06-34-41_activity_started.jpg
917bcec4-96b7-4a79-865d-203852870c82,2026-05-29 06:34:41,new_species_detected,species=bird,saved_frames/2026-05-29_06-34-41_new_bird.jpg
2d52f431-5f39-4f4a-8a98-b0507d42cb4d,2026-05-29 06:34:41,activity_ended,scene became empty,saved_frames/2026-05-29_06-34-41_activity_ended.jpg
bb2af16e-d94e-4e37-93f2-7e5999971b58,2026-05-29 06:34:41,activity_started,counts={'bird': 2},saved_frames/2026-05-29_06-34-41_activity_started.jpg
8c78690a-c9ac-466d-b0db-9174b0756f56,2026-05-29 06:34:41,new_species_detected,species=bird,saved_frames/2026-05-29_06-34-41_new_bird.jpg
0074f5f7-afbd-42d2-88bb-ec4bb3a3d408,2026-05-29 06:34:45,large_group_detected,total_animals=3,saved_frames/2026-05-29_06-34-45_large_group.jpg
b302d247-79e4-4db1-aaf8-386793dd6cdb,2026-05-29 06:34:45,activity_ended,scene became empty,saved_frames/2026-05-29_06-34-45_activity_ended.jpg
d8b73080-b713-4102-b70c-dd23372753f4,2026-05-29 06:34:45,activity_started,counts={'bird': 1},saved_frames/2026-05-29_06-34-45_activity_started.jpg
21df4d26-a852-4a89-b3ad-b4c43b76c0b2,2026-05-29 06:34:45,new_species_detected,species=bird,saved_frames/2026-05-29_06-34-45_new_bird.jpg
b22d6b34-86bf-4a0d-be1c-c69af56c671b,2026-05-29 06:34:45,activity_ended,scene became empty,saved_frames/2026-05-29_06-34-45_activity_ended.jpg
87255f2c-8e86-4360-9631-3896ece6ae8e,2026-05-29 06:34:46,activity_started,counts={'bird': 1},saved_frames/2026-05-29_06-34-46_activity_started.jpg
93e5dfcd-72e3-40f8-902d-4c617767e2e6,2026-05-29 06:34:46,new_species_detected,species=bird,saved_frames/2026-05-29_06-34-46_new_bird.jpg
25208f04-2ced-408b-af05-ea9bda172034,2026-05-29 06:34:46,activity_ended,scene became empty,saved_frames/2026-05-29_06-34-46_activity_ended.jpg
876e838c-2396-4ca8-a003-6b2450945dcb,2026-05-29 06:34:46,activity_started,counts={'bird': 1},saved_frames/2026-05-29_06-34-46_activity_started.jpg
59d31bbe-de9a-4535-b27a-4afa10172154,2026-05-29 06:34:46,new_species_detected,species=bird,saved_frames/2026-05-29_06-34-46_new_bird.jpg
78e74611-a122-4afd-8915-a98fede6fddb,2026-05-29 06:34:46,activity_ended,scene became empty,saved_frames/2026-05-29_06-34-46_activity_ended.jpg
c5db43e3-1e7e-46fa-b346-4649c8d72067,2026-05-29 06:34:46,activity_started,counts={'bird': 1},saved_frames/2026-05-29_06-34-46_activity_started.jpg
0fcd32b1-5c53-49a3-88d8-88dc1d1aa336,2026-05-29 06:34:46,new_species_detected,species=bird,saved_frames/2026-05-29_06-34-46_new_bird.jpg
78df55b9-8a38-490f-ac7f-b94773dbbd6d,2026-05-29 06:34:47,activity_ended,scene became empty,saved_frames/2026-05-29_06-34-47_activity_ended.jpg
f506231b-2492-4633-8fb6-31b9c189a6a1,2026-05-29 06:34:47,activity_started,counts={'bird': 1},saved_frames/2026-05-29_06-34-47_activity_started.jpg
33d50a80-2f40-4e1d-86bf-ca4da95508fa,2026-05-29 06:34:47,new_species_detected,species=bird,saved_frames/2026-05-29_06-34-47_new_bird.jpg
995ffb6e-f873-40c8-bb4c-c2849a0152b2,2026-05-29 06:34:47,activity_ended,scene became empty,saved_frames/2026-05-29_06-34-47_activity_ended.jpg
0d77aedd-25f3-4f81-a3a0-e770b273c071,2026-05-29 06:34:48,activity_started,counts={'bird': 2},saved_frames/2026-05-29_06-34-48_activity_started.jpg
7061e9b6-caf9-483c-a5d2-780cb3c78306,2026-05-29 06:34:48,new_species_detected,species=bird,saved_frames/2026-05-29_06-34-48_new_bird.jpg
239aa34c-4182-43d4-9ffc-ac61708d4b16,2026-05-29 06:34:48,activity_ended,scene became empty,saved_frames/2026-05-29_06-34-48_activity_ended.jpg
28be8685-8104-46bd-9d1b-2b2fe9eab552,2026-05-29 06:34:49,activity_started,counts={'bird': 1},saved_frames/2026-05-29_06-34-49_activity_started.jpg
8cd8a3f9-e52b-4df1-b542-4a696029b8ba,2026-05-29 06:34:49,new_species_detected,species=bird,saved_frames/2026-05-29_06-34-49_new_bird.jpg
3f16bd44-5bb2-4e98-97d9-915575097bd9,2026-05-29 06:34:50,activity_ended,scene became empty,saved_frames/2026-05-29_06-34-50_activity_ended.jpg
5dee0961-fcfd-4e3a-8670-c0057fc3f5f5,2026-05-29 06:34:50,activity_started,counts={'bird': 2},saved_frames/2026-05-29_06-34-50_activity_started.jpg
65351507-6342-45e3-9c61-92b039713e1e,2026-05-29 06:34:50,new_species_detected,species=bird,saved_frames/2026-05-29_06-34-50_new_bird.jpg
2eeae7ae-e966-4670-8198-3e85ea82d34a,2026-05-29 06:34:51,activity_ended,scene became empty,saved_frames/2026-05-29_06-34-51_activity_ended.jpg
89e2677b-a7ce-4f22-934f-6a7cc563a92d,2026-05-29 06:35:20,activity_started,counts={'bird': 1},saved_frames/2026-05-29_06-35-20_activity_started.jpg
9c97d93a-e54a-44dd-b1d5-07c2bd2d6cb1,2026-05-29 06:35:20,new_species_detected,species=bird,saved_frames/2026-05-29_06-35-20_new_bird.jpg
afcd1b01-6d0b-4a6b-a310-27ea18c4f67f,2026-05-29 06:35:20,activity_ended,scene became empty,saved_frames/2026-05-29_06-35-20_activity_ended.jpg
1a8f23f7-9159-4025-a8d1-494677384d2c,2026-05-29 06:35:20,activity_started,counts={'bird': 1},saved_frames/2026-05-29_06-35-20_activity_started.jpg
39be3cc2-be00-4d37-b128-8e6e828ff3bb,2026-05-29 06:35:20,new_species_detected,species=bird,saved_frames/2026-05-29_06-35-20_new_bird.jpg
98a75bd3-e995-4ddb-af9d-96272d5d79b5,2026-05-29 06:35:22,activity_ended,scene became empty,saved_frames/2026-05-29_06-35-22_activity_ended.jpg
6c7b9c30-3c61-4684-91b2-40789b375898,2026-05-29 06:35:22,activity_started,counts={'bird': 1},saved_frames/2026-05-29_06-35-22_activity_started.jpg
63e5e09f-e836-4fa4-980d-0f356a388fca,2026-05-29 06:35:22,new_species_detected,species=bird,saved_frames/2026-05-29_06-35-22_new_bird.jpg
16cb7431-9f73-4ba2-826f-0b292a5e8dc4,2026-05-29 06:35:24,activity_ended,scene became empty,saved_frames/2026-05-29_06-35-24_activity_ended.jpg
03057df7-6c4e-4f22-ab58-a0bfa37b771a,2026-05-29 06:35:24,activity_started,counts={'bird': 1},saved_frames/2026-05-29_06-35-24_activity_started.jpg
8bde4764-2f06-4a0e-8d21-d3419db5f23d,2026-05-29 06:35:24,new_species_detected,species=bird,saved_frames/2026-05-29_06-35-24_new_bird.jpg
0f85f2b6-b81c-4916-b8f3-856f9311ac70,2026-05-29 06:35:25,activity_ended,scene became empty,saved_frames/2026-05-29_06-35-25_activity_ended.jpg
f9123df9-78c1-49ee-af3a-5aa9754ec920,2026-05-29 06:35:26,activity_started,counts={'bird': 1},saved_frames/2026-05-29_06-35-26_activity_started.jpg
9c871f4c-aea1-4546-b586-5b3ded8eb221,2026-05-29 06:35:26,new_species_detected,species=bird,saved_frames/2026-05-29_06-35-26_new_bird.jpg
c1859828-ed3c-4d16-a5b0-8d0b7db8c1b5,2026-05-29 06:35:27,activity_ended,scene became empty,saved_frames/2026-05-29_06-35-27_activity_ended.jpg
37f99a0d-c2d5-4d93-97a7-0784fe91c841,2026-05-29 06:35:27,activity_started,counts={'bird': 1},saved_frames/2026-05-29_06-35-27_activity_started.jpg
6e68815a-f492-4f0e-b804-491fccec6eb6,2026-05-29 06:35:27,new_species_detected,species=bird,saved_frames/2026-05-29_06-35-27_new_bird.jpg
e6d978bd-d6bd-4a0d-b65e-df29b6b6b665,2026-05-29 06:35:30,activity_ended,scene became empty,saved_frames/2026-05-29_06-35-30_activity_ended.jpg
db364fa2-06fd-4153-8198-36644eee2343,2026-05-29 06:35:30,activity_started,counts={'bird': 1},saved_frames/2026-05-29_06-35-30_activity_started.jpg
e6f12b17-9be2-4e6d-bc4a-fedbec381f61,2026-05-29 06:35:30,new_species_detected,species=bird,saved_frames/2026-05-29_06-35-30_new_bird.jpg
6248e506-3a53-4cd3-a7d6-bb0bd8b9d60c,2026-05-29 06:36:20,activity_started,counts={'bird': 1},saved_frames/2026-05-29_06-36-20_activity_started.jpg
c17740c7-68cf-487b-869c-86acc02910e1,2026-05-29 06:36:20,new_species_detected,species=bird,saved_frames/2026-05-29_06-36-20_new_bird.jpg
0a871adb-d53a-4c62-9d36-881be6b51311,2026-05-29 06:36:20,activity_ended,scene became empty,saved_frames/2026-05-29_06-36-20_activity_ended.jpg
57b4f300-05db-494b-8f44-435e2a406c1f,2026-05-29 06:36:21,activity_started,counts={'bird': 1},saved_frames/2026-05-29_06-36-21_activity_started.jpg
a6d0603a-e512-468a-b5de-f743e1a5deb6,2026-05-29 06:36:21,new_species_detected,species=bird,saved_frames/2026-05-29_06-36-21_new_bird.jpg
821ba4ac-98dd-4eac-9d09-29c05e5d4af4,2026-05-29 06:36:21,activity_ended,scene became empty,saved_frames/2026-05-29_06-36-21_activity_ended.jpg
231d6f53-a4b6-4bf2-a9f6-07189e0511f8,2026-05-29 06:36:21,activity_started,counts={'bird': 1},saved_frames/2026-05-29_06-36-21_activity_started.jpg
09ee9b3d-9f5c-4e5e-9f30-99cf01361782,2026-05-29 06:36:21,new_species_detected,species=bird,saved_frames/2026-05-29_06-36-21_new_bird.jpg
3d7137b5-5ca1-4558-9b9c-66359237b8b2,2026-05-29 06:36:21,activity_ended,scene became empty,saved_frames/2026-05-29_06-36-21_activity_ended.jpg
4ea3c54f-25e5-48da-bfbd-bf07e736eee2,2026-05-29 06:36:21,activity_started,counts={'bird': 1},saved_frames/2026-05-29_06-36-21_activity_started.jpg
75fa5988-c385-4ef8-8ddf-caaeddfa001d,2026-05-29 06:36:21,new_species_detected,species=bird,saved_frames/2026-05-29_06-36-21_new_bird.jpg
5b9c0ada-68ab-4cae-bc20-bef5059a9416,2026-05-29 06:36:21,activity_ended,scene became empty,saved_frames/2026-05-29_06-36-21_activity_ended.jpg
4d14fff1-aa7a-45c6-8021-c7db26eb6c47,2026-05-29 06:36:21,activity_started,counts={'bird': 1},saved_frames/2026-05-29_06-36-21_activity_started.jpg
ff3d7f7f-3ee6-4f2d-8a64-3cd1f7a2166e,2026-05-29 06:36:21,new_species_detected,species=bird,saved_frames/2026-05-29_06-36-21_new_bird.jpg
1417fb7e-c12d-42d8-9199-96a5230e133d,2026-05-29 06:36:22,activity_ended,scene became empty,saved_frames/2026-05-29_06-36-22_activity_ended.jpg
d0b577cd-1707-450f-b01d-17eb81395b7e,2026-05-29 06:36:22,activity_started,counts={'bird': 1},saved_frames/2026-05-29_06-36-22_activity_started.jpg
86fe8d25-42ab-42a7-9fc4-7fb693897f18,2026-05-29 06:36:22,new_species_detected,species=bird,saved_frames/2026-05-29_06-36-22_new_bird.jpg
427addbd-8a82-45f6-b458-6451cdec45a9,2026-05-29 06:36:24,activity_ended,scene became empty,saved_frames/2026-05-29_06-36-24_activity_ended.jpg
54ea03af-a804-436f-8c75-2bdac2055a2d,2026-05-29 06:36:24,activity_started,counts={'bird': 1},saved_frames/2026-05-29_06-36-24_activity_started.jpg
c7190e22-d3f6-47eb-9d5d-da7347de7bc0,2026-05-29 06:36:24,new_species_detected,species=bird,saved_frames/2026-05-29_06-36-24_new_bird.jpg
35befe84-c803-48d2-bef4-b94016f9be90,2026-05-30 11:08:35,activity_started,counts={'zebra': 3},saved_frames/2026-05-30_11-08-35_activity_started.jpg
bcb3e3ad-a6d1-4f7e-81e4-d20fb76ed6c8,2026-05-30 11:08:35,new_species_detected,species=zebra,saved_frames/2026-05-30_11-08-35_new_zebra.jpg
1dfcdc75-31c7-4eea-97d2-aaad7a671ce3,2026-05-30 11:08:35,large_group_detected,total_animals=3,saved_frames/2026-05-30_11-08-35_large_group.jpg
b7bb7426-0dca-4598-b412-d5ccf6b2feb5,2026-05-30 11:08:36,large_group_detected,total_animals=5,saved_frames/2026-05-30_11-08-36_large_group.jpg
ad077a27-34f2-4b74-8712-9fc6f656fa1f,2026-05-30 11:08:37,large_group_detected,total_animals=5,saved_frames/2026-05-30_11-08-37_large_group.jpg
d4f1670b-ceb5-4e8a-8798-ffcf6d9f91fb,2026-05-30 11:08:40,large_group_detected,total_animals=4,saved_frames/2026-05-30_11-08-40_large_group.jpg
f214a73d-f69f-4f56-b0e4-a8c906be9898,2026-05-30 11:08:41,large_group_detected,total_animals=4,saved_frames/2026-05-30_11-08-41_large_group.jpg
0b230245-41d1-4dc7-ad8e-832ef56eeb50,2026-05-30 11:08:42,large_group_detected,total_animals=4,saved_frames/2026-05-30_11-08-42_large_group.jpg
ec757867-0459-4c6f-acb4-b5762fc420ed,2026-05-30 11:08:42,large_group_detected,total_animals=3,saved_frames/2026-05-30_11-08-42_large_group.jpg
78939402-3c33-4a74-bf08-a68e2e92d4f1,2026-05-30 11:08:42,large_group_detected,total_animals=4,saved_frames/2026-05-30_11-08-42_large_group.jpg
5c05d22c-8406-4e1b-8530-0d292681eaae,2026-05-30 11:08:42,large_group_detected,total_animals=3,saved_frames/2026-05-30_11-08-42_large_group.jpg
8fc4379e-2cbb-452e-8cde-5abda4369397,2026-05-30 11:08:43,large_group_detected,total_animals=4,saved_frames/2026-05-30_11-08-43_large_group.jpg
08b3fbe9-a2e4-40fa-865c-eea40fc1369d,2026-05-30 11:08:49,large_group_detected,total_animals=3,saved_frames/2026-05-30_11-08-49_large_group.jpg
b258308d-c33e-4c2a-a0a1-0a42a9799cc7,2026-05-30 11:08:51,large_group_detected,total_animals=4,saved_frames/2026-05-30_11-08-51_large_group.jpg
5f67e9e7-610c-4eac-ad89-5df925a1714e,2026-05-30 11:08:52,large_group_detected,total_animals=4,saved_frames/2026-05-30_11-08-52_large_group.jpg
5a8bf46f-2b4d-4906-ab52-f670922da7d6,2026-05-30 11:08:52,large_group_detected,total_animals=3,saved_frames/2026-05-30_11-08-52_large_group.jpg
64c4ecce-ab38-418f-bc62-ee5fbabcdb77,2026-05-30 11:08:53,large_group_detected,total_animals=3,saved_frames/2026-05-30_11-08-53_large_group.jpg
7107bf69-5de9-4ab0-a11e-7659d19f784f,2026-05-30 11:08:53,large_group_detected,total_animals=4,saved_frames/2026-05-30_11-08-53_large_group.jpg
d73a145b-d1cc-409b-8342-d39779118786,2026-05-30 11:08:54,large_group_detected,total_animals=3,saved_frames/2026-05-30_11-08-54_large_group.jpg
7f07c964-9384-4334-aeea-74dcb5f64f1b,2026-05-30 11:08:57,large_group_detected,total_animals=3,saved_frames/2026-05-30_11-08-57_large_group.jpg
69f7aabb-e7e3-434b-87ca-c42d36c78080,2026-05-30 11:08:59,large_group_detected,total_animals=3,saved_frames/2026-05-30_11-08-59_large_group.jpg
670a8935-3058-4639-8438-49d76a419d68,2026-05-30 11:09:00,large_group_detected,total_animals=4,saved_frames/2026-05-30_11-09-00_large_group.jpg
881da85e-8ab5-459d-98fe-98b753cdf2e6,2026-05-30 11:09:01,large_group_detected,total_animals=4,saved_frames/2026-05-30_11-09-01_large_group.jpg
38e1c8e1-fc76-4ec9-b735-8fbe22a086be,2026-05-30 11:09:02,large_group_detected,total_animals=3,saved_frames/2026-05-30_11-09-02_large_group.jpg
dac2dc2c-c2e1-4748-b508-c8ff61fba5c5,2026-05-30 11:09:03,large_group_detected,total_animals=3,saved_frames/2026-05-30_11-09-03_large_group.jpg
def3731b-236f-4b35-89ce-1e1933919796,2026-05-30 11:09:08,large_group_detected,total_animals=3,saved_frames/2026-05-30_11-09-08_large_group.jpg
591d3135-12c4-44bf-b154-500c5c40096b,2026-05-30 11:09:08,large_group_detected,total_animals=3,saved_frames/2026-05-30_11-09-08_large_group.jpg
adc99c9d-d245-4a4b-a6df-68a5138488f7,2026-05-30 11:09:09,large_group_detected,total_animals=3,saved_frames/2026-05-30_11-09-09_large_group.jpg
026d3f1d-c412-463b-865a-d39deaacf988,2026-05-30 11:09:10,large_group_detected,total_animals=4,saved_frames/2026-05-30_11-09-10_large_group.jpg
9883bf29-14dc-42fc-9a5f-0b5f0b06f415,2026-05-30 11:09:11,large_group_detected,total_animals=3,saved_frames/2026-05-30_11-09-11_large_group.jpg
8873874a-d514-4a16-be85-16c2484db8d8,2026-05-30 11:09:24,large_group_detected,total_animals=3,saved_frames/2026-05-30_11-09-24_large_group.jpg
f4a46798-6b81-4f8e-b1a1-c8506ffcf8ce,2026-05-30 11:09:31,large_group_detected,total_animals=3,saved_frames/2026-05-30_11-09-31_large_group.jpg
100fb814-1c77-4563-84eb-7428aa6fbffb,2026-05-30 11:09:31,large_group_detected,total_animals=3,saved_frames/2026-05-30_11-09-31_large_group.jpg
cba9a091-d5e1-4c51-ac8d-ae5ab7c12c8a,2026-05-30 11:09:32,large_group_detected,total_animals=3,saved_frames/2026-05-30_11-09-32_large_group.jpg
9a2a9318-830e-4067-b029-bfa129ce2a5e,2026-05-30 11:09:34,large_group_detected,total_animals=3,saved_frames/2026-05-30_11-09-34_large_group.jpg
185037ee-beb9-41a5-9bbd-d68a0b90016d,2026-05-30 11:09:35,large_group_detected,total_animals=3,saved_frames/2026-05-30_11-09-35_large_group.jpg
ef794fcd-79b3-45da-8ebf-39b233e6a8ce,2026-05-30 11:09:35,large_group_detected,total_animals=3,saved_frames/2026-05-30_11-09-35_large_group.jpg
7d5abc1c-89fc-494e-8252-f60ab2f12374,2026-05-30 11:09:39,large_group_detected,total_animals=4,saved_frames/2026-05-30_11-09-39_large_group.jpg
cfa95aff-7bba-422d-ad7c-03745a25a65b,2026-05-30 11:09:52,large_group_detected,total_animals=4,saved_frames/2026-05-30_11-09-52_large_group.jpg
3e4692f1-209f-48c0-b435-76d681aca768,2026-05-30 11:09:56,large_group_detected,total_animals=3,saved_frames/2026-05-30_11-09-56_large_group.jpg
52f33f7d-b7c5-40d3-9712-65b9ec574171,2026-05-30 11:09:57,large_group_detected,total_animals=3,saved_frames/2026-05-30_11-09-57_large_group.jpg
32b92e02-fb97-4100-9731-5ebc3d32cb05,2026-05-30 11:09:59,large_group_detected,total_animals=3,saved_frames/2026-05-30_11-09-59_large_group.jpg
628d830c-bf6e-41b5-b3bf-9c45aaf2ab0e,2026-05-30 11:09:59,large_group_detected,total_animals=3,saved_frames/2026-05-30_11-09-59_large_group.jpg
20725c08-ebfb-4a21-b312-2f44b5fa8c02,2026-05-30 11:10:00,large_group_detected,total_animals=3,saved_frames/2026-05-30_11-10-00_large_group.jpg
ee65e6de-41f7-48bd-80ba-c06dfa311fa0,2026-05-30 11:10:00,large_group_detected,total_animals=3,saved_frames/2026-05-30_11-10-00_large_group.jpg
8d2e7727-ab34-432c-80c2-04dbcc76a5a4,2026-05-30 11:10:01,large_group_detected,total_animals=3,saved_frames/2026-05-30_11-10-01_large_group.jpg
3834713e-a007-46b5-81cd-2fc56d210fe6,2026-05-30 11:10:01,large_group_detected,total_animals=3,saved_frames/2026-05-30_11-10-01_large_group.jpg
19d66782-847a-4f21-b05e-57b974184a88,2026-05-30 11:10:01,large_group_detected,total_animals=3,saved_frames/2026-05-30_11-10-01_large_group.jpg
00ae490c-a175-4d29-b7df-5efab2083124,2026-05-30 11:10:01,large_group_detected,total_animals=3,saved_frames/2026-05-30_11-10-01_large_group.jpg
4e911d5f-3ddd-428d-b9f7-9398e2f64e9a,2026-05-30 11:10:06,large_group_detected,total_animals=3,saved_frames/2026-05-30_11-10-06_large_group.jpg
60a0227d-6673-47b8-9efa-18f737e383ea,2026-05-30 11:10:07,large_group_detected,total_animals=3,saved_frames/2026-05-30_11-10-07_large_group.jpg
9d8b7704-b69a-4aec-a964-dfc049a35339,2026-05-30 11:10:08,large_group_detected,total_animals=3,saved_frames/2026-05-30_11-10-08_large_group.jpg
3bb229af-432d-4128-9f14-2bf80b977e10,2026-05-30 11:10:09,large_group_detected,total_animals=3,saved_frames/2026-05-30_11-10-09_large_group.jpg
7b8ef481-520e-4bcc-97c5-6a3b7754004c,2026-05-30 11:10:09,large_group_detected,total_animals=3,saved_frames/2026-05-30_11-10-09_large_group.jpg
485d1d68-26b3-4ce8-8f64-50131456df64,2026-05-30 11:10:10,large_group_detected,total_animals=3,saved_frames/2026-05-30_11-10-10_large_group.jpg
f2ebb7f1-94cd-4ca3-8d84-0f5fb6b94a99,2026-05-30 11:10:10,large_group_detected,total_animals=3,saved_frames/2026-05-30_11-10-10_large_group.jpg
7ba6349a-c914-4540-b772-b2e73292f15a,2026-05-30 11:10:11,large_group_detected,total_animals=3,saved_frames/2026-05-30_11-10-11_large_group.jpg
0c5ee551-d0b2-4cd5-bb86-09ce83e30845,2026-05-30 11:10:14,large_group_detected,total_animals=3,saved_frames/2026-05-30_11-10-14_large_group.jpg
21925b21-de5b-48e6-a98a-0904ccd2657b,2026-05-30 11:10:14,large_group_detected,total_animals=3,saved_frames/2026-05-30_11-10-14_large_group.jpg
0a30cae3-a00d-4c78-a0f1-f869dea0ef49,2026-05-30 11:10:16,large_group_detected,total_animals=3,saved_frames/2026-05-30_11-10-16_large_group.jpg
53be7c16-7a29-4663-881e-3eba5daa123d,2026-05-30 11:10:20,large_group_detected,total_animals=3,saved_frames/2026-05-30_11-10-20_large_group.jpg
a04c89e1-9e70-4dab-928e-a9618cf0a0f6,2026-05-30 11:10:20,large_group_detected,total_animals=3,saved_frames/2026-05-30_11-10-20_large_group.jpg
b97586fe-de65-41f0-ac0a-fb405ed106cf,2026-05-30 11:10:20,large_group_detected,total_animals=3,saved_frames/2026-05-30_11-10-20_large_group.jpg
b6d94a8f-1f89-4c1d-b05a-6b1173550ea4,2026-05-30 11:10:21,large_group_detected,total_animals=3,saved_frames/2026-05-30_11-10-21_large_group.jpg
0059c207-c309-419b-829c-4f2432c4117b,2026-05-30 11:10:26,large_group_detected,total_animals=3,saved_frames/2026-05-30_11-10-26_large_group.jpg
62ee0da6-84ca-4300-8de6-26442512d3a3,2026-05-30 11:10:30,large_group_detected,total_animals=4,saved_frames/2026-05-30_11-10-30_large_group.jpg
47c4e9b6-4a65-4cf9-869f-276916a07be6,2026-05-30 11:10:33,large_group_detected,total_animals=3,saved_frames/2026-05-30_11-10-33_large_group.jpg
62b1de34-a3ec-4b3c-94be-8a9135a3815d,2026-05-30 11:10:33,large_group_detected,total_animals=4,saved_frames/2026-05-30_11-10-33_large_group.jpg
1ceb8776-352b-4102-b8a2-9986bba9be78,2026-05-30 11:10:34,large_group_detected,total_animals=3,saved_frames/2026-05-30_11-10-34_large_group.jpg
32c03371-8745-4666-8fcd-e6b3de286278,2026-05-30 11:10:34,large_group_detected,total_animals=3,saved_frames/2026-05-30_11-10-34_large_group.jpg
d3fc1bb0-aee3-4d8d-beac-baa73ed07a6b,2026-05-30 11:10:35,large_group_detected,total_animals=3,saved_frames/2026-05-30_11-10-35_large_group.jpg
c9628343-b19b-4dd7-9525-f0ed00be8590,2026-05-30 11:10:35,large_group_detected,total_animals=3,saved_frames/2026-05-30_11-10-35_large_group.jpg
5c4592dc-c334-44f7-85ec-7be70e37558a,2026-05-30 11:10:36,large_group_detected,total_animals=3,saved_frames/2026-05-30_11-10-36_large_group.jpg
3693cd07-c3fe-41b2-bd28-e714aa47ca45,2026-05-30 11:10:37,large_group_detected,total_animals=4,saved_frames/2026-05-30_11-10-37_large_group.jpg
5494e5c5-638c-46b6-a226-9912441eee13,2026-05-30 11:10:38,large_group_detected,total_animals=3,saved_frames/2026-05-30_11-10-38_large_group.jpg
a6b2fb76-9441-44dd-a44d-9905b21aa888,2026-05-30 11:10:39,large_group_detected,total_animals=3,saved_frames/2026-05-30_11-10-39_large_group.jpg
bdb66ca1-332e-4729-a448-b607e1ea633d,2026-05-30 11:10:40,large_group_detected,total_animals=3,saved_frames/2026-05-30_11-10-40_large_group.jpg
41138c13-bae3-4a09-b96b-b1a23ba078ea,2026-05-30 11:10:40,large_group_detected,total_animals=3,saved_frames/2026-05-30_11-10-40_large_group.jpg
2ae94e68-f826-4789-8a95-429018d2708a,2026-05-30 11:10:41,large_group_detected,total_animals=4,saved_frames/2026-05-30_11-10-41_large_group.jpg
658d6357-e67e-4595-baf9-8d55ad5d9b2e,2026-05-30 11:10:41,large_group_detected,total_animals=4,saved_frames/2026-05-30_11-10-41_large_group.jpg
c7427c02-6326-4b51-b373-58438d130890,2026-05-30 11:10:42,large_group_detected,total_animals=3,saved_frames/2026-05-30_11-10-42_large_group.jpg
f007417c-b05e-43a3-baa0-d07274ba0a0f,2026-05-30 11:10:46,large_group_detected,total_animals=3,saved_frames/2026-05-30_11-10-46_large_group.jpg
aab5faef-0c75-48db-be55-f7f17a501a5e,2026-05-30 11:10:47,large_group_detected,total_animals=3,saved_frames/2026-05-30_11-10-47_large_group.jpg
5f58cc9e-70cc-4d79-bcc0-de0a5211f2e2,2026-05-30 11:10:47,large_group_detected,total_animals=3,saved_frames/2026-05-30_11-10-47_large_group.jpg
2e7c16ba-7e70-471a-92aa-1b2d16b2e7da,2026-05-30 11:10:48,large_group_detected,total_animals=3,saved_frames/2026-05-30_11-10-48_large_group.jpg
8e8c194e-6f72-46ca-9098-7ad79756ad01,2026-05-30 11:10:48,large_group_detected,total_animals=3,saved_frames/2026-05-30_11-10-48_large_group.jpg
0e70d60d-2e6c-4c98-bef1-6203750d9427,2026-05-30 11:10:49,large_group_detected,total_animals=3,saved_frames/2026-05-30_11-10-49_large_group.jpg
24dfe4c8-0b93-4e23-b310-fcb2200fe472,2026-05-30 11:10:49,large_group_detected,total_animals=3,saved_frames/2026-05-30_11-10-49_large_group.jpg
8a90bf1d-2ecf-4313-ab3b-faa050b43597,2026-05-30 11:10:51,large_group_detected,total_animals=3,saved_frames/2026-05-30_11-10-51_large_group.jpg
cd7bad93-b663-40d4-801b-7b4798d6531d,2026-05-30 11:10:51,large_group_detected,total_animals=3,saved_frames/2026-05-30_11-10-51_large_group.jpg
2367dd10-b8f6-497d-be7c-e738f42a04b8,2026-05-30 11:10:53,large_group_detected,total_animals=3,saved_frames/2026-05-30_11-10-53_large_group.jpg
03fcb6e7-19b8-4249-9514-d600048ef5c1,2026-05-30 11:10:53,large_group_detected,total_animals=3,saved_frames/2026-05-30_11-10-53_large_group.jpg
1701f3ce-b09d-45f8-a818-8b1d2e3c9873,2026-05-30 11:10:54,large_group_detected,total_animals=3,saved_frames/2026-05-30_11-10-54_large_group.jpg
1fb90690-e870-43e8-999c-4d5c075ed681,2026-05-30 11:10:55,large_group_detected,total_animals=4,saved_frames/2026-05-30_11-10-55_large_group.jpg
74fbd381-ada2-4487-ae77-a10a65bbe75a,2026-05-30 11:11:01,large_group_detected,total_animals=3,saved_frames/2026-05-30_11-11-01_large_group.jpg
bdf4a216-5555-4f52-8524-ae360279fbd0,2026-05-30 11:11:02,large_group_detected,total_animals=3,saved_frames/2026-05-30_11-11-02_large_group.jpg
245f1b49-ea74-4598-9b31-f6326c358df0,2026-05-30 11:11:02,large_group_detected,total_animals=3,saved_frames/2026-05-30_11-11-02_large_group.jpg
aa5c680b-4b39-4479-ad1d-b2c23f31c4de,2026-05-30 11:11:03,large_group_detected,total_animals=3,saved_frames/2026-05-30_11-11-03_large_group.jpg
c7769964-1e3f-4f23-a076-080b808ed100,2026-05-30 11:11:06,large_group_detected,total_animals=3,saved_frames/2026-05-30_11-11-06_large_group.jpg
4f3793f4-8b10-4a88-9888-85e4c3a133af,2026-05-30 11:11:06,large_group_detected,total_animals=3,saved_frames/2026-05-30_11-11-06_large_group.jpg
76a49531-271a-4d2e-af35-2a4819fa8316,2026-05-30 11:11:10,large_group_detected,total_animals=3,saved_frames/2026-05-30_11-11-10_large_group.jpg
38feebfe-40dd-4964-90b4-391d617952e5,2026-05-30 11:11:10,large_group_detected,total_animals=3,saved_frames/2026-05-30_11-11-10_large_group.jpg
eb490273-e520-4926-a733-6590f1b17dce,2026-05-30 11:11:10,large_group_detected,total_animals=4,saved_frames/2026-05-30_11-11-10_large_group.jpg
145d6484-0c71-4d83-b73a-b3f882b34bdd,2026-05-30 11:11:15,large_group_detected,total_animals=4,saved_frames/2026-05-30_11-11-15_large_group.jpg
dc19a532-19c1-4246-bcb9-4630da1b0b19,2026-05-30 11:11:19,large_group_detected,total_animals=3,saved_frames/2026-05-30_11-11-19_large_group.jpg
f72f0cac-3c0e-4da3-8f36-68a54dd94b78,2026-05-30 11:11:22,large_group_detected,total_animals=4,saved_frames/2026-05-30_11-11-22_large_group.jpg
f973a8d6-2e37-4030-aa6d-52bba0e52e82,2026-05-30 11:11:22,large_group_detected,total_animals=4,saved_frames/2026-05-30_11-11-22_large_group.jpg
dbced538-2229-4f57-8d22-5e552b65e9cf,2026-05-30 11:11:28,large_group_detected,total_animals=3,saved_frames/2026-05-30_11-11-28_large_group.jpg
4d2f4839-4387-4fc9-a6fe-a2c7daf3935c,2026-05-30 11:11:28,large_group_detected,total_animals=4,saved_frames/2026-05-30_11-11-28_large_group.jpg
7abe95c8-00cd-4cc2-b9c7-d8e13fd52475,2026-05-30 11:11:29,large_group_detected,total_animals=3,saved_frames/2026-05-30_11-11-29_large_group.jpg
a11c432b-76ff-475d-8010-55872bae0f54,2026-05-30 11:11:29,large_group_detected,total_animals=3,saved_frames/2026-05-30_11-11-29_large_group.jpg
e7c4466f-363a-46aa-8e05-f54d3a2949d9,2026-05-30 11:11:29,large_group_detected,total_animals=3,saved_frames/2026-05-30_11-11-29_large_group.jpg
190bd41f-03a8-4986-853d-ecfcc9a1b0d7,2026-05-30 11:11:31,large_group_detected,total_animals=3,saved_frames/2026-05-30_11-11-31_large_group.jpg
aaa751a4-6881-4416-9621-c5a2152b8764,2026-05-30 11:11:31,large_group_detected,total_animals=3,saved_frames/2026-05-30_11-11-31_large_group.jpg
74ebc9bf-a5df-4a56-8220-026aac5aa8d1,2026-05-30 11:11:32,large_group_detected,total_animals=4,saved_frames/2026-05-30_11-11-32_large_group.jpg
6f297484-fe6f-4e52-a319-bf9f8cae8adc,2026-05-30 11:11:32,large_group_detected,total_animals=3,saved_frames/2026-05-30_11-11-32_large_group.jpg
1b69b900-71c7-44bc-8c43-6b1cfaf46eee,2026-05-30 11:11:33,large_group_detected,total_animals=3,saved_frames/2026-05-30_11-11-33_large_group.jpg
aa701761-6085-4df7-a66c-498e3d42a9bd,2026-05-30 11:11:33,large_group_detected,total_animals=3,saved_frames/2026-05-30_11-11-33_large_group.jpg
94962bb7-d30d-4608-8c6f-48f00fb21554,2026-05-30 11:11:35,large_group_detected,total_animals=4,saved_frames/2026-05-30_11-11-35_large_group.jpg
2dab5e8a-98a6-43de-8cf0-4425680e7c8f,2026-05-30 11:11:35,large_group_detected,total_animals=3,saved_frames/2026-05-30_11-11-35_large_group.jpg
67f90b84-581d-47b5-a164-1c7723ae5665,2026-05-30 11:11:38,large_group_detected,total_animals=3,saved_frames/2026-05-30_11-11-38_large_group.jpg
c5b656f8-02e4-4079-9a0a-b11f337f0f7a,2026-05-30 11:11:40,large_group_detected,total_animals=3,saved_frames/2026-05-30_11-11-40_large_group.jpg
30dc571c-0c6e-4955-82a4-8799858c77da,2026-05-30 11:11:40,large_group_detected,total_animals=3,saved_frames/2026-05-30_11-11-40_large_group.jpg
6b50993c-6ba2-4815-9bb5-ac6911f1dd14,2026-05-30 11:11:41,large_group_detected,total_animals=3,saved_frames/2026-05-30_11-11-41_large_group.jpg
d69c0282-194e-4877-8e9c-985a3f93d460,2026-05-30 11:11:42,large_group_detected,total_animals=3,saved_frames/2026-05-30_11-11-42_large_group.jpg
27dd2ba5-aeb6-4f6d-aaec-ab53674d2f6b,2026-05-30 11:11:44,large_group_detected,total_animals=4,saved_frames/2026-05-30_11-11-44_large_group.jpg
7be74123-0b52-4f3c-bcd4-3eb01f3b33d4,2026-05-30 11:11:45,large_group_detected,total_animals=3,saved_frames/2026-05-30_11-11-45_large_group.jpg
a640ecb0-456b-4ce1-bed4-7e54c1524a0a,2026-05-30 11:11:45,large_group_detected,total_animals=3,saved_frames/2026-05-30_11-11-45_large_group.jpg
07976a79-7a80-40e0-962d-b93fb672df4e,2026-05-30 11:11:48,large_group_detected,total_animals=3,saved_frames/2026-05-30_11-11-48_large_group.jpg
b9ef8b60-6dc5-490a-9444-0f3d6b4f990a,2026-05-30 11:11:48,large_group_detected,total_animals=3,saved_frames/2026-05-30_11-11-48_large_group.jpg
7780cd90-8410-431c-a39d-816f5b75d691,2026-05-30 11:11:49,large_group_detected,total_animals=3,saved_frames/2026-05-30_11-11-49_large_group.jpg
2b685a26-3493-4bd9-8d4f-19ffb43774ee,2026-05-30 11:11:49,large_group_detected,total_animals=3,saved_frames/2026-05-30_11-11-49_large_group.jpg
23d4cee7-4a88-4bd3-ad51-401c020e724e,2026-05-30 11:11:49,large_group_detected,total_animals=3,saved_frames/2026-05-30_11-11-49_large_group.jpg
c2c1f4d5-fa96-4d6f-9c8a-3becf599c580,2026-05-30 11:11:53,large_group_detected,total_animals=3,saved_frames/2026-05-30_11-11-53_large_group.jpg
0320dd45-ef54-46dd-8b9f-65b7d40756c0,2026-05-30 11:11:54,large_group_detected,total_animals=3,saved_frames/2026-05-30_11-11-54_large_group.jpg
28394756-d3f6-4201-9682-da1f49d7baba,2026-05-30 11:11:54,large_group_detected,total_animals=3,saved_frames/2026-05-30_11-11-54_large_group.jpg
ac518d96-aaa6-473f-9ed5-216b5f9e3ac9,2026-05-30 11:11:54,large_group_detected,total_animals=4,saved_frames/2026-05-30_11-11-54_large_group.jpg
eb03442e-d9d6-43ca-878a-a9f8d132cf2a,2026-05-30 11:11:55,large_group_detected,total_animals=4,saved_frames/2026-05-30_11-11-55_large_group.jpg
853c0832-e671-4143-a20a-c5e3b0ba2e86,2026-05-30 11:11:56,large_group_detected,total_animals=3,saved_frames/2026-05-30_11-11-56_large_group.jpg
c656b9a4-0a62-4e29-89b9-3f8a3325bd6e,2026-05-30 11:11:57,large_group_detected,total_animals=4,saved_frames/2026-05-30_11-11-57_large_group.jpg
22504d8e-a5ce-4158-a1d5-bfe5c3eb8419,2026-05-30 11:11:57,large_group_detected,total_animals=3,saved_frames/2026-05-30_11-11-57_large_group.jpg
56b1e4cc-37ac-49ce-899c-748ecaf6129a,2026-05-30 11:11:58,large_group_detected,total_animals=3,saved_frames/2026-05-30_11-11-58_large_group.jpg
d699af26-6706-471d-adf8-00e7570eac5e,2026-05-30 11:11:58,large_group_detected,total_animals=3,saved_frames/2026-05-30_11-11-58_large_group.jpg
bda234a9-a960-42f1-abe9-6a09cae0292d,2026-05-30 11:12:00,large_group_detected,total_animals=3,saved_frames/2026-05-30_11-12-00_large_group.jpg
d776b0e3-0427-432a-9f27-328c8a61a518,2026-05-30 11:12:00,large_group_detected,total_animals=3,saved_frames/2026-05-30_11-12-00_large_group.jpg
9b81115e-1885-4627-856b-d9b09780053d,2026-05-30 11:12:20,large_group_detected,total_animals=3,saved_frames/2026-05-30_11-12-20_large_group.jpg
6170e139-502b-4d28-8d5f-d00e2dc4096d,2026-05-30 11:12:20,large_group_detected,total_animals=3,saved_frames/2026-05-30_11-12-20_large_group.jpg
e5200dc0-cb4d-4363-8848-02e3f9ff9318,2026-05-30 11:12:21,large_group_detected,total_animals=3,saved_frames/2026-05-30_11-12-21_large_group.jpg
b1706764-c471-465b-8209-ab7e1570fa00,2026-05-30 11:12:42,large_group_detected,total_animals=3,saved_frames/2026-05-30_11-12-42_large_group.jpg
765316e4-3188-4080-8395-3c525b87f365,2026-05-30 11:12:48,large_group_detected,total_animals=3,saved_frames/2026-05-30_11-12-48_large_group.jpg
c810425c-6f04-4a78-b884-e0665d4a6312,2026-05-30 11:12:51,large_group_detected,total_animals=3,saved_frames/2026-05-30_11-12-51_large_group.jpg
d272b6fd-afda-42d7-8afa-c50988866edf,2026-05-30 11:12:51,large_group_detected,total_animals=4,saved_frames/2026-05-30_11-12-51_large_group.jpg
1dc969bb-dcee-4e49-9ef9-a2c4f7b1d3f3,2026-05-30 11:12:53,large_group_detected,total_animals=4,saved_frames/2026-05-30_11-12-53_large_group.jpg
a2a51735-70d8-421d-97a6-8839d6a5b3e9,2026-05-30 11:12:54,large_group_detected,total_animals=4,saved_frames/2026-05-30_11-12-54_large_group.jpg
38deca81-e15b-4053-90df-8653fb64bfa4,2026-05-30 11:12:54,large_group_detected,total_animals=3,saved_frames/2026-05-30_11-12-54_large_group.jpg
2fb70514-7597-44e5-976d-556d3db8b0a7,2026-05-30 11:12:55,large_group_detected,total_animals=3,saved_frames/2026-05-30_11-12-55_large_group.jpg
afff6fd8-bde2-4be2-80cb-ed722519e1bf,2026-05-30 11:12:56,large_group_detected,total_animals=4,saved_frames/2026-05-30_11-12-56_large_group.jpg
9f2d1057-fdae-4d0c-ba48-b4c18730f3e0,2026-05-30 11:12:57,large_group_detected,total_animals=3,saved_frames/2026-05-30_11-12-57_large_group.jpg
54fd1751-81c6-490d-ba45-6043a2e87e55,2026-05-30 11:12:58,large_group_detected,total_animals=4,saved_frames/2026-05-30_11-12-58_large_group.jpg
16c6214b-e16e-4eed-bf4f-8d5219257ffa,2026-05-30 11:13:01,large_group_detected,total_animals=5,saved_frames/2026-05-30_11-13-01_large_group.jpg
6d40d81f-86bb-4273-8d50-16defcb6110b,2026-05-30 11:13:03,large_group_detected,total_animals=3,saved_frames/2026-05-30_11-13-03_large_group.jpg
4d466b56-99bf-4268-bf1c-2f1dee22beff,2026-05-30 11:13:03,large_group_detected,total_animals=4,saved_frames/2026-05-30_11-13-03_large_group.jpg
86f00245-cc36-4de3-92ae-24b913231490,2026-05-30 11:13:08,large_group_detected,total_animals=4,saved_frames/2026-05-30_11-13-08_large_group.jpg
9164305d-dbee-45e4-8088-270d9c4e60d3,2026-05-30 11:13:09,large_group_detected,total_animals=3,saved_frames/2026-05-30_11-13-09_large_group.jpg
f818a870-9969-4e51-b641-4f98a47255fd,2026-05-30 11:13:10,large_group_detected,total_animals=3,saved_frames/2026-05-30_11-13-10_large_group.jpg
adbf0997-d5ea-48a3-9989-561ecc96ac92,2026-05-30 11:13:12,large_group_detected,total_animals=3,saved_frames/2026-05-30_11-13-12_large_group.jpg
bf1af516-2060-4ae2-86df-70626ddc9cbc,2026-05-30 11:13:14,large_group_detected,total_animals=3,saved_frames/2026-05-30_11-13-14_large_group.jpg
9dbba833-89d2-4637-9f05-11c8450f867c,2026-05-30 11:13:15,large_group_detected,total_animals=3,saved_frames/2026-05-30_11-13-15_large_group.jpg
0865bdb5-5acd-42b2-9ff7-be77b0c4ba47,2026-05-30 11:13:15,large_group_detected,total_animals=3,saved_frames/2026-05-30_11-13-15_large_group.jpg
a6028cfb-333f-4e7a-b6d9-925b79633625,2026-05-30 11:13:16,large_group_detected,total_animals=3,saved_frames/2026-05-30_11-13-16_large_group.jpg
b2969c91-e037-46e8-9611-567c66594d9c,2026-05-30 11:13:16,large_group_detected,total_animals=3,saved_frames/2026-05-30_11-13-16_large_group.jpg
030861f2-81b7-4498-a283-116654dff859,2026-05-30 11:13:17,large_group_detected,total_animals=3,saved_frames/2026-05-30_11-13-17_large_group.jpg
9d61c87e-c0ad-4348-acaa-c8a0d039b56f,2026-05-30 11:13:18,large_group_detected,total_animals=3,saved_frames/2026-05-30_11-13-18_large_group.jpg
2e1aa395-7a77-435f-9b40-fdf17532b12a,2026-05-30 11:13:18,large_group_detected,total_animals=3,saved_frames/2026-05-30_11-13-18_large_group.jpg
c4ddc4e0-7c74-4014-9553-d741616f52b2,2026-05-30 11:13:18,large_group_detected,total_animals=3,saved_frames/2026-05-30_11-13-18_large_group.jpg
96df0856-bfae-4fd9-9313-54b7412c3a2a,2026-05-30 11:13:19,large_group_detected,total_animals=3,saved_frames/2026-05-30_11-13-19_large_group.jpg
272f0071-e844-484f-81c5-943c1995d62e,2026-05-30 11:13:19,large_group_detected,total_animals=3,saved_frames/2026-05-30_11-13-19_large_group.jpg
c54d01eb-7f58-4da5-a4e0-3daa52101348,2026-05-30 11:13:20,large_group_detected,total_animals=3,saved_frames/2026-05-30_11-13-20_large_group.jpg
8e7c9eb0-16c9-4d61-99ee-7701eb62f128,2026-05-30 11:13:20,large_group_detected,total_animals=3,saved_frames/2026-05-30_11-13-20_large_group.jpg
9f7344df-40eb-4c19-8f47-f0a568feec11,2026-05-30 11:13:21,large_group_detected,total_animals=3,saved_frames/2026-05-30_11-13-21_large_group.jpg
e4bc98b9-4866-4ac3-976c-3760155fd8fe,2026-05-30 11:13:22,large_group_detected,total_animals=3,saved_frames/2026-05-30_11-13-22_large_group.jpg
242fb3c7-d529-4bc3-a3a2-d57d55244dbe,2026-05-30 11:13:23,large_group_detected,total_animals=3,saved_frames/2026-05-30_11-13-23_large_group.jpg
45f26629-4bdb-441e-9223-2fe26685bd54,2026-05-30 11:13:26,large_group_detected,total_animals=3,saved_frames/2026-05-30_11-13-26_large_group.jpg
de3b8137-511f-4a52-9dcc-f29f49ec45b9,2026-05-30 11:13:26,large_group_detected,total_animals=3,saved_frames/2026-05-30_11-13-26_large_group.jpg
c6988d7d-b342-442b-aea1-67c234719bba,2026-05-30 11:13:26,large_group_detected,total_animals=3,saved_frames/2026-05-30_11-13-26_large_group.jpg
72792430-3651-4d72-b5f1-c58781da2e49,2026-05-30 11:13:27,large_group_detected,total_animals=3,saved_frames/2026-05-30_11-13-27_large_group.jpg
3b4e9d42-5eab-46e8-b311-db17f1efa986,2026-05-30 11:13:27,large_group_detected,total_animals=3,saved_frames/2026-05-30_11-13-27_large_group.jpg
05783ac8-597d-498f-99b9-7b840f140beb,2026-05-30 11:13:29,large_group_detected,total_animals=3,saved_frames/2026-05-30_11-13-29_large_group.jpg
a8dcc166-0d01-43e8-a0ec-070089377a60,2026-05-30 11:13:32,large_group_detected,total_animals=3,saved_frames/2026-05-30_11-13-32_large_group.jpg
acd41eea-118e-432f-a4cb-7a231e6561e4,2026-05-30 11:13:32,large_group_detected,total_animals=3,saved_frames/2026-05-30_11-13-32_large_group.jpg
c4c2f48e-e8e0-4ec7-8447-13df3e6b39f8,2026-05-30 11:13:36,large_group_detected,total_animals=3,saved_frames/2026-05-30_11-13-36_large_group.jpg
c35e2354-0b49-4c4c-99c1-751d2fd8d879,2026-05-30 11:13:37,large_group_detected,total_animals=3,saved_frames/2026-05-30_11-13-37_large_group.jpg
4c303fb9-e0e6-4da6-a48f-c6abb1bba888,2026-05-30 11:13:40,large_group_detected,total_animals=4,saved_frames/2026-05-30_11-13-40_large_group.jpg
fca7c13b-50e6-474e-b485-eeba98973486,2026-05-30 11:13:41,large_group_detected,total_animals=3,saved_frames/2026-05-30_11-13-41_large_group.jpg
1f46c9be-264b-410a-81f1-ab570a2216dc,2026-05-30 11:13:43,large_group_detected,total_animals=4,saved_frames/2026-05-30_11-13-43_large_group.jpg
78ec2734-9210-4072-af70-06f757027950,2026-05-30 11:13:45,large_group_detected,total_animals=3,saved_frames/2026-05-30_11-13-45_large_group.jpg
48b33bd9-478b-41db-b1ba-ce8c5deca180,2026-05-30 11:13:49,large_group_detected,total_animals=3,saved_frames/2026-05-30_11-13-49_large_group.jpg
c063c8dd-bc3d-484f-a6e9-4ad21e3e8ee8,2026-05-30 11:13:49,large_group_detected,total_animals=3,saved_frames/2026-05-30_11-13-49_large_group.jpg
9b210685-b5a4-481f-aec3-e2f066f18d83,2026-05-30 11:13:49,large_group_detected,total_animals=3,saved_frames/2026-05-30_11-13-49_large_group.jpg
40e6a01a-09df-4ec4-94e5-6470f5395c9d,2026-05-30 11:13:50,large_group_detected,total_animals=4,saved_frames/2026-05-30_11-13-50_large_group.jpg
4abf50bd-abf6-4de4-831d-25c56535fec6,2026-05-30 11:13:50,large_group_detected,total_animals=3,saved_frames/2026-05-30_11-13-50_large_group.jpg
784d195f-1b2c-4d45-80c4-1f11e924f88b,2026-05-30 11:13:50,large_group_detected,total_animals=3,saved_frames/2026-05-30_11-13-50_large_group.jpg
bf926eb4-f3c8-4aa1-b8ef-0bf77fef532b,2026-05-30 11:13:52,large_group_detected,total_animals=3,saved_frames/2026-05-30_11-13-52_large_group.jpg
b6007862-b0b2-42f2-b413-aca73634da4c,2026-05-30 11:13:53,large_group_detected,total_animals=3,saved_frames/2026-05-30_11-13-53_large_group.jpg
c07c2107-3ff2-4208-9164-6f9bf4c231e0,2026-05-30 11:13:55,large_group_detected,total_animals=3,saved_frames/2026-05-30_11-13-55_large_group.jpg
daed8522-2c08-4c77-8962-49292a5c7f22,2026-05-30 11:13:55,large_group_detected,total_animals=3,saved_frames/2026-05-30_11-13-55_large_group.jpg
1222d933-2e84-41c6-b59f-c427ac0ccd35,2026-05-30 11:13:56,large_group_detected,total_animals=3,saved_frames/2026-05-30_11-13-56_large_group.jpg
73ce137a-686a-476d-91e9-90e30fa3cd92,2026-05-30 11:13:58,large_group_detected,total_animals=3,saved_frames/2026-05-30_11-13-58_large_group.jpg
9fd5f442-6031-4e69-888d-6aed119877bb,2026-05-30 11:13:58,large_group_detected,total_animals=3,saved_frames/2026-05-30_11-13-58_large_group.jpg
8472aafb-6105-4d81-bca8-9799083aa57c,2026-05-30 11:14:00,large_group_detected,total_animals=3,saved_frames/2026-05-30_11-14-00_large_group.jpg
032e27f1-bb81-463e-86c1-375b9eb9069e,2026-05-30 11:14:01,large_group_detected,total_animals=3,saved_frames/2026-05-30_11-14-01_large_group.jpg
4571d15b-9c4d-437c-8747-eaafca716421,2026-05-30 11:14:02,large_group_detected,total_animals=3,saved_frames/2026-05-30_11-14-02_large_group.jpg
b9d3e150-0bf5-451b-9e19-bcc1d184cabb,2026-05-30 11:14:03,large_group_detected,total_animals=4,saved_frames/2026-05-30_11-14-03_large_group.jpg
d8fc234c-e4cb-4355-9946-4fa754bfa13d,2026-05-30 11:14:03,large_group_detected,total_animals=3,saved_frames/2026-05-30_11-14-03_large_group.jpg
d41489d3-028b-4382-a4b4-1f918b9f23cc,2026-05-30 11:14:04,large_group_detected,total_animals=3,saved_frames/2026-05-30_11-14-04_large_group.jpg
d00ea6dd-4911-41bb-9b1c-a1429a728768,2026-05-30 11:14:04,large_group_detected,total_animals=3,saved_frames/2026-05-30_11-14-04_large_group.jpg
f41e8930-7b09-4653-af7c-4be72745cac4,2026-05-30 11:14:05,large_group_detected,total_animals=4,saved_frames/2026-05-30_11-14-05_large_group.jpg
57c47df4-a94d-4e7f-a233-19f714bedcff,2026-05-30 11:14:05,large_group_detected,total_animals=3,saved_frames/2026-05-30_11-14-05_large_group.jpg
c025dac2-631f-4ec8-ab13-f03f725beff1,2026-05-30 11:14:05,large_group_detected,total_animals=3,saved_frames/2026-05-30_11-14-05_large_group.jpg
fcf27f59-b8b6-486e-92f0-0021707fdf12,2026-05-30 11:14:06,large_group_detected,total_animals=3,saved_frames/2026-05-30_11-14-06_large_group.jpg
7c3b7f60-c117-4147-840a-ee83059c42d5,2026-05-30 11:14:06,large_group_detected,total_animals=4,saved_frames/2026-05-30_11-14-06_large_group.jpg
08d841c8-5bfa-472d-af77-08adce607e92,2026-05-30 11:14:07,large_group_detected,total_animals=3,saved_frames/2026-05-30_11-14-07_large_group.jpg
add51126-78e2-4cfc-bee6-58dae430c48f,2026-05-30 11:14:08,large_group_detected,total_animals=3,saved_frames/2026-05-30_11-14-08_large_group.jpg
377afe7f-6cad-474d-98a0-3fbe1aef34d4,2026-05-30 11:14:08,large_group_detected,total_animals=3,saved_frames/2026-05-30_11-14-08_large_group.jpg
1b742f7d-e6fb-4445-97e1-546845719ec5,2026-05-30 11:14:10,large_group_detected,total_animals=3,saved_frames/2026-05-30_11-14-10_large_group.jpg
760e2495-3072-4c9b-864e-a752bfa79651,2026-05-30 11:14:11,large_group_detected,total_animals=3,saved_frames/2026-05-30_11-14-11_large_group.jpg
328760c1-b674-4565-bdce-d58bf1a34b92,2026-05-30 11:14:12,large_group_detected,total_animals=3,saved_frames/2026-05-30_11-14-12_large_group.jpg
0954b048-2967-401e-ae4f-9a75f1d8783e,2026-05-30 11:14:13,large_group_detected,total_animals=4,saved_frames/2026-05-30_11-14-13_large_group.jpg
f3ac5e01-8621-43ef-8172-40de9f8d5cb9,2026-05-30 11:14:15,large_group_detected,total_animals=3,saved_frames/2026-05-30_11-14-15_large_group.jpg
254bd301-19a5-4cc6-b1ee-3f0ff54972de,2026-05-30 11:14:16,large_group_detected,total_animals=3,saved_frames/2026-05-30_11-14-16_large_group.jpg
d9d6c1bc-c87a-4d80-b3eb-47624f57476a,2026-05-30 11:14:16,large_group_detected,total_animals=3,saved_frames/2026-05-30_11-14-16_large_group.jpg
46593c01-e7ca-4395-86dd-8bcd7f016799,2026-05-30 11:14:18,large_group_detected,total_animals=3,saved_frames/2026-05-30_11-14-18_large_group.jpg
da964efa-55b8-4103-bbc7-d35cede524c7,2026-05-30 11:14:19,large_group_detected,total_animals=3,saved_frames/2026-05-30_11-14-19_large_group.jpg
1dba550e-5c76-4bad-86cb-f8791295f800,2026-05-30 11:14:19,large_group_detected,total_animals=3,saved_frames/2026-05-30_11-14-19_large_group.jpg
7b228146-a123-440a-9fad-560c97a79f18,2026-05-30 11:14:20,large_group_detected,total_animals=3,saved_frames/2026-05-30_11-14-20_large_group.jpg
32eb79a5-236c-4cc5-96e7-4e9e1c041b0b,2026-05-30 11:14:21,large_group_detected,total_animals=3,saved_frames/2026-05-30_11-14-21_large_group.jpg
f7f8edb6-9ce7-4e65-bc05-2526de282dd2,2026-05-30 11:14:23,large_group_detected,total_animals=3,saved_frames/2026-05-30_11-14-23_large_group.jpg
dc239f00-d4d0-478b-b59e-227c0271db5e,2026-05-30 11:14:24,large_group_detected,total_animals=3,saved_frames/2026-05-30_11-14-24_large_group.jpg
eb905b50-681b-46e2-bd18-0470c8962708,2026-05-30 11:14:25,large_group_detected,total_animals=3,saved_frames/2026-05-30_11-14-25_large_group.jpg
5c35f2d7-9b97-406c-b7e6-2f192261734a,2026-05-30 11:14:25,large_group_detected,total_animals=4,saved_frames/2026-05-30_11-14-25_large_group.jpg
a4d57080-b413-41f3-8ab4-9cd34bd4eb0f,2026-05-30 11:14:30,large_group_detected,total_animals=4,saved_frames/2026-05-30_11-14-30_large_group.jpg
e22cb8e7-a58b-4f62-add3-9acc75f16fbb,2026-05-30 11:14:31,large_group_detected,total_animals=3,saved_frames/2026-05-30_11-14-31_large_group.jpg
90de185c-c754-4016-a57c-16c04a4bc5aa,2026-05-30 11:14:31,large_group_detected,total_animals=3,saved_frames/2026-05-30_11-14-31_large_group.jpg
4074d09b-f67e-44d6-8c39-e8b9d4c6bf88,2026-05-30 11:14:33,large_group_detected,total_animals=3,saved_frames/2026-05-30_11-14-33_large_group.jpg
e5e077bf-83a0-4fed-84dd-c9dffd000ca9,2026-05-30 11:14:34,large_group_detected,total_animals=3,saved_frames/2026-05-30_11-14-34_large_group.jpg
ff160800-4d3f-4583-af89-161ec9b20548,2026-05-30 11:14:34,large_group_detected,total_animals=3,saved_frames/2026-05-30_11-14-34_large_group.jpg
febe05d4-1fe0-4b36-b59d-b75d977fc70e,2026-05-30 11:14:35,large_group_detected,total_animals=3,saved_frames/2026-05-30_11-14-35_large_group.jpg
8602812a-a362-4267-983b-56d599db8ea4,2026-05-30 11:14:37,large_group_detected,total_animals=3,saved_frames/2026-05-30_11-14-37_large_group.jpg
61b5d69c-6be7-4d2e-a2f3-a7b007497e06,2026-05-30 11:14:37,large_group_detected,total_animals=3,saved_frames/2026-05-30_11-14-37_large_group.jpg
026d8b9f-cd0c-499b-bf27-0d5e99c3842a,2026-05-30 11:14:38,large_group_detected,total_animals=3,saved_frames/2026-05-30_11-14-38_large_group.jpg
7fcfcbec-d875-431b-be27-0e5e251e0651,2026-05-30 11:14:38,large_group_detected,total_animals=3,saved_frames/2026-05-30_11-14-38_large_group.jpg
05c74a07-c9ac-4d90-9d96-3f29c44662e2,2026-05-30 11:14:38,large_group_detected,total_animals=3,saved_frames/2026-05-30_11-14-38_large_group.jpg
0061f5ca-a130-4384-9347-8d6714e664b2,2026-05-30 11:14:38,large_group_detected,total_animals=3,saved_frames/2026-05-30_11-14-38_large_group.jpg
ce3db339-2dc7-41d2-85c2-0759634e3ff2,2026-05-30 11:14:40,large_group_detected,total_animals=3,saved_frames/2026-05-30_11-14-40_large_group.jpg
1b051116-0b65-46ac-99dd-91f8d50d0ac2,2026-05-30 11:14:40,large_group_detected,total_animals=3,saved_frames/2026-05-30_11-14-40_large_group.jpg
3987f937-19d0-44ea-b47d-ebdfb98ec63b,2026-05-30 11:14:40,large_group_detected,total_animals=3,saved_frames/2026-05-30_11-14-40_large_group.jpg
e5e6fce9-3faa-4f64-a2c8-963e311ddb4d,2026-05-30 11:14:41,large_group_detected,total_animals=3,saved_frames/2026-05-30_11-14-41_large_group.jpg
d6259e35-89aa-4960-8143-d174a62a45c8,2026-05-30 11:14:43,large_group_detected,total_animals=3,saved_frames/2026-05-30_11-14-43_large_group.jpg
98a30fd5-2793-4527-85a1-bbd23eb2d2e5,2026-05-30 11:14:44,large_group_detected,total_animals=3,saved_frames/2026-05-30_11-14-44_large_group.jpg
18834f27-29ca-4445-b36d-2ff43f61a585,2026-05-30 11:14:46,large_group_detected,total_animals=3,saved_frames/2026-05-30_11-14-46_large_group.jpg
bddd6e01-7da0-4655-897f-04e6d7e45f70,2026-05-30 11:14:46,large_group_detected,total_animals=3,saved_frames/2026-05-30_11-14-46_large_group.jpg
60412134-ae0f-464d-b84f-470e9c590ea9,2026-05-30 11:14:47,large_group_detected,total_animals=3,saved_frames/2026-05-30_11-14-47_large_group.jpg
3713cba2-574d-4120-980c-9d8ec3848b53,2026-05-30 11:14:47,large_group_detected,total_animals=3,saved_frames/2026-05-30_11-14-47_large_group.jpg
70f0d19b-a493-4414-9d55-29b31013004b,2026-05-30 11:14:49,large_group_detected,total_animals=3,saved_frames/2026-05-30_11-14-49_large_group.jpg
b985d8ab-6483-45fd-a9f6-de4b3783c933,2026-05-30 11:14:50,activity_ended,scene became empty,saved_frames/2026-05-30_11-14-50_activity_ended.jpg
546c4396-0c82-4a50-a9e6-e19bfc895b0f,2026-05-30 11:14:50,activity_started,counts={'zebra': 2},saved_frames/2026-05-30_11-14-50_activity_started.jpg
1f5626e4-24c3-4bfd-b125-37fcfa20da90,2026-05-30 11:14:50,new_species_detected,species=zebra,saved_frames/2026-05-30_11-14-50_new_zebra.jpg
58c345dc-e855-40e5-85a5-4075b7513637,2026-05-30 11:14:50,large_group_detected,total_animals=3,saved_frames/2026-05-30_11-14-50_large_group.jpg
2113962c-773b-4a18-92db-87cc9a20d7e0,2026-05-30 11:14:51,large_group_detected,total_animals=3,saved_frames/2026-05-30_11-14-51_large_group.jpg
87d69520-20d3-48de-88b3-9393aeded132,2026-05-30 11:14:51,large_group_detected,total_animals=3,saved_frames/2026-05-30_11-14-51_large_group.jpg
ed32da5a-7f8c-4dd4-8548-ce22823781d3,2026-05-30 11:14:52,large_group_detected,total_animals=3,saved_frames/2026-05-30_11-14-52_large_group.jpg
53f39f62-b6d9-4b30-ba51-c3e6872f7d1e,2026-05-30 11:15:02,large_group_detected,total_animals=3,saved_frames/2026-05-30_11-15-02_large_group.jpg
03105b9e-c2ce-449f-8e6e-f718fc8a1c13,2026-05-30 11:15:03,large_group_detected,total_animals=3,saved_frames/2026-05-30_11-15-03_large_group.jpg
49faaf89-ee5c-42ee-a030-e133a03294df,2026-05-30 11:15:03,large_group_detected,total_animals=3,saved_frames/2026-05-30_11-15-03_large_group.jpg
99c2526b-07c5-4038-90bc-e842e764c3f3,2026-05-30 11:15:04,large_group_detected,total_animals=3,saved_frames/2026-05-30_11-15-04_large_group.jpg
c4ce17e9-8385-44fb-9b29-b7bd24d70e7a,2026-05-30 11:15:04,large_group_detected,total_animals=3,saved_frames/2026-05-30_11-15-04_large_group.jpg
ae0f88bd-7f22-4829-ae53-3f2acd1bf04c,2026-05-30 11:15:06,large_group_detected,total_animals=3,saved_frames/2026-05-30_11-15-06_large_group.jpg
505ebdd5-3835-4873-99fb-4de9668b84fb,2026-05-30 11:15:09,large_group_detected,total_animals=3,saved_frames/2026-05-30_11-15-09_large_group.jpg
3340bbab-027a-41f6-bd4e-a0f226ac9da1,2026-05-30 11:15:10,large_group_detected,total_animals=3,saved_frames/2026-05-30_11-15-10_large_group.jpg
8b24f841-2bee-40af-9dbb-2a15f1b01a0f,2026-05-30 11:15:11,large_group_detected,total_animals=3,saved_frames/2026-05-30_11-15-11_large_group.jpg
a4012bf1-14cb-4a3a-b2f1-158551f5e80f,2026-05-30 11:15:12,large_group_detected,total_animals=3,saved_frames/2026-05-30_11-15-12_large_group.jpg
04ca3e3b-646d-48cf-bc7f-89b1f907de29,2026-05-30 11:15:13,large_group_detected,total_animals=4,saved_frames/2026-05-30_11-15-13_large_group.jpg
34707f50-09f0-4cae-a594-f427fc6820e0,2026-05-30 11:15:17,large_group_detected,total_animals=3,saved_frames/2026-05-30_11-15-17_large_group.jpg
6cc7140b-8993-442c-a291-5f06d7f81d61,2026-05-30 11:15:17,large_group_detected,total_animals=3,saved_frames/2026-05-30_11-15-17_large_group.jpg
cd3b98e4-1dab-47c0-986b-32fc6fc2bbf0,2026-05-30 11:15:17,large_group_detected,total_animals=3,saved_frames/2026-05-30_11-15-17_large_group.jpg
7f22470b-296a-44cc-8c16-6c367dd60b46,2026-05-30 11:15:18,large_group_detected,total_animals=3,saved_frames/2026-05-30_11-15-18_large_group.jpg
16d297fd-b3b0-4b22-be4a-3d4f0d18ff83,2026-05-30 11:15:19,large_group_detected,total_animals=3,saved_frames/2026-05-30_11-15-19_large_group.jpg
123ec1c0-6c29-4255-b545-1f4168c497f0,2026-05-30 11:15:19,large_group_detected,total_animals=3,saved_frames/2026-05-30_11-15-19_large_group.jpg
fa89590b-3789-42a1-8bba-2df034c70505,2026-05-30 11:15:19,large_group_detected,total_animals=3,saved_frames/2026-05-30_11-15-19_large_group.jpg
1ae6088d-ed65-4afa-ab49-95ff8f72bdc7,2026-05-30 11:15:20,large_group_detected,total_animals=3,saved_frames/2026-05-30_11-15-20_large_group.jpg
b0159aed-7de5-441f-bd76-1ad21b3d9aa2,2026-05-30 11:15:21,large_group_detected,total_animals=3,saved_frames/2026-05-30_11-15-21_large_group.jpg
0603a516-e7f4-4b6d-b0d5-fe1fa4710f92,2026-05-30 11:15:23,large_group_detected,total_animals=3,saved_frames/2026-05-30_11-15-23_large_group.jpg
f74b854b-12e5-4741-847b-111f3af12d76,2026-05-30 11:15:24,large_group_detected,total_animals=3,saved_frames/2026-05-30_11-15-24_large_group.jpg
6535bb12-a71b-4116-86be-baf9c7699607,2026-05-30 11:15:24,large_group_detected,total_animals=3,saved_frames/2026-05-30_11-15-24_large_group.jpg
177db474-ed97-4856-b0e6-11159db9a19e,2026-05-30 11:15:24,large_group_detected,total_animals=3,saved_frames/2026-05-30_11-15-24_large_group.jpg
a2d27387-ec6f-4411-8d1c-916539ab3677,2026-05-30 11:15:25,large_group_detected,total_animals=3,saved_frames/2026-05-30_11-15-25_large_group.jpg
4d4a122f-4b62-42bc-98e8-20da980c421c,2026-05-30 11:15:26,large_group_detected,total_animals=3,saved_frames/2026-05-30_11-15-26_large_group.jpg
2085c3bd-2c1d-4515-b7bb-8e0d784aaaba,2026-05-30 11:15:26,large_group_detected,total_animals=3,saved_frames/2026-05-30_11-15-26_large_group.jpg
b8928ee7-a7b4-4669-9b52-44b8c4f355a5,2026-05-30 11:15:28,large_group_detected,total_animals=3,saved_frames/2026-05-30_11-15-28_large_group.jpg
0edd7e58-1764-4c10-8139-56c04799a18c,2026-05-30 11:15:37,large_group_detected,total_animals=3,saved_frames/2026-05-30_11-15-37_large_group.jpg
9960363f-858e-4d99-aa0a-1a50f7e32759,2026-05-30 11:15:37,large_group_detected,total_animals=3,saved_frames/2026-05-30_11-15-37_large_group.jpg
7d4cf3e9-2b70-41e0-ac26-61d11b7f8c4a,2026-05-30 11:15:37,large_group_detected,total_animals=4,saved_frames/2026-05-30_11-15-37_large_group.jpg
8e1fae01-5b13-4601-bd00-ace976ab61d9,2026-05-30 11:15:38,large_group_detected,total_animals=3,saved_frames/2026-05-30_11-15-38_large_group.jpg
53bb971f-0a5c-4564-aca9-ebc81856afe7,2026-05-30 11:15:38,large_group_detected,total_animals=4,saved_frames/2026-05-30_11-15-38_large_group.jpg
49e5d231-8195-42a2-90a0-c37fb4c7ddfe,2026-05-30 11:15:43,large_group_detected,total_animals=3,saved_frames/2026-05-30_11-15-43_large_group.jpg
857fb367-87ae-4bfe-85a1-46af9868f271,2026-05-30 11:15:44,large_group_detected,total_animals=4,saved_frames/2026-05-30_11-15-44_large_group.jpg
b4f77b4e-50c2-471d-b846-669d28e5d2ea,2026-05-30 11:15:44,large_group_detected,total_animals=3,saved_frames/2026-05-30_11-15-44_large_group.jpg
4be6dd52-990a-49bc-8f61-b905b2dc1ce6,2026-05-30 11:15:52,large_group_detected,total_animals=3,saved_frames/2026-05-30_11-15-52_large_group.jpg
4cba5da7-1af8-412e-9ca7-a770f1007d89,2026-05-30 11:15:53,large_group_detected,total_animals=3,saved_frames/2026-05-30_11-15-53_large_group.jpg
bb86db50-8d9b-4c01-abef-612161f52d2c,2026-05-30 11:15:54,large_group_detected,total_animals=3,saved_frames/2026-05-30_11-15-54_large_group.jpg
aa7828fe-fefb-4cce-b979-19e4080ba3bb,2026-05-30 11:15:54,large_group_detected,total_animals=3,saved_frames/2026-05-30_11-15-54_large_group.jpg
70d38c00-fbe1-48cf-a5b3-815650f51eb2,2026-05-30 11:15:55,large_group_detected,total_animals=3,saved_frames/2026-05-30_11-15-55_large_group.jpg
7e533ab4-e94c-49b7-850d-c28c45af7a8e,2026-05-30 11:15:55,large_group_detected,total_animals=3,saved_frames/2026-05-30_11-15-55_large_group.jpg
633edaed-593f-4f7a-a3fe-c2324ca797ba,2026-05-30 11:15:56,large_group_detected,total_animals=3,saved_frames/2026-05-30_11-15-56_large_group.jpg
a3373ccc-9fbf-488e-8a20-198354a4cab4,2026-05-30 11:15:57,large_group_detected,total_animals=5,saved_frames/2026-05-30_11-15-57_large_group.jpg
e1190e13-0a02-45cc-ad3b-8427b3f7a4f2,2026-05-30 11:15:57,large_group_detected,total_animals=3,saved_frames/2026-05-30_11-15-57_large_group.jpg
eb6c0534-bdaf-4e53-85a4-7906558ae099,2026-05-30 11:15:57,large_group_detected,total_animals=3,saved_frames/2026-05-30_11-15-57_large_group.jpg
9f240835-ca54-4f0d-bafc-905b62d4d09c,2026-05-30 11:15:58,large_group_detected,total_animals=3,saved_frames/2026-05-30_11-15-58_large_group.jpg
eea1fd79-0f9f-40fd-af42-780353d1ff59,2026-05-30 11:15:58,large_group_detected,total_animals=3,saved_frames/2026-05-30_11-15-58_large_group.jpg
7d03c9ac-4af4-493c-aaaf-46c40d4ac456,2026-05-30 11:15:59,large_group_detected,total_animals=3,saved_frames/2026-05-30_11-15-59_large_group.jpg
162bd548-5700-4bde-bdeb-48d266348497,2026-05-30 11:15:59,large_group_detected,total_animals=3,saved_frames/2026-05-30_11-15-59_large_group.jpg
5694604f-8505-41bd-8d84-06536ccc025b,2026-05-30 11:16:00,large_group_detected,total_animals=3,saved_frames/2026-05-30_11-16-00_large_group.jpg
921e72aa-2759-46f4-a252-f0795c87d5ff,2026-05-30 11:16:00,large_group_detected,total_animals=3,saved_frames/2026-05-30_11-16-00_large_group.jpg
3cf1554e-8c1c-438b-8fe0-4af39798e701,2026-05-30 11:16:03,large_group_detected,total_animals=3,saved_frames/2026-05-30_11-16-03_large_group.jpg
7b8c2a19-2cd9-4cdf-a40b-240c1046fcaa,2026-05-30 11:16:04,large_group_detected,total_animals=3,saved_frames/2026-05-30_11-16-04_large_group.jpg
99fb7a83-bf08-48c0-b43d-11e422cd88d2,2026-05-30 11:17:06,large_group_detected,total_animals=3,saved_frames/2026-05-30_11-17-06_large_group.jpg
4d6335df-3bcd-4d4f-b837-55a33e38ba44,2026-05-30 11:17:07,large_group_detected,total_animals=3,saved_frames/2026-05-30_11-17-07_large_group.jpg
f0204e2b-bba0-47b2-9e3a-87522712a2e3,2026-05-30 11:17:07,large_group_detected,total_animals=4,saved_frames/2026-05-30_11-17-07_large_group.jpg
26e070d7-3a40-4bfe-bc54-fcaf0a48d259,2026-05-30 11:17:07,large_group_detected,total_animals=3,saved_frames/2026-05-30_11-17-07_large_group.jpg
447f91aa-b6bf-4b21-9b69-9242b3488d42,2026-05-30 11:17:08,large_group_detected,total_animals=3,saved_frames/2026-05-30_11-17-08_large_group.jpg
8454b644-759f-4f0a-89da-d95cd160105c,2026-05-30 11:17:09,large_group_detected,total_animals=3,saved_frames/2026-05-30_11-17-09_large_group.jpg
a28e0ea3-d6d6-404b-ae36-c05d702c9920,2026-05-30 11:17:09,large_group_detected,total_animals=3,saved_frames/2026-05-30_11-17-09_large_group.jpg
01cefb9b-19ad-46ed-bdba-5dd37981406b,2026-05-30 11:17:10,large_group_detected,total_animals=3,saved_frames/2026-05-30_11-17-10_large_group.jpg
ad654e1f-b943-4d85-859f-90127d1539f1,2026-05-30 11:17:10,large_group_detected,total_animals=3,saved_frames/2026-05-30_11-17-10_large_group.jpg
e7573c0d-c103-4142-96a8-ffdedfe9c5c5,2026-05-30 11:17:11,large_group_detected,total_animals=3,saved_frames/2026-05-30_11-17-11_large_group.jpg
918fbf0a-0012-408c-92eb-7a783ff9bf62,2026-05-30 11:17:13,large_group_detected,total_animals=3,saved_frames/2026-05-30_11-17-13_large_group.jpg
f6ef2729-807b-4d74-b007-f87cd788cc23,2026-05-30 11:17:14,large_group_detected,total_animals=3,saved_frames/2026-05-30_11-17-14_large_group.jpg
926e9ec3-bb33-4d59-a76c-e77798f0a0cd,2026-05-30 11:17:14,large_group_detected,total_animals=3,saved_frames/2026-05-30_11-17-14_large_group.jpg
04503677-f76b-48ef-8896-ad8de021ca57,2026-05-30 11:17:15,large_group_detected,total_animals=4,saved_frames/2026-05-30_11-17-15_large_group.jpg
30c158bd-3e11-49a7-9e31-c43271c58b39,2026-05-30 11:17:15,large_group_detected,total_animals=3,saved_frames/2026-05-30_11-17-15_large_group.jpg
d4b545fc-fb57-40bb-9470-77a0c4f10a43,2026-05-30 11:17:16,large_group_detected,total_animals=3,saved_frames/2026-05-30_11-17-16_large_group.jpg
cf9ccb83-dd17-4b03-b6f6-26625878565e,2026-05-30 11:17:16,large_group_detected,total_animals=3,saved_frames/2026-05-30_11-17-16_large_group.jpg
cd6ecb53-68cc-4d89-93ae-f6f1caffd1d0,2026-05-30 11:17:16,large_group_detected,total_animals=3,saved_frames/2026-05-30_11-17-16_large_group.jpg
59b5a0ce-c329-4d31-896c-16c66f0afe7a,2026-05-30 11:17:17,large_group_detected,total_animals=3,saved_frames/2026-05-30_11-17-17_large_group.jpg
6fb06d3f-adf7-42fc-8ee8-8a5338aedd07,2026-05-30 11:17:18,large_group_detected,total_animals=3,saved_frames/2026-05-30_11-17-18_large_group.jpg
6b34e52d-5649-41d6-9f06-6ad9aed86ada,2026-05-30 11:17:18,large_group_detected,total_animals=3,saved_frames/2026-05-30_11-17-18_large_group.jpg
8f8d5cd5-30d7-4fba-8f7d-8eb5567ac55d,2026-05-30 11:17:18,large_group_detected,total_animals=3,saved_frames/2026-05-30_11-17-18_large_group.jpg
bf91fcca-ddcf-40d7-9535-26896ec6f88c,2026-05-30 11:17:19,large_group_detected,total_animals=3,saved_frames/2026-05-30_11-17-19_large_group.jpg
6c4099ab-a7c1-46d0-a5c7-97c117e9500d,2026-05-30 11:17:19,large_group_detected,total_animals=4,saved_frames/2026-05-30_11-17-19_large_group.jpg
5166a777-d92c-4d9b-add5-61695cfdc139,2026-05-30 11:17:20,large_group_detected,total_animals=3,saved_frames/2026-05-30_11-17-20_large_group.jpg
77cdd5de-3d6e-44be-ac4d-314d61d957ba,2026-05-30 11:17:20,large_group_detected,total_animals=3,saved_frames/2026-05-30_11-17-20_large_group.jpg
21fb6707-2f5c-4564-9c38-9f9977e6c287,2026-05-30 11:17:20,large_group_detected,total_animals=3,saved_frames/2026-05-30_11-17-20_large_group.jpg
587924c4-135c-4807-8a86-0d61195a3951,2026-05-30 11:17:21,large_group_detected,total_animals=3,saved_frames/2026-05-30_11-17-21_large_group.jpg
951a4b5f-35a2-4fea-9ce4-afd6f1b711f9,2026-05-30 11:17:22,large_group_detected,total_animals=3,saved_frames/2026-05-30_11-17-22_large_group.jpg
4a8def9f-669f-4405-a8c4-c6a5aff441bc,2026-05-30 11:17:22,large_group_detected,total_animals=3,saved_frames/2026-05-30_11-17-22_large_group.jpg
0c2e833c-f205-471d-b64a-391031856fa1,2026-05-30 11:17:25,large_group_detected,total_animals=3,saved_frames/2026-05-30_11-17-25_large_group.jpg
70d3444a-4ed8-4730-a7da-2f5a2e1f1910,2026-05-30 11:17:25,large_group_detected,total_animals=3,saved_frames/2026-05-30_11-17-25_large_group.jpg
7ea885db-8beb-4d24-a8e4-daf3d5c1d32a,2026-05-30 11:17:26,large_group_detected,total_animals=3,saved_frames/2026-05-30_11-17-26_large_group.jpg
86bebb86-da76-4cc6-8053-b78e98194938,2026-05-30 11:17:26,large_group_detected,total_animals=3,saved_frames/2026-05-30_11-17-26_large_group.jpg
547ca7a6-1b90-4bb1-8e81-73b726b18dd4,2026-05-30 11:17:26,large_group_detected,total_animals=3,saved_frames/2026-05-30_11-17-26_large_group.jpg
93b3801d-b655-49a5-9d74-5478d121a94e,2026-05-30 11:17:27,large_group_detected,total_animals=3,saved_frames/2026-05-30_11-17-27_large_group.jpg
40b7442a-146e-4236-8eac-2c4c1434c9bc,2026-05-30 11:17:31,large_group_detected,total_animals=3,saved_frames/2026-05-30_11-17-31_large_group.jpg
e5016ea5-52a5-46b0-8598-08574fec5e93,2026-05-30 11:17:32,large_group_detected,total_animals=3,saved_frames/2026-05-30_11-17-32_large_group.jpg
cec3d52e-89ed-4699-94cf-b45eda5c50e1,2026-05-30 11:17:33,large_group_detected,total_animals=3,saved_frames/2026-05-30_11-17-33_large_group.jpg
3f9ed8ad-dca8-470b-9c20-654c681e6887,2026-05-30 11:17:35,large_group_detected,total_animals=3,saved_frames/2026-05-30_11-17-35_large_group.jpg
b466d3a5-c474-4a74-b67b-c2220adc9546,2026-05-30 11:17:36,large_group_detected,total_animals=3,saved_frames/2026-05-30_11-17-36_large_group.jpg
c0996b7c-f33c-4cca-ba29-3a5419fe3739,2026-05-30 11:17:36,large_group_detected,total_animals=3,saved_frames/2026-05-30_11-17-36_large_group.jpg
50738cad-ea85-411c-bf13-40abb8d2eb8a,2026-05-30 11:17:37,large_group_detected,total_animals=3,saved_frames/2026-05-30_11-17-37_large_group.jpg
90eed34d-e35b-4aee-8531-6ff24e0f4a6d,2026-05-30 11:17:37,large_group_detected,total_animals=3,saved_frames/2026-05-30_11-17-37_large_group.jpg
ff8701d4-25e7-448c-ac37-571fefd37dd5,2026-05-30 11:17:43,large_group_detected,total_animals=3,saved_frames/2026-05-30_11-17-43_large_group.jpg
bec06fe3-d5ef-477c-8f56-4e4ed689376b,2026-05-30 11:17:44,large_group_detected,total_animals=3,saved_frames/2026-05-30_11-17-44_large_group.jpg
6c3845d5-0594-41d4-b1a6-286ed53c32d9,2026-05-30 11:17:45,large_group_detected,total_animals=3,saved_frames/2026-05-30_11-17-45_large_group.jpg
01a8cc55-d3ae-4f85-8cb9-ea6a25c6b4fd,2026-05-30 11:17:46,large_group_detected,total_animals=3,saved_frames/2026-05-30_11-17-46_large_group.jpg
6fbd2cb9-e359-48da-aef7-332d90b8086a,2026-05-30 11:17:46,large_group_detected,total_animals=3,saved_frames/2026-05-30_11-17-46_large_group.jpg
63ab0ac8-a231-4f82-b6a0-9e3fbc050eb6,2026-05-30 11:17:47,large_group_detected,total_animals=3,saved_frames/2026-05-30_11-17-47_large_group.jpg
1d412e39-f65b-4720-bc35-8ed75f1d7ce2,2026-05-30 11:17:49,large_group_detected,total_animals=3,saved_frames/2026-05-30_11-17-49_large_group.jpg
6f8b9c6b-c18d-49f0-a976-4aa9d53e4d01,2026-05-30 11:17:49,large_group_detected,total_animals=4,saved_frames/2026-05-30_11-17-49_large_group.jpg
6e1482a0-82f7-451a-90dd-9f8572e400c3,2026-05-30 11:17:51,large_group_detected,total_animals=3,saved_frames/2026-05-30_11-17-51_large_group.jpg
d850874f-dc2b-4da6-8e27-2ac305ec3a4c,2026-05-30 11:17:52,large_group_detected,total_animals=3,saved_frames/2026-05-30_11-17-52_large_group.jpg
70711255-050a-4255-a138-f4f9ff01808c,2026-05-30 11:17:52,large_group_detected,total_animals=3,saved_frames/2026-05-30_11-17-52_large_group.jpg
75fd41c2-c01c-40df-88d7-116b47135e9e,2026-05-30 11:17:53,large_group_detected,total_animals=3,saved_frames/2026-05-30_11-17-53_large_group.jpg
23d088ae-f16a-4501-9a7b-8393478e8dc6,2026-05-30 11:17:55,large_group_detected,total_animals=3,saved_frames/2026-05-30_11-17-55_large_group.jpg
abca7f5b-b753-4528-b185-8ff306925dde,2026-05-30 11:17:56,large_group_detected,total_animals=3,saved_frames/2026-05-30_11-17-56_large_group.jpg
99f9ab53-b67f-4574-9ef5-7bfd54d709ec,2026-05-30 11:17:56,large_group_detected,total_animals=3,saved_frames/2026-05-30_11-17-56_large_group.jpg
591772ff-31e8-45c8-bc7c-2ea80f3b7d60,2026-05-30 11:17:59,large_group_detected,total_animals=3,saved_frames/2026-05-30_11-17-59_large_group.jpg
374c5a4b-8a7f-4ce2-b6b8-d48200cb1409,2026-05-30 11:17:59,large_group_detected,total_animals=3,saved_frames/2026-05-30_11-17-59_large_group.jpg
b6300787-efd2-471d-8ca7-dcd192791bb9,2026-05-30 11:17:59,large_group_detected,total_animals=3,saved_frames/2026-05-30_11-17-59_large_group.jpg
5603df9a-d4dd-40c1-86b3-ce25508334af,2026-05-30 11:18:00,large_group_detected,total_animals=3,saved_frames/2026-05-30_11-18-00_large_group.jpg
5979fa38-eae0-4e5a-a59b-bd87ae9e0fa5,2026-05-30 11:18:01,large_group_detected,total_animals=4,saved_frames/2026-05-30_11-18-01_large_group.jpg
a85ee8c9-d111-4ec0-af7d-9ecd7220fff7,2026-05-30 11:18:01,large_group_detected,total_animals=4,saved_frames/2026-05-30_11-18-01_large_group.jpg
453a7858-3c1a-447a-8623-cacada402838,2026-05-30 11:18:01,large_group_detected,total_animals=3,saved_frames/2026-05-30_11-18-01_large_group.jpg
6d0b1f4e-137c-4a5c-b435-938a04757bfb,2026-05-30 11:18:02,large_group_detected,total_animals=4,saved_frames/2026-05-30_11-18-02_large_group.jpg
14fdc0d8-29b1-4723-a2d4-392054ae9765,2026-05-30 11:18:04,large_group_detected,total_animals=3,saved_frames/2026-05-30_11-18-04_large_group.jpg
eb263da7-2f71-4649-8c2e-5ee06a5fb07c,2026-05-30 11:18:04,large_group_detected,total_animals=3,saved_frames/2026-05-30_11-18-04_large_group.jpg
a4fa492c-2556-4ace-93df-31fedb493708,2026-05-30 11:18:06,large_group_detected,total_animals=3,saved_frames/2026-05-30_11-18-06_large_group.jpg
058206cf-ebf8-4a5c-b028-7db27826202b,2026-05-30 11:18:13,large_group_detected,total_animals=3,saved_frames/2026-05-30_11-18-13_large_group.jpg
da735277-b887-430e-ba10-e4507b7dba1e,2026-05-30 11:18:24,large_group_detected,total_animals=4,saved_frames/2026-05-30_11-18-24_large_group.jpg
6515ee5f-4aa7-4a3a-ad48-f8c19d8713c0,2026-05-30 11:18:25,large_group_detected,total_animals=3,saved_frames/2026-05-30_11-18-25_large_group.jpg
7bc89b50-8019-42b1-be61-a7eabd477382,2026-05-30 11:18:25,large_group_detected,total_animals=3,saved_frames/2026-05-30_11-18-25_large_group.jpg
991b2eb4-6d4d-4436-8d15-5d250d653f27,2026-05-30 11:18:26,large_group_detected,total_animals=3,saved_frames/2026-05-30_11-18-26_large_group.jpg
2148d17b-15ce-47c6-9b25-a2721c1572c6,2026-05-30 11:18:26,large_group_detected,total_animals=3,saved_frames/2026-05-30_11-18-26_large_group.jpg
ccb0ecc3-eed2-460c-8f39-f51d956ef21b,2026-05-30 11:18:26,large_group_detected,total_animals=3,saved_frames/2026-05-30_11-18-26_large_group.jpg
d14561de-b889-411c-8221-4caf9aa4053c,2026-05-30 11:18:27,large_group_detected,total_animals=3,saved_frames/2026-05-30_11-18-27_large_group.jpg
2d8f9a09-1b64-44ab-a056-86b64e49e6bc,2026-05-30 11:18:27,large_group_detected,total_animals=3,saved_frames/2026-05-30_11-18-27_large_group.jpg
33d7f5d8-a427-490c-b36e-7dfce77cbfdb,2026-05-30 11:18:34,large_group_detected,total_animals=4,saved_frames/2026-05-30_11-18-34_large_group.jpg
733d2b60-8461-43d7-a147-14cd27289c05,2026-05-30 11:18:37,large_group_detected,total_animals=3,saved_frames/2026-05-30_11-18-37_large_group.jpg
9ce464e6-37d1-488d-9663-dc1d62f4a7ef,2026-05-30 11:18:47,large_group_detected,total_animals=3,saved_frames/2026-05-30_11-18-47_large_group.jpg
32620e12-ad09-49e8-bdfa-9ec59622612e,2026-05-30 11:18:48,large_group_detected,total_animals=3,saved_frames/2026-05-30_11-18-48_large_group.jpg
d5a63b9e-07a7-433b-8ff7-ff3b12dbf076,2026-05-30 11:18:48,large_group_detected,total_animals=3,saved_frames/2026-05-30_11-18-48_large_group.jpg
9a9a6ae3-a72d-46fc-9e4c-68d787b7f974,2026-05-30 11:18:49,large_group_detected,total_animals=4,saved_frames/2026-05-30_11-18-49_large_group.jpg
f3309c5a-6870-423d-8e70-c61638f185b8,2026-05-30 11:18:49,large_group_detected,total_animals=3,saved_frames/2026-05-30_11-18-49_large_group.jpg
b3c1c599-45dd-4ac5-aa16-dc1e205122c2,2026-05-30 11:18:50,large_group_detected,total_animals=3,saved_frames/2026-05-30_11-18-50_large_group.jpg
c30391a0-2a6b-4749-be01-9d861d557268,2026-05-30 11:18:50,large_group_detected,total_animals=4,saved_frames/2026-05-30_11-18-50_large_group.jpg
b62b4723-c874-4642-95e9-d97bd61b3137,2026-05-30 11:18:50,large_group_detected,total_animals=3,saved_frames/2026-05-30_11-18-50_large_group.jpg
7e85281e-bd7a-48c3-a47d-d1776ec10d20,2026-05-30 11:18:50,large_group_detected,total_animals=3,saved_frames/2026-05-30_11-18-50_large_group.jpg
37b7c932-aa7d-4db5-a69e-078926e8f948,2026-05-30 11:18:51,large_group_detected,total_animals=3,saved_frames/2026-05-30_11-18-51_large_group.jpg
defbd276-9234-4e21-880c-941dd2923812,2026-05-30 11:18:51,large_group_detected,total_animals=3,saved_frames/2026-05-30_11-18-51_large_group.jpg
76901245-23a1-4942-8113-96f2162f0618,2026-05-30 11:18:51,large_group_detected,total_animals=3,saved_frames/2026-05-30_11-18-51_large_group.jpg
ec63e509-0a22-4c00-83c0-fef8cc0ac16a,2026-05-30 11:18:52,large_group_detected,total_animals=3,saved_frames/2026-05-30_11-18-52_large_group.jpg
d9b30e70-71a8-4040-9bcb-481b1256b30a,2026-05-30 11:18:53,large_group_detected,total_animals=3,saved_frames/2026-05-30_11-18-53_large_group.jpg
c2403b35-8f22-4d37-a2e7-f1bce8f2e6ae,2026-05-30 11:18:54,large_group_detected,total_animals=3,saved_frames/2026-05-30_11-18-54_large_group.jpg
a5f5f08e-a4da-4b83-9129-42086f453c3d,2026-05-30 11:18:55,large_group_detected,total_animals=3,saved_frames/2026-05-30_11-18-55_large_group.jpg
cba445e2-b17a-42dc-994a-ba9e741ee197,2026-05-30 11:18:59,large_group_detected,total_animals=3,saved_frames/2026-05-30_11-18-59_large_group.jpg
8fa59b17-af99-4991-999d-fab4ac0c064d,2026-05-30 11:19:01,large_group_detected,total_animals=3,saved_frames/2026-05-30_11-19-01_large_group.jpg
a9df9f45-926a-46f6-8239-32f4a986afc4,2026-05-30 11:19:02,large_group_detected,total_animals=3,saved_frames/2026-05-30_11-19-02_large_group.jpg
004a79d3-b4b4-4c02-bb8b-74580306da45,2026-05-30 11:19:03,large_group_detected,total_animals=3,saved_frames/2026-05-30_11-19-03_large_group.jpg
d34a946d-a00f-4986-88fb-39e98b6a33f6,2026-05-30 11:19:05,activity_ended,scene became empty,saved_frames/2026-05-30_11-19-05_activity_ended.jpg
abb459c5-bc41-445a-b0f2-124caaac3364,2026-05-30 11:19:05,activity_started,counts={'zebra': 2},saved_frames/2026-05-30_11-19-05_activity_started.jpg
50382be8-a67c-4bf4-be47-942692b807a0,2026-05-30 11:19:05,new_species_detected,species=zebra,saved_frames/2026-05-30_11-19-05_new_zebra.jpg
874f2575-4d92-4534-bca0-d58c4108ea88,2026-05-30 11:19:05,large_group_detected,total_animals=3,saved_frames/2026-05-30_11-19-05_large_group.jpg
c4d9b007-445c-4581-8ca4-5bf5fcb70130,2026-05-30 11:19:06,large_group_detected,total_animals=3,saved_frames/2026-05-30_11-19-06_large_group.jpg
da6220d6-cae7-4bc8-8fdd-09a990a1fd91,2026-05-30 11:19:06,large_group_detected,total_animals=3,saved_frames/2026-05-30_11-19-06_large_group.jpg
364a7e84-9312-439f-8736-029143f10702,2026-05-30 11:19:07,large_group_detected,total_animals=4,saved_frames/2026-05-30_11-19-07_large_group.jpg
bc56e6dc-7de0-477a-844d-4fb809c618a9,2026-05-30 11:19:08,large_group_detected,total_animals=3,saved_frames/2026-05-30_11-19-08_large_group.jpg
7ee8ba8c-bc07-4b65-8d8a-518a6cbcaa3e,2026-05-30 11:19:08,large_group_detected,total_animals=3,saved_frames/2026-05-30_11-19-08_large_group.jpg
23d7f94b-fd6b-4c82-952d-1caedddb21ec,2026-05-30 11:19:08,large_group_detected,total_animals=3,saved_frames/2026-05-30_11-19-08_large_group.jpg
7ecbfa8e-0a33-4390-af09-fdcdf746ff56,2026-05-30 11:19:08,large_group_detected,total_animals=3,saved_frames/2026-05-30_11-19-08_large_group.jpg
5d683ce3-869d-429d-a7bc-d9313f40726a,2026-05-30 11:19:09,large_group_detected,total_animals=3,saved_frames/2026-05-30_11-19-09_large_group.jpg
cc54e15b-cd33-4fb9-bbe4-447c211df7b6,2026-05-30 11:19:09,large_group_detected,total_animals=3,saved_frames/2026-05-30_11-19-09_large_group.jpg
75dfc34c-4d79-465e-b518-489a8e7f4811,2026-05-30 11:19:10,large_group_detected,total_animals=3,saved_frames/2026-05-30_11-19-10_large_group.jpg
77f8eece-2899-43ba-badf-7373bfa5d20e,2026-05-30 11:19:11,large_group_detected,total_animals=3,saved_frames/2026-05-30_11-19-11_large_group.jpg
5b1354ae-27ad-4990-944b-c25b1c71a182,2026-05-30 11:19:11,large_group_detected,total_animals=3,saved_frames/2026-05-30_11-19-11_large_group.jpg
f36fb5d7-59ac-4957-97e8-cb16eb30a851,2026-05-30 11:19:11,large_group_detected,total_animals=4,saved_frames/2026-05-30_11-19-11_large_group.jpg
1367496e-7b36-4b29-920e-428e3e95835b,2026-05-30 11:19:11,large_group_detected,total_animals=3,saved_frames/2026-05-30_11-19-11_large_group.jpg
5a15d68d-1d9f-4c14-afb4-34605f46e4da,2026-05-30 11:19:12,large_group_detected,total_animals=3,saved_frames/2026-05-30_11-19-12_large_group.jpg
d5558ffd-e01f-4dde-8385-47a59fa00683,2026-05-30 11:19:13,large_group_detected,total_animals=3,saved_frames/2026-05-30_11-19-13_large_group.jpg
5d20a173-7460-46ae-bd6e-c60c6749f67c,2026-05-30 11:19:14,large_group_detected,total_animals=3,saved_frames/2026-05-30_11-19-14_large_group.jpg
56b4e533-3b1f-4f54-a24a-54212207193c,2026-05-30 11:19:15,large_group_detected,total_animals=3,saved_frames/2026-05-30_11-19-15_large_group.jpg
91aa74f4-5bb8-47f5-a00a-801368b5e903,2026-05-30 11:19:15,activity_ended,scene became empty,saved_frames/2026-05-30_11-19-15_activity_ended.jpg
2c4426cb-8e81-47f7-8545-de9feb0c69f6,2026-05-30 11:19:15,activity_started,counts={'zebra': 2},saved_frames/2026-05-30_11-19-15_activity_started.jpg
24fc257a-2935-4342-aba8-ce95c0e290bd,2026-05-30 11:19:15,new_species_detected,species=zebra,saved_frames/2026-05-30_11-19-15_new_zebra.jpg
47f808bb-089e-40eb-887b-1401a020d9b8,2026-05-30 11:19:16,large_group_detected,total_animals=4,saved_frames/2026-05-30_11-19-16_large_group.jpg
d3c2a93e-c01d-42a3-bda5-609edb9faa99,2026-05-30 11:19:17,large_group_detected,total_animals=3,saved_frames/2026-05-30_11-19-17_large_group.jpg
106cae4f-fe23-4431-9c1f-18b4b1dd067d,2026-05-30 11:19:19,large_group_detected,total_animals=3,saved_frames/2026-05-30_11-19-19_large_group.jpg
061deca0-3a9a-46ed-b6d9-f3602d320bc1,2026-05-30 11:19:19,large_group_detected,total_animals=3,saved_frames/2026-05-30_11-19-19_large_group.jpg
2127add6-0659-47fb-bb88-8c4600506743,2026-05-30 11:19:19,large_group_detected,total_animals=3,saved_frames/2026-05-30_11-19-19_large_group.jpg
1dbf146d-0efe-49a8-b03c-6c2a2d1bf299,2026-05-30 11:19:20,large_group_detected,total_animals=3,saved_frames/2026-05-30_11-19-20_large_group.jpg
c47214f5-eccd-48f3-829a-bd3a835ab24d,2026-05-30 11:19:22,large_group_detected,total_animals=3,saved_frames/2026-05-30_11-19-22_large_group.jpg
89632bcd-6ed2-46aa-8630-94d0cab2d75a,2026-05-30 11:19:22,large_group_detected,total_animals=3,saved_frames/2026-05-30_11-19-22_large_group.jpg
6b3b741d-b75f-41a5-94b0-622a56968939,2026-05-30 11:19:23,large_group_detected,total_animals=3,saved_frames/2026-05-30_11-19-23_large_group.jpg
cfaa49f9-e311-4b17-b7d1-99ed33296d01,2026-05-30 11:19:23,large_group_detected,total_animals=3,saved_frames/2026-05-30_11-19-23_large_group.jpg
2643007f-21ce-49ec-b91c-d74d87a8c156,2026-05-30 11:19:24,large_group_detected,total_animals=3,saved_frames/2026-05-30_11-19-24_large_group.jpg
a21b1349-b065-47cf-ab70-01aa1e4e7b6f,2026-05-30 11:19:26,large_group_detected,total_animals=3,saved_frames/2026-05-30_11-19-26_large_group.jpg
cf7f3d7f-61f6-42b3-b2a6-fe3bffdb6c08,2026-05-30 11:19:26,large_group_detected,total_animals=3,saved_frames/2026-05-30_11-19-26_large_group.jpg
a59a3b87-b70e-484a-b84d-b821e21f128a,2026-05-30 11:19:27,large_group_detected,total_animals=3,saved_frames/2026-05-30_11-19-27_large_group.jpg
3293603c-5d29-4654-9007-2fdadbd82de4,2026-05-30 11:19:28,large_group_detected,total_animals=3,saved_frames/2026-05-30_11-19-28_large_group.jpg
6185971e-605a-462e-ab47-c3587dfc40a3,2026-05-30 11:19:28,activity_ended,scene became empty,saved_frames/2026-05-30_11-19-28_activity_ended.jpg
ba618b47-35f1-4759-ad2f-8a1877935b64,2026-05-30 11:19:29,activity_started,counts={'zebra': 1},saved_frames/2026-05-30_11-19-29_activity_started.jpg
3bf5a60a-f270-402e-8343-0f49ebf18e61,2026-05-30 11:19:29,new_species_detected,species=zebra,saved_frames/2026-05-30_11-19-29_new_zebra.jpg
4bf32c08-4593-4369-8c9d-cd3b33b6a0b1,2026-05-30 11:19:29,activity_ended,scene became empty,saved_frames/2026-05-30_11-19-29_activity_ended.jpg
b3b0b25a-2792-429b-82ab-53946ada5424,2026-05-30 11:19:29,activity_started,counts={'zebra': 1},saved_frames/2026-05-30_11-19-29_activity_started.jpg
ad80977c-c4ec-4db6-9636-d33ea17ab90e,2026-05-30 11:19:29,new_species_detected,species=zebra,saved_frames/2026-05-30_11-19-29_new_zebra.jpg
5f01ac6f-79c9-41c6-9557-749b748ddcef,2026-05-30 11:19:31,large_group_detected,total_animals=3,saved_frames/2026-05-30_11-19-31_large_group.jpg
830f0758-de7c-4504-976a-90bef6ee3907,2026-05-30 11:19:32,large_group_detected,total_animals=3,saved_frames/2026-05-30_11-19-32_large_group.jpg
1178d181-fd45-4674-a6e2-2a7990282cec,2026-05-30 11:19:32,large_group_detected,total_animals=3,saved_frames/2026-05-30_11-19-32_large_group.jpg
9d23af7d-3041-47cb-aeb8-b5b8b274a209,2026-05-30 11:19:32,large_group_detected,total_animals=3,saved_frames/2026-05-30_11-19-32_large_group.jpg
e659b3af-0816-4220-a9fe-5da8568237df,2026-05-30 11:19:33,large_group_detected,total_animals=3,saved_frames/2026-05-30_11-19-33_large_group.jpg
be22ca12-16f8-42d9-8f86-f3333090a1cd,2026-05-30 11:19:34,large_group_detected,total_animals=3,saved_frames/2026-05-30_11-19-34_large_group.jpg
62b4aefc-7d2c-4a07-be2c-2c9aa24e3eae,2026-05-30 11:19:36,large_group_detected,total_animals=3,saved_frames/2026-05-30_11-19-36_large_group.jpg
d3917969-9296-4a27-96ec-533def0798d3,2026-05-30 11:19:36,large_group_detected,total_animals=3,saved_frames/2026-05-30_11-19-36_large_group.jpg
92c3d38a-db03-4f3f-816b-832166818844,2026-05-30 11:19:37,large_group_detected,total_animals=3,saved_frames/2026-05-30_11-19-37_large_group.jpg
845232fb-5115-48d9-809a-5795287736ec,2026-05-30 11:19:37,large_group_detected,total_animals=3,saved_frames/2026-05-30_11-19-37_large_group.jpg
d2133fdb-6971-4f9b-9393-5c0addc233ab,2026-05-30 11:19:37,large_group_detected,total_animals=3,saved_frames/2026-05-30_11-19-37_large_group.jpg
ee0ac6e3-1111-4697-9bff-4e1cab331691,2026-05-30 11:19:39,large_group_detected,total_animals=4,saved_frames/2026-05-30_11-19-39_large_group.jpg
76e2bcdf-3ef2-43a9-8c0a-bf5fe6b0bf6e,2026-05-30 11:19:39,large_group_detected,total_animals=3,saved_frames/2026-05-30_11-19-39_large_group.jpg
775ff9ec-2203-4e04-a6e9-e41291748062,2026-05-30 11:19:40,large_group_detected,total_animals=3,saved_frames/2026-05-30_11-19-40_large_group.jpg
c9dee967-31c5-4c77-b287-3ec0e4986a2a,2026-05-30 11:19:42,activity_ended,scene became empty,saved_frames/2026-05-30_11-19-42_activity_ended.jpg
a361358b-555f-426b-87de-955f44817934,2026-05-30 11:19:42,activity_started,counts={'zebra': 1},saved_frames/2026-05-30_11-19-42_activity_started.jpg
ee6c666f-9945-4a4c-80a0-df18718e4e38,2026-05-30 11:19:42,new_species_detected,species=zebra,saved_frames/2026-05-30_11-19-42_new_zebra.jpg
2b4074c0-31ba-43a1-a06d-0250a1cbeea6,2026-05-30 11:19:42,activity_ended,scene became empty,saved_frames/2026-05-30_11-19-42_activity_ended.jpg
2cd2647c-22ab-4032-9f85-e0e036c48d53,2026-05-30 11:19:42,activity_started,counts={'zebra': 2},saved_frames/2026-05-30_11-19-42_activity_started.jpg
289b5276-ee93-487b-bcc9-d66bd0aabff2,2026-05-30 11:19:42,new_species_detected,species=zebra,saved_frames/2026-05-30_11-19-42_new_zebra.jpg
bcd7b219-fc73-40d1-95f0-74da92562213,2026-05-30 11:19:45,large_group_detected,total_animals=3,saved_frames/2026-05-30_11-19-45_large_group.jpg
223f7093-7839-42b5-94ca-d4a728dd37c6,2026-05-30 11:19:45,large_group_detected,total_animals=3,saved_frames/2026-05-30_11-19-45_large_group.jpg
c334d4fa-4fe2-42eb-bd1d-531ed077806f,2026-05-30 11:19:46,large_group_detected,total_animals=3,saved_frames/2026-05-30_11-19-46_large_group.jpg
42fd3a87-dc08-40d8-ac53-b4b1f22a8ffb,2026-05-30 11:19:46,large_group_detected,total_animals=3,saved_frames/2026-05-30_11-19-46_large_group.jpg
714bd566-b1de-48d3-8a22-6b184c5e00e9,2026-05-30 11:19:48,large_group_detected,total_animals=4,saved_frames/2026-05-30_11-19-48_large_group.jpg
37c27a17-993e-4744-967f-7ef9baab259e,2026-05-30 11:19:50,large_group_detected,total_animals=3,saved_frames/2026-05-30_11-19-50_large_group.jpg
ab002f59-b19d-499a-95e3-d44f95e8ced7,2026-05-30 11:19:51,large_group_detected,total_animals=3,saved_frames/2026-05-30_11-19-51_large_group.jpg
970e8a9d-c71d-4196-b4ff-7ab8f3eb7f43,2026-05-30 11:19:52,large_group_detected,total_animals=3,saved_frames/2026-05-30_11-19-52_large_group.jpg
2812efe6-5ab2-4922-8c8d-61bffca81e79,2026-05-30 11:19:52,large_group_detected,total_animals=3,saved_frames/2026-05-30_11-19-52_large_group.jpg
59eeb3ce-094e-421d-88ab-4e600978d300,2026-05-30 11:19:54,large_group_detected,total_animals=3,saved_frames/2026-05-30_11-19-54_large_group.jpg
cf220ae6-d13a-4888-a481-d925820077f7,2026-05-30 11:19:54,large_group_detected,total_animals=4,saved_frames/2026-05-30_11-19-54_large_group.jpg
de3e3c92-8be4-4b0d-8fee-4d71e8edfb12,2026-05-30 11:19:56,large_group_detected,total_animals=3,saved_frames/2026-05-30_11-19-56_large_group.jpg
d546f89d-987d-428d-b029-c13dfa5e0b9d,2026-05-30 11:19:57,large_group_detected,total_animals=3,saved_frames/2026-05-30_11-19-57_large_group.jpg
5f7e0704-a297-4c64-90e2-fa58281b0a61,2026-05-30 11:19:57,large_group_detected,total_animals=3,saved_frames/2026-05-30_11-19-57_large_group.jpg
44f09326-ff4b-49d7-9443-2e8f6dd878e2,2026-05-30 11:19:58,large_group_detected,total_animals=3,saved_frames/2026-05-30_11-19-58_large_group.jpg
f31442d9-4608-4a3e-8f9a-05852ed919cc,2026-05-30 11:19:58,large_group_detected,total_animals=3,saved_frames/2026-05-30_11-19-58_large_group.jpg
21762055-ad65-46c7-b0ae-55febff06530,2026-05-30 11:20:00,large_group_detected,total_animals=3,saved_frames/2026-05-30_11-20-00_large_group.jpg
ae9effd0-f42b-4576-b3fb-ca4402e27023,2026-05-30 11:20:00,large_group_detected,total_animals=3,saved_frames/2026-05-30_11-20-00_large_group.jpg
6dabe2ec-a52f-46d9-879e-054191a21f2c,2026-05-30 11:20:01,large_group_detected,total_animals=3,saved_frames/2026-05-30_11-20-01_large_group.jpg
00e58418-fad6-4204-9047-fc7b3b32145a,2026-05-30 11:20:01,large_group_detected,total_animals=3,saved_frames/2026-05-30_11-20-01_large_group.jpg
18deee96-315b-4768-a5dd-a0ed01b72d1c,2026-05-30 11:20:02,large_group_detected,total_animals=3,saved_frames/2026-05-30_11-20-02_large_group.jpg
21a18162-dc75-4f4f-8b61-25b9ea17a358,2026-05-30 11:20:02,large_group_detected,total_animals=3,saved_frames/2026-05-30_11-20-02_large_group.jpg
e0ad8d0d-61cf-4f5d-a43e-5a63265e7a54,2026-05-30 11:20:03,large_group_detected,total_animals=3,saved_frames/2026-05-30_11-20-03_large_group.jpg
e458c1b9-4fe2-4212-927d-ce5f14a1d8d4,2026-05-30 11:20:05,activity_ended,scene became empty,saved_frames/2026-05-30_11-20-05_activity_ended.jpg
2c3598ad-0a3e-4f35-b74d-0a6015a4558b,2026-05-30 11:20:05,activity_started,counts={'zebra': 1},saved_frames/2026-05-30_11-20-05_activity_started.jpg
264b5983-8ddc-42ad-b033-4ac1bca0c5fa,2026-05-30 11:20:05,new_species_detected,species=zebra,saved_frames/2026-05-30_11-20-05_new_zebra.jpg
c3a72ac1-f1eb-4d53-a9e3-88cad54da16c,2026-05-30 11:20:06,activity_ended,scene became empty,saved_frames/2026-05-30_11-20-06_activity_ended.jpg
fc0dfdb0-2986-4319-b9a5-3eaf17d90079,2026-05-30 11:20:06,activity_started,counts={'zebra': 1},saved_frames/2026-05-30_11-20-06_activity_started.jpg
9618db2d-3134-4b50-83ec-a4e1021ffd76,2026-05-30 11:20:06,new_species_detected,species=zebra,saved_frames/2026-05-30_11-20-06_new_zebra.jpg
7d3addaa-58e6-4bde-96e6-331c237c11d5,2026-05-30 11:20:06,activity_ended,scene became empty,saved_frames/2026-05-30_11-20-06_activity_ended.jpg
967b4b4a-703f-44ef-8e55-dd3a034b8381,2026-05-30 11:20:06,activity_started,counts={'zebra': 1},saved_frames/2026-05-30_11-20-06_activity_started.jpg
dd6a4d5b-94a2-4539-a49d-468795de805e,2026-05-30 11:20:06,new_species_detected,species=zebra,saved_frames/2026-05-30_11-20-06_new_zebra.jpg
b105cafc-8e10-46b8-a723-e5eec88c8f16,2026-05-30 11:20:08,large_group_detected,total_animals=3,saved_frames/2026-05-30_11-20-08_large_group.jpg
e141055f-8441-41c7-b202-63b6e727db3a,2026-05-30 11:20:08,large_group_detected,total_animals=3,saved_frames/2026-05-30_11-20-08_large_group.jpg
49a4f6b4-5b1a-4721-b6d3-b2f8a8891190,2026-05-30 11:20:08,large_group_detected,total_animals=3,saved_frames/2026-05-30_11-20-08_large_group.jpg
69fccc0e-f6c6-4bdd-9a26-1fbdff3db630,2026-05-30 11:20:10,large_group_detected,total_animals=3,saved_frames/2026-05-30_11-20-10_large_group.jpg
75696e8a-a5a5-43d0-b350-a2ffb9312447,2026-05-30 11:20:13,large_group_detected,total_animals=3,saved_frames/2026-05-30_11-20-13_large_group.jpg
c0bf925f-af28-4c15-af34-3d2ffc2c078a,2026-05-30 11:20:14,large_group_detected,total_animals=3,saved_frames/2026-05-30_11-20-14_large_group.jpg
46569b82-1ca1-4176-87eb-f7ff1a99153b,2026-05-30 11:20:14,large_group_detected,total_animals=3,saved_frames/2026-05-30_11-20-14_large_group.jpg
6951903d-806e-4351-bfd6-7a0325eadc43,2026-05-30 11:20:15,large_group_detected,total_animals=3,saved_frames/2026-05-30_11-20-15_large_group.jpg
526386c2-35ea-4a89-805a-ad31d5344dd6,2026-05-30 11:20:16,large_group_detected,total_animals=4,saved_frames/2026-05-30_11-20-16_large_group.jpg
d36f90d6-b7af-4fe8-ad6a-b06c2d9136ac,2026-05-30 11:20:17,large_group_detected,total_animals=3,saved_frames/2026-05-30_11-20-17_large_group.jpg
177159bb-aaf0-4e4d-a2e1-28e4c9779fe1,2026-05-30 11:20:20,large_group_detected,total_animals=3,saved_frames/2026-05-30_11-20-20_large_group.jpg
892eba13-252d-442d-b1b3-7fed2027e175,2026-05-30 11:20:21,large_group_detected,total_animals=3,saved_frames/2026-05-30_11-20-21_large_group.jpg
1f4fe1b8-4e4f-4180-864a-cdd16994ba53,2026-05-30 11:20:22,large_group_detected,total_animals=3,saved_frames/2026-05-30_11-20-22_large_group.jpg
7050fd33-c3ab-4018-8831-0b70e4119173,2026-05-30 11:20:22,large_group_detected,total_animals=3,saved_frames/2026-05-30_11-20-22_large_group.jpg
353d7c41-f036-4383-acbe-1c732bc65e4d,2026-05-30 11:20:22,large_group_detected,total_animals=4,saved_frames/2026-05-30_11-20-22_large_group.jpg
33045512-0d4e-46ea-acf7-460e98c3c174,2026-05-30 11:20:26,large_group_detected,total_animals=4,saved_frames/2026-05-30_11-20-26_large_group.jpg
eb0e3744-614f-48be-9a92-d446ac59d71a,2026-05-30 11:20:27,large_group_detected,total_animals=4,saved_frames/2026-05-30_11-20-27_large_group.jpg
3c323d52-2850-4899-bb79-7b0ca7418b6c,2026-05-30 11:20:28,large_group_detected,total_animals=3,saved_frames/2026-05-30_11-20-28_large_group.jpg
381e79ed-8dc1-49a7-b6c3-41ba57aa6378,2026-05-30 11:20:29,large_group_detected,total_animals=3,saved_frames/2026-05-30_11-20-29_large_group.jpg
ad0b2a00-905e-4588-8eb4-34f398e5c889,2026-05-30 11:20:29,large_group_detected,total_animals=3,saved_frames/2026-05-30_11-20-29_large_group.jpg
7f20b544-35ff-45aa-9bfd-be8be2d9e2aa,2026-05-30 11:20:29,large_group_detected,total_animals=3,saved_frames/2026-05-30_11-20-29_large_group.jpg
ecb58224-187d-45a1-a216-baea6ad85b52,2026-05-30 11:20:30,large_group_detected,total_animals=4,saved_frames/2026-05-30_11-20-30_large_group.jpg
4fcf9555-f933-4f24-88ee-d0edefa40dc6,2026-05-30 11:20:32,activity_ended,scene became empty,saved_frames/2026-05-30_11-20-32_activity_ended.jpg
3ec4e67d-ca8a-4a6d-aac4-bc32549b83b7,2026-05-30 11:20:32,activity_started,counts={'zebra': 2},saved_frames/2026-05-30_11-20-32_activity_started.jpg
4138bdec-cd6f-4a65-8089-8e7f8976ed8a,2026-05-30 11:20:32,new_species_detected,species=zebra,saved_frames/2026-05-30_11-20-32_new_zebra.jpg
e197dd27-0b19-454f-b7fd-b09ebba0bb9a,2026-05-30 11:20:32,large_group_detected,total_animals=3,saved_frames/2026-05-30_11-20-32_large_group.jpg
5db6bd18-8705-4d05-b1fe-6bed475ea49e,2026-05-30 11:20:32,large_group_detected,total_animals=4,saved_frames/2026-05-30_11-20-32_large_group.jpg
1d97e62a-e635-49b2-9e92-44e3071359b6,2026-05-30 11:20:33,large_group_detected,total_animals=3,saved_frames/2026-05-30_11-20-33_large_group.jpg
4ca9b501-73f2-43ac-887d-25138584fcfa,2026-05-30 11:20:34,large_group_detected,total_animals=3,saved_frames/2026-05-30_11-20-34_large_group.jpg
939e37c0-8146-4bd6-8263-e785bdb47328,2026-05-30 11:20:34,large_group_detected,total_animals=4,saved_frames/2026-05-30_11-20-34_large_group.jpg
90676bb3-87ba-4970-9408-65b66dfad26a,2026-05-30 11:20:35,large_group_detected,total_animals=3,saved_frames/2026-05-30_11-20-35_large_group.jpg
5c6b180e-5e76-4007-be65-9d1a9b44d872,2026-05-30 11:20:43,large_group_detected,total_animals=3,saved_frames/2026-05-30_11-20-43_large_group.jpg
d9bf2513-6397-4940-a1e7-3f22630c7752,2026-05-30 11:20:44,large_group_detected,total_animals=3,saved_frames/2026-05-30_11-20-44_large_group.jpg
54d3f56a-634b-431f-bdd5-13650ca18222,2026-05-30 11:20:44,large_group_detected,total_animals=3,saved_frames/2026-05-30_11-20-44_large_group.jpg
aed7ca08-5f92-47eb-868b-fe33820f70ae,2026-05-30 11:20:44,large_group_detected,total_animals=3,saved_frames/2026-05-30_11-20-44_large_group.jpg
ba6a5528-1c08-4cfa-8ff2-6272c581cb79,2026-05-30 11:20:45,large_group_detected,total_animals=3,saved_frames/2026-05-30_11-20-45_large_group.jpg
40a9f578-b99a-4402-91b0-331c7cd0e0e9,2026-05-30 11:20:46,large_group_detected,total_animals=3,saved_frames/2026-05-30_11-20-46_large_group.jpg
ac34dadc-fb93-4fd1-ba11-05603f4267d5,2026-05-30 11:20:47,large_group_detected,total_animals=4,saved_frames/2026-05-30_11-20-47_large_group.jpg
b0738634-cbbd-4b7d-b447-6fd6dc37d8f7,2026-05-30 11:20:47,large_group_detected,total_animals=4,saved_frames/2026-05-30_11-20-47_large_group.jpg
c811717e-b85e-4cc4-b292-a502e0e7a37d,2026-05-30 11:20:50,large_group_detected,total_animals=3,saved_frames/2026-05-30_11-20-50_large_group.jpg
2528bd21-1f82-4a18-a053-994a2a81753c,2026-05-30 11:20:54,large_group_detected,total_animals=3,saved_frames/2026-05-30_11-20-54_large_group.jpg
ed916763-c674-42de-83ea-bd9ae643e2c6,2026-05-30 11:20:54,large_group_detected,total_animals=3,saved_frames/2026-05-30_11-20-54_large_group.jpg
e9ccd8b2-85ae-44b5-a816-5783c8849880,2026-05-30 11:20:55,large_group_detected,total_animals=3,saved_frames/2026-05-30_11-20-55_large_group.jpg
19eb5906-0280-4773-af3a-b751f23ad8c1,2026-05-30 11:20:55,large_group_detected,total_animals=3,saved_frames/2026-05-30_11-20-55_large_group.jpg
f650f770-36ec-4abc-a30a-30b84aeefe51,2026-05-30 11:20:56,large_group_detected,total_animals=4,saved_frames/2026-05-30_11-20-56_large_group.jpg
b040eb1b-3e90-4f4c-b9ec-9624c88834b0,2026-05-30 11:21:02,large_group_detected,total_animals=4,saved_frames/2026-05-30_11-21-02_large_group.jpg
138246e8-2b08-42a5-95e4-217eb156c1d0,2026-05-30 11:21:03,large_group_detected,total_animals=4,saved_frames/2026-05-30_11-21-03_large_group.jpg
22415254-5f60-48ca-9e0e-5c896c5662db,2026-05-30 11:21:04,large_group_detected,total_animals=3,saved_frames/2026-05-30_11-21-04_large_group.jpg
03e6fda1-8edf-4442-ab6d-7e2c0d92d35a,2026-05-30 11:21:26,large_group_detected,total_animals=3,saved_frames/2026-05-30_11-21-26_large_group.jpg
db169142-50fa-4065-9f30-57d52336ea80,2026-05-30 11:21:27,large_group_detected,total_animals=3,saved_frames/2026-05-30_11-21-27_large_group.jpg
5d2af459-8106-4038-9952-44900731aa86,2026-05-30 11:21:27,large_group_detected,total_animals=3,saved_frames/2026-05-30_11-21-27_large_group.jpg
fd2b66b9-143c-4a9e-9e5e-54ec73ba0b6a,2026-05-30 11:21:27,large_group_detected,total_animals=3,saved_frames/2026-05-30_11-21-27_large_group.jpg
7635ea68-8069-4952-bc59-07c98da4905f,2026-05-30 11:21:27,large_group_detected,total_animals=4,saved_frames/2026-05-30_11-21-27_large_group.jpg
156641ab-c1dd-408f-813b-c4d976a169f5,2026-05-30 11:21:29,large_group_detected,total_animals=3,saved_frames/2026-05-30_11-21-29_large_group.jpg
211ccfd9-6d3b-48b8-a632-21bb733df8f3,2026-05-30 11:21:30,large_group_detected,total_animals=3,saved_frames/2026-05-30_11-21-30_large_group.jpg
1537cde2-b23e-43cf-93fc-890bf91eadb6,2026-05-30 11:21:32,large_group_detected,total_animals=3,saved_frames/2026-05-30_11-21-32_large_group.jpg
20ad40e1-f112-4a85-9e65-f33202274cbe,2026-05-30 11:25:02,large_group_detected,total_animals=3,saved_frames/2026-05-30_11-25-02_large_group.jpg
50d2a1c6-b109-457c-950e-b2a869d2b820,2026-05-30 11:25:22,large_group_detected,total_animals=3,saved_frames/2026-05-30_11-25-22_large_group.jpg
c1e24300-b23f-4b47-84da-a3cda1661459,2026-05-30 11:25:22,large_group_detected,total_animals=3,saved_frames/2026-05-30_11-25-22_large_group.jpg
a0df314d-ed19-4b56-adab-6731405d5d2d,2026-05-30 11:25:24,large_group_detected,total_animals=4,saved_frames/2026-05-30_11-25-24_large_group.jpg
77709dfe-ae67-483b-a6c7-b84d619a2b5d,2026-05-30 11:25:25,large_group_detected,total_animals=3,saved_frames/2026-05-30_11-25-25_large_group.jpg
c94559f2-439d-4db3-aef8-0d3844dde576,2026-05-30 11:25:26,large_group_detected,total_animals=4,saved_frames/2026-05-30_11-25-26_large_group.jpg
925c6cf2-3fff-4f36-9baf-2c53bf4cb7cb,2026-05-30 11:25:28,large_group_detected,total_animals=3,saved_frames/2026-05-30_11-25-28_large_group.jpg
c3f54b5d-c5e2-4433-9dc9-da6b71819b0f,2026-05-30 11:25:28,large_group_detected,total_animals=4,saved_frames/2026-05-30_11-25-28_large_group.jpg
e86dac27-e6fa-4360-b135-9f26699728db,2026-05-30 11:25:28,large_group_detected,total_animals=3,saved_frames/2026-05-30_11-25-28_large_group.jpg
ceec392f-256d-436f-9881-d6a000cbc4a3,2026-05-30 11:25:28,large_group_detected,total_animals=3,saved_frames/2026-05-30_11-25-28_large_group.jpg
48a1b659-06f8-43fd-8dd5-402eccc36a9a,2026-05-30 11:25:29,large_group_detected,total_animals=3,saved_frames/2026-05-30_11-25-29_large_group.jpg
c520bb1d-b6a2-4d3e-8763-8f7bd45b2b42,2026-05-30 11:25:29,large_group_detected,total_animals=3,saved_frames/2026-05-30_11-25-29_large_group.jpg
2ac010df-4b98-44e6-b36c-8f6b743f4281,2026-05-30 11:25:29,large_group_detected,total_animals=3,saved_frames/2026-05-30_11-25-29_large_group.jpg
b79408bf-7339-4455-84a9-5b5637d620a9,2026-05-30 11:25:29,activity_ended,scene became empty,saved_frames/2026-05-30_11-25-29_activity_ended.jpg
759f4147-2a74-4150-8ca4-0b4f13614671,2026-05-30 11:25:29,activity_started,counts={'zebra': 2},saved_frames/2026-05-30_11-25-29_activity_started.jpg
f9068462-dacf-44c9-bc37-703221d40689,2026-05-30 11:25:29,new_species_detected,species=zebra,saved_frames/2026-05-30_11-25-29_new_zebra.jpg
5c734394-9461-4a44-980f-4720e4ff062c,2026-05-30 11:25:30,large_group_detected,total_animals=3,saved_frames/2026-05-30_11-25-30_large_group.jpg
185d6a18-9f85-4cfd-8b33-1d603b83af87,2026-05-30 11:25:30,large_group_detected,total_animals=3,saved_frames/2026-05-30_11-25-30_large_group.jpg
af2a2d8a-788c-4131-a3f6-25e022aab995,2026-05-30 11:25:30,large_group_detected,total_animals=3,saved_frames/2026-05-30_11-25-30_large_group.jpg
185995d7-212b-4b09-bf58-169e09320a5b,2026-05-30 11:25:30,activity_ended,scene became empty,saved_frames/2026-05-30_11-25-30_activity_ended.jpg
a9f26b59-3512-4890-8e88-b0fdf4f09a7a,2026-05-30 11:25:30,activity_started,counts={'zebra': 1},saved_frames/2026-05-30_11-25-30_activity_started.jpg
93b4e57f-414b-44ab-90ad-08151455e508,2026-05-30 11:25:30,new_species_detected,species=zebra,saved_frames/2026-05-30_11-25-30_new_zebra.jpg
f4711734-01fd-418b-810f-406a5dc5586a,2026-05-30 11:25:31,activity_ended,scene became empty,saved_frames/2026-05-30_11-25-31_activity_ended.jpg
d8e2686d-1b6c-4da4-87f1-abf0ef2f027e,2026-05-30 11:25:49,activity_started,counts={'zebra': 3},saved_frames/2026-05-30_11-25-49_activity_started.jpg
acb6756d-8ee2-4b50-ae17-f5f13091de2d,2026-05-30 11:25:49,new_species_detected,species=zebra,saved_frames/2026-05-30_11-25-49_new_zebra.jpg
65f323d5-d9a0-40b6-a4ec-513ad49f34c6,2026-05-30 11:25:49,large_group_detected,total_animals=3,saved_frames/2026-05-30_11-25-49_large_group.jpg
12eb8ea5-4819-4d4a-bc36-3ba9b81485b6,2026-05-30 11:25:51,large_group_detected,total_animals=3,saved_frames/2026-05-30_11-25-51_large_group.jpg
b0bd7ad1-9a38-4f4b-9f16-c21d7f067da1,2026-05-30 11:25:51,large_group_detected,total_animals=4,saved_frames/2026-05-30_11-25-51_large_group.jpg
a20f1d88-70f8-45ab-b279-1c3c6d1e1961,2026-05-30 11:25:51,large_group_detected,total_animals=3,saved_frames/2026-05-30_11-25-51_large_group.jpg
33f14b9c-4fec-42f4-9313-663230b471cf,2026-05-30 11:25:52,large_group_detected,total_animals=4,saved_frames/2026-05-30_11-25-52_large_group.jpg
7e2d394a-0ba9-400c-9f14-15eec09b9e26,2026-05-30 11:25:53,large_group_detected,total_animals=3,saved_frames/2026-05-30_11-25-53_large_group.jpg
821caabf-4c09-4c48-97cc-d87f0740c4ef,2026-05-30 11:25:56,large_group_detected,total_animals=3,saved_frames/2026-05-30_11-25-56_large_group.jpg
4ab5f88a-2ac3-46c0-84f8-3276ffedb535,2026-05-30 11:25:57,large_group_detected,total_animals=3,saved_frames/2026-05-30_11-25-57_large_group.jpg
0fe8696f-2ed5-4b64-b5ea-49fcf755f187,2026-05-30 11:25:57,large_group_detected,total_animals=3,saved_frames/2026-05-30_11-25-57_large_group.jpg
e26f9f92-7ff5-4a2b-ab14-b50c01d603c4,2026-05-30 11:25:59,large_group_detected,total_animals=3,saved_frames/2026-05-30_11-25-59_large_group.jpg
7d9f23ef-e4c6-4541-8519-53c6fa52953e,2026-05-30 11:26:00,large_group_detected,total_animals=3,saved_frames/2026-05-30_11-26-00_large_group.jpg
8fd98b5c-a903-471b-a8a5-6ddb99309be8,2026-05-30 11:26:01,large_group_detected,total_animals=3,saved_frames/2026-05-30_11-26-01_large_group.jpg
43e51ea7-e621-4bb6-b9be-0c40b5e0b7eb,2026-05-30 11:26:01,large_group_detected,total_animals=4,saved_frames/2026-05-30_11-26-01_large_group.jpg
71e5493b-b589-48df-b959-ddf2d596ac68,2026-05-30 11:26:01,large_group_detected,total_animals=3,saved_frames/2026-05-30_11-26-01_large_group.jpg
b000d8dd-a9d0-4b20-a0b2-2a968427cdbc,2026-05-30 11:26:02,large_group_detected,total_animals=3,saved_frames/2026-05-30_11-26-02_large_group.jpg
47092350-6534-48dc-add9-af45b42b32d3,2026-05-30 11:26:03,large_group_detected,total_animals=3,saved_frames/2026-05-30_11-26-03_large_group.jpg
7fde81bc-a18e-4fa3-b51c-3ef3ab23ee55,2026-05-30 11:26:03,large_group_detected,total_animals=3,saved_frames/2026-05-30_11-26-03_large_group.jpg
19cc0a93-f2d3-43e5-be6e-fbf63658a3db,2026-05-30 11:26:04,large_group_detected,total_animals=3,saved_frames/2026-05-30_11-26-04_large_group.jpg
fb0527ab-6ca3-4c92-9f21-6f5cf12c74d2,2026-05-30 11:26:04,large_group_detected,total_animals=3,saved_frames/2026-05-30_11-26-04_large_group.jpg
ab86a081-b39c-40c8-86a1-03c0cc894c2e,2026-05-30 11:26:04,large_group_detected,total_animals=3,saved_frames/2026-05-30_11-26-04_large_group.jpg
7906e4f5-bf40-4a4b-88ea-871d47b73c38,2026-05-30 11:26:05,large_group_detected,total_animals=3,saved_frames/2026-05-30_11-26-05_large_group.jpg
d7ecef97-8867-4d6a-9295-de1dc1e05db7,2026-05-30 11:26:06,large_group_detected,total_animals=3,saved_frames/2026-05-30_11-26-06_large_group.jpg
58dc1ddf-acc5-4a45-bc47-8e649e0392e2,2026-05-30 11:26:07,large_group_detected,total_animals=3,saved_frames/2026-05-30_11-26-07_large_group.jpg
6ba8968a-4467-4e25-99a9-87a809047db7,2026-05-30 11:26:07,large_group_detected,total_animals=3,saved_frames/2026-05-30_11-26-07_large_group.jpg
f85c74b3-630e-46c2-8124-45b0c627af86,2026-05-30 11:26:08,large_group_detected,total_animals=3,saved_frames/2026-05-30_11-26-08_large_group.jpg
b218f7fb-4bb1-4221-88a5-6674e3f026e1,2026-05-30 11:26:09,large_group_detected,total_animals=3,saved_frames/2026-05-30_11-26-09_large_group.jpg
43be3173-59cb-4927-959d-a30ca1ce5f9a,2026-05-30 11:26:09,large_group_detected,total_animals=4,saved_frames/2026-05-30_11-26-09_large_group.jpg
6905f9cd-5cca-4d80-9fc2-9a37926c7972,2026-05-30 11:26:11,large_group_detected,total_animals=4,saved_frames/2026-05-30_11-26-11_large_group.jpg
28e69984-4020-4963-bb93-ca17286d6a16,2026-05-30 11:26:11,large_group_detected,total_animals=3,saved_frames/2026-05-30_11-26-11_large_group.jpg
c047be62-1e20-49fc-be83-a9f99ee4e11b,2026-05-30 11:26:11,large_group_detected,total_animals=3,saved_frames/2026-05-30_11-26-11_large_group.jpg
e99cafa2-63f8-45a3-b45f-2cc123c55c1d,2026-05-30 11:26:12,large_group_detected,total_animals=3,saved_frames/2026-05-30_11-26-12_large_group.jpg
7c9878f2-46cf-46c8-ab87-fef81d12000e,2026-05-30 11:26:14,large_group_detected,total_animals=4,saved_frames/2026-05-30_11-26-14_large_group.jpg
9efb739d-db3a-4635-bab4-59227bcb940a,2026-05-30 11:26:15,large_group_detected,total_animals=3,saved_frames/2026-05-30_11-26-15_large_group.jpg
4e512795-1898-444e-8f09-11d331118c7b,2026-05-30 11:26:17,large_group_detected,total_animals=3,saved_frames/2026-05-30_11-26-17_large_group.jpg
fc961fcf-ba1f-4938-bd60-dc8f7cfc134d,2026-05-30 11:26:17,large_group_detected,total_animals=3,saved_frames/2026-05-30_11-26-17_large_group.jpg
7a8d639d-5e1c-4121-a9f5-08df70462b34,2026-05-30 11:26:18,large_group_detected,total_animals=3,saved_frames/2026-05-30_11-26-18_large_group.jpg
d7c8dbb9-f706-47ac-a256-c678e0d916c4,2026-05-30 11:26:19,large_group_detected,total_animals=3,saved_frames/2026-05-30_11-26-19_large_group.jpg
561da05d-6722-42e4-98f6-067065d3641c,2026-05-30 11:26:19,large_group_detected,total_animals=3,saved_frames/2026-05-30_11-26-19_large_group.jpg
e9ea306a-ef3b-49cf-b874-9ba47fd09f6e,2026-05-30 11:26:19,large_group_detected,total_animals=3,saved_frames/2026-05-30_11-26-19_large_group.jpg
fb5547dd-565a-44b3-ad3c-786f9c0e50ee,2026-05-30 11:26:21,large_group_detected,total_animals=3,saved_frames/2026-05-30_11-26-21_large_group.jpg
ba4fbc9e-117a-4506-b9fb-eb541812f120,2026-05-30 11:26:21,large_group_detected,total_animals=3,saved_frames/2026-05-30_11-26-21_large_group.jpg
0f79ef06-8280-42bf-8b20-3de012c430e0,2026-05-30 11:26:21,large_group_detected,total_animals=3,saved_frames/2026-05-30_11-26-21_large_group.jpg
147a5df2-6980-4c9b-b6ef-b2c36f8fcd84,2026-05-30 11:26:22,large_group_detected,total_animals=4,saved_frames/2026-05-30_11-26-22_large_group.jpg
ffb11f7e-015f-4827-a3e5-6fa59b1d14d4,2026-05-30 11:26:22,large_group_detected,total_animals=3,saved_frames/2026-05-30_11-26-22_large_group.jpg
b1c27e7f-5572-422a-9c8b-4be7cb7c22f0,2026-05-30 11:26:23,large_group_detected,total_animals=3,saved_frames/2026-05-30_11-26-23_large_group.jpg
25954dee-9725-4168-ba3d-de1cc37318e9,2026-05-30 11:26:23,large_group_detected,total_animals=4,saved_frames/2026-05-30_11-26-23_large_group.jpg
0f57cbdf-57ae-4e4b-aa98-0469bff54d4a,2026-05-30 11:26:23,large_group_detected,total_animals=3,saved_frames/2026-05-30_11-26-23_large_group.jpg
80dafde8-81dd-4d4a-8449-6935e63df4b5,2026-05-30 11:26:24,large_group_detected,total_animals=3,saved_frames/2026-05-30_11-26-24_large_group.jpg
b381a690-796a-4521-921f-01aa99c62d87,2026-05-30 11:26:25,large_group_detected,total_animals=3,saved_frames/2026-05-30_11-26-25_large_group.jpg
eb377b9b-c1e4-4e56-b246-6042810e5325,2026-05-30 11:26:25,large_group_detected,total_animals=3,saved_frames/2026-05-30_11-26-25_large_group.jpg
68b772a6-7729-435b-a0b9-ef8c791301dc,2026-05-30 11:26:25,large_group_detected,total_animals=3,saved_frames/2026-05-30_11-26-25_large_group.jpg
f9b78722-e3b7-4233-a33a-386fb87c6707,2026-05-30 11:26:25,large_group_detected,total_animals=3,saved_frames/2026-05-30_11-26-25_large_group.jpg
9ed2040b-7f11-4ed9-804b-5d6a24a6a173,2026-05-30 11:26:26,large_group_detected,total_animals=3,saved_frames/2026-05-30_11-26-26_large_group.jpg
7695e75b-65c9-49c0-9434-d987489d40b7,2026-05-30 11:26:26,large_group_detected,total_animals=3,saved_frames/2026-05-30_11-26-26_large_group.jpg
4a7f5377-b719-4815-9e7f-bd9e9556fd8d,2026-05-30 11:26:27,large_group_detected,total_animals=3,saved_frames/2026-05-30_11-26-27_large_group.jpg
09eba3fe-9475-40cb-b660-40d9379d334c,2026-05-30 11:26:27,large_group_detected,total_animals=3,saved_frames/2026-05-30_11-26-27_large_group.jpg
8251a0c3-812e-4b64-a8c4-dcd946a21589,2026-05-30 11:26:28,large_group_detected,total_animals=3,saved_frames/2026-05-30_11-26-28_large_group.jpg
a9bfc170-99b2-4451-8bcc-876f72641b99,2026-05-30 11:26:30,large_group_detected,total_animals=3,saved_frames/2026-05-30_11-26-30_large_group.jpg
f03f8725-8eb4-4c78-ac60-a0d04ebfe43b,2026-05-30 11:26:30,large_group_detected,total_animals=3,saved_frames/2026-05-30_11-26-30_large_group.jpg
c86ffe29-1306-4087-955e-97e4fab68c44,2026-05-30 11:26:31,large_group_detected,total_animals=3,saved_frames/2026-05-30_11-26-31_large_group.jpg
c121db73-10cd-4a8e-849b-f2635cdeffb9,2026-05-30 11:26:31,large_group_detected,total_animals=3,saved_frames/2026-05-30_11-26-31_large_group.jpg
6a3900df-393e-4cfc-8db5-7371f0e809b7,2026-05-30 11:26:34,large_group_detected,total_animals=3,saved_frames/2026-05-30_11-26-34_large_group.jpg
b0981a2c-6090-4934-9795-a693e7b6b1d4,2026-05-30 11:26:34,large_group_detected,total_animals=3,saved_frames/2026-05-30_11-26-34_large_group.jpg
632d2f85-03a3-4141-bd6f-4da1ca879ec7,2026-05-30 11:26:36,large_group_detected,total_animals=3,saved_frames/2026-05-30_11-26-36_large_group.jpg
a15a370c-1557-4e2b-88e0-c89f1818db50,2026-05-30 11:26:38,large_group_detected,total_animals=3,saved_frames/2026-05-30_11-26-38_large_group.jpg
730bd4a6-113d-4ffb-9242-ee6555bcadf9,2026-05-30 11:26:38,large_group_detected,total_animals=3,saved_frames/2026-05-30_11-26-38_large_group.jpg
f8b7ddf0-c5f0-46a5-8e9d-508c83b2eeda,2026-05-30 11:26:42,large_group_detected,total_animals=3,saved_frames/2026-05-30_11-26-42_large_group.jpg
2926690f-7315-4e53-8bcc-5ca0f798f451,2026-05-30 11:26:42,large_group_detected,total_animals=3,saved_frames/2026-05-30_11-26-42_large_group.jpg
f6bacc56-c738-4e91-9089-3b2f051f838a,2026-05-30 11:26:42,large_group_detected,total_animals=4,saved_frames/2026-05-30_11-26-42_large_group.jpg
cced773c-544d-4da9-a502-8301eb96e321,2026-05-30 11:26:42,large_group_detected,total_animals=3,saved_frames/2026-05-30_11-26-42_large_group.jpg
0677999e-3698-41db-8896-850674199e4b,2026-05-30 11:26:43,large_group_detected,total_animals=4,saved_frames/2026-05-30_11-26-43_large_group.jpg
314764ac-98e5-4b6b-acbd-7ac23ca87c88,2026-05-30 11:26:43,large_group_detected,total_animals=3,saved_frames/2026-05-30_11-26-43_large_group.jpg
a0635e60-963a-4bc6-aba1-99db87aabff0,2026-05-30 11:26:44,large_group_detected,total_animals=3,saved_frames/2026-05-30_11-26-44_large_group.jpg
fa39b946-c837-4590-bb66-1fe160954544,2026-05-30 11:26:45,large_group_detected,total_animals=3,saved_frames/2026-05-30_11-26-45_large_group.jpg
9ce1ce44-079d-4ade-814d-f0f237290743,2026-05-30 11:26:46,large_group_detected,total_animals=3,saved_frames/2026-05-30_11-26-46_large_group.jpg
7576f61e-51a9-4491-aafc-c765f690a50c,2026-05-30 11:26:46,large_group_detected,total_animals=3,saved_frames/2026-05-30_11-26-46_large_group.jpg
0788ac3b-78de-4679-8bfe-ee06c6996978,2026-05-30 11:26:46,large_group_detected,total_animals=3,saved_frames/2026-05-30_11-26-46_large_group.jpg
2ddeca40-6e51-44b4-8954-5b7daa0a42b4,2026-05-30 11:26:47,large_group_detected,total_animals=3,saved_frames/2026-05-30_11-26-47_large_group.jpg
47536369-2892-4423-9b52-80932e1fcd31,2026-05-30 11:26:47,large_group_detected,total_animals=3,saved_frames/2026-05-30_11-26-47_large_group.jpg
0a315137-e5da-4e83-9191-3670fe614f3d,2026-05-30 11:26:47,large_group_detected,total_animals=3,saved_frames/2026-05-30_11-26-47_large_group.jpg
3b2cd181-b954-4267-9408-d01bf93dfabf,2026-05-30 11:26:48,large_group_detected,total_animals=3,saved_frames/2026-05-30_11-26-48_large_group.jpg
138d2783-a72b-4a4f-9a49-cbd1804e9e85,2026-05-30 11:26:49,large_group_detected,total_animals=3,saved_frames/2026-05-30_11-26-49_large_group.jpg
0d868510-655d-4172-bf79-426edb6503e9,2026-05-30 11:26:49,large_group_detected,total_animals=3,saved_frames/2026-05-30_11-26-49_large_group.jpg
e5c65bf1-3bdd-45d3-af62-18827b9d48c9,2026-05-30 11:26:50,large_group_detected,total_animals=3,saved_frames/2026-05-30_11-26-50_large_group.jpg
34bfaad5-4605-4e91-9a2d-edbbb2033dfc,2026-05-30 11:26:50,large_group_detected,total_animals=3,saved_frames/2026-05-30_11-26-50_large_group.jpg
f0f1ed26-2cc5-4c6d-92ba-bffc2e96d7f3,2026-05-30 11:26:52,large_group_detected,total_animals=3,saved_frames/2026-05-30_11-26-52_large_group.jpg
6c1db6fb-93fa-4a27-95d8-e193d98f25cc,2026-05-30 11:26:54,large_group_detected,total_animals=3,saved_frames/2026-05-30_11-26-54_large_group.jpg
0ec70ed6-fad2-4546-aa9e-e49fd8e0e66c,2026-05-30 11:26:54,large_group_detected,total_animals=3,saved_frames/2026-05-30_11-26-54_large_group.jpg
8557e4bf-9e45-4874-809f-352ff25f20a5,2026-05-30 11:26:55,large_group_detected,total_animals=3,saved_frames/2026-05-30_11-26-55_large_group.jpg
577c1081-4d7c-4236-85d4-9e692226f0bf,2026-05-30 11:27:00,large_group_detected,total_animals=3,saved_frames/2026-05-30_11-27-00_large_group.jpg
87be80a8-53bc-42c9-a168-42060aa9a8d7,2026-05-30 11:27:00,large_group_detected,total_animals=3,saved_frames/2026-05-30_11-27-00_large_group.jpg
37f093c1-d160-4562-8fec-d4161ed5d2bb,2026-05-30 11:27:02,large_group_detected,total_animals=4,saved_frames/2026-05-30_11-27-02_large_group.jpg
9b98cd78-0930-46bb-9c17-d03382b88dc7,2026-05-30 11:27:02,large_group_detected,total_animals=3,saved_frames/2026-05-30_11-27-02_large_group.jpg
ae1f6ddd-3712-4517-a0c6-50745db84b43,2026-05-30 11:27:06,large_group_detected,total_animals=3,saved_frames/2026-05-30_11-27-06_large_group.jpg
0dc0f82d-aec4-478c-bef4-1e85b41f92e7,2026-05-30 11:27:11,activity_ended,scene became empty,saved_frames/2026-05-30_11-27-11_activity_ended.jpg
8369c370-99d1-4cce-a4c0-ba1f6035c2e6,2026-05-30 11:27:11,activity_started,counts={'zebra': 1},saved_frames/2026-05-30_11-27-11_activity_started.jpg
11f4146d-a2b4-4028-a2e0-189705f99d3c,2026-05-30 11:27:11,new_species_detected,species=zebra,saved_frames/2026-05-30_11-27-11_new_zebra.jpg
b48b23a1-2b78-4dd0-ba90-34f257a8c2a7,2026-05-30 11:27:13,activity_ended,scene became empty,saved_frames/2026-05-30_11-27-13_activity_ended.jpg
b87c37bd-d80b-47e4-a6e8-0b8c749d18fd,2026-05-30 11:27:13,activity_started,counts={'zebra': 1},saved_frames/2026-05-30_11-27-13_activity_started.jpg
a2bd64af-9a9d-4bbc-aef6-636ff255dd3c,2026-05-30 11:27:13,new_species_detected,species=zebra,saved_frames/2026-05-30_11-27-13_new_zebra.jpg
35771571-35f3-4fd5-9823-c75b146e5a17,2026-05-30 11:27:13,activity_ended,scene became empty,saved_frames/2026-05-30_11-27-13_activity_ended.jpg
0d94c5ed-bc1a-47eb-96c1-a70e4910210c,2026-05-30 11:27:13,activity_started,counts={'zebra': 1},saved_frames/2026-05-30_11-27-13_activity_started.jpg
5fe29a9e-6667-43cd-8599-e083a0e96956,2026-05-30 11:27:13,new_species_detected,species=zebra,saved_frames/2026-05-30_11-27-13_new_zebra.jpg
a5554d6d-0758-4a2d-90ae-8e6463e69263,2026-05-30 11:27:14,large_group_detected,total_animals=3,saved_frames/2026-05-30_11-27-14_large_group.jpg
788bb5d0-83cf-431d-9422-66447806ac8f,2026-05-30 11:27:15,large_group_detected,total_animals=3,saved_frames/2026-05-30_11-27-15_large_group.jpg
b51dd9da-7036-426b-8bda-4033e4f11dda,2026-05-30 11:27:15,large_group_detected,total_animals=3,saved_frames/2026-05-30_11-27-15_large_group.jpg
2a652526-d69c-4a4c-bf96-c35a0a96eaf5,2026-05-30 11:27:15,large_group_detected,total_animals=3,saved_frames/2026-05-30_11-27-15_large_group.jpg
a44ba980-f7a2-4ec7-aead-c584620e939e,2026-05-30 11:27:16,large_group_detected,total_animals=3,saved_frames/2026-05-30_11-27-16_large_group.jpg
91c7bdbe-45e7-4bd2-a61d-fa9e43155d67,2026-05-30 11:27:16,large_group_detected,total_animals=3,saved_frames/2026-05-30_11-27-16_large_group.jpg
7436a631-c684-4b52-964d-35ae98d14adb,2026-05-30 11:27:17,large_group_detected,total_animals=3,saved_frames/2026-05-30_11-27-17_large_group.jpg
036578b2-5612-4b4b-997a-5f1a20fbaa71,2026-05-30 11:27:17,large_group_detected,total_animals=3,saved_frames/2026-05-30_11-27-17_large_group.jpg
feeb2efe-69a2-481d-a080-e205809696d4,2026-05-30 11:27:18,large_group_detected,total_animals=3,saved_frames/2026-05-30_11-27-18_large_group.jpg
b7cae58d-23aa-4042-bf3e-d8fbf8049eed,2026-05-30 11:27:20,large_group_detected,total_animals=3,saved_frames/2026-05-30_11-27-20_large_group.jpg
0053cc23-16d8-4001-8ac5-88bab94989df,2026-05-30 11:27:20,large_group_detected,total_animals=3,saved_frames/2026-05-30_11-27-20_large_group.jpg
b8a5546a-df9a-448e-ab5a-fb4658c41938,2026-05-30 11:27:21,large_group_detected,total_animals=3,saved_frames/2026-05-30_11-27-21_large_group.jpg
b4cb7365-1284-445d-841c-da390ae1acc3,2026-05-30 11:27:22,large_group_detected,total_animals=3,saved_frames/2026-05-30_11-27-22_large_group.jpg
e7f9c307-a822-44b5-8322-458ad84149ff,2026-05-30 11:27:23,large_group_detected,total_animals=3,saved_frames/2026-05-30_11-27-23_large_group.jpg
3a34d948-7c10-409d-817f-66ae9c97165c,2026-05-30 11:27:25,large_group_detected,total_animals=3,saved_frames/2026-05-30_11-27-25_large_group.jpg
40c59f1c-6c98-4160-b005-585f571d7c23,2026-05-30 11:27:25,large_group_detected,total_animals=3,saved_frames/2026-05-30_11-27-25_large_group.jpg
bf18df9f-a71c-4f44-bef9-6b202078fde3,2026-05-30 11:27:26,large_group_detected,total_animals=3,saved_frames/2026-05-30_11-27-26_large_group.jpg
64b8027b-a8d2-4dfa-8a17-ea84f3ab97aa,2026-05-30 11:27:26,large_group_detected,total_animals=3,saved_frames/2026-05-30_11-27-26_large_group.jpg
89326297-3783-46f0-84f1-56ec2fa6da01,2026-05-30 11:27:27,large_group_detected,total_animals=3,saved_frames/2026-05-30_11-27-27_large_group.jpg
a9253a71-d7f6-4209-b731-8e93c29880bb,2026-05-30 11:27:30,large_group_detected,total_animals=3,saved_frames/2026-05-30_11-27-30_large_group.jpg
37ef38c9-46ac-43a4-b990-9152f66cc738,2026-05-30 11:27:30,large_group_detected,total_animals=4,saved_frames/2026-05-30_11-27-30_large_group.jpg
9b092b07-5560-406b-8f5d-f84f717405b2,2026-05-30 11:27:31,large_group_detected,total_animals=3,saved_frames/2026-05-30_11-27-31_large_group.jpg
3aed5d30-ef22-46d7-9286-6996197c7f6d,2026-05-30 11:27:32,large_group_detected,total_animals=4,saved_frames/2026-05-30_11-27-32_large_group.jpg
20435a1a-d4b2-4307-8076-2b1c03026d08,2026-05-30 11:27:37,large_group_detected,total_animals=3,saved_frames/2026-05-30_11-27-37_large_group.jpg
3f506361-1ef3-489f-a45a-4c195289fe91,2026-05-30 11:27:37,large_group_detected,total_animals=3,saved_frames/2026-05-30_11-27-37_large_group.jpg
9dad2df3-8a9a-423a-99af-90e1c354e30f,2026-05-30 11:27:37,large_group_detected,total_animals=3,saved_frames/2026-05-30_11-27-37_large_group.jpg
7f6d88dd-f220-4cb7-8373-d1f1909a34e7,2026-05-30 11:27:38,large_group_detected,total_animals=3,saved_frames/2026-05-30_11-27-38_large_group.jpg
fc3b2bca-f581-41f7-a4c8-7f181cb29aaf,2026-05-30 11:27:38,large_group_detected,total_animals=4,saved_frames/2026-05-30_11-27-38_large_group.jpg
73509976-00de-42c3-ba22-2b702808d913,2026-05-30 11:27:40,large_group_detected,total_animals=3,saved_frames/2026-05-30_11-27-40_large_group.jpg
8019176b-8616-40a1-9785-331848d0bc96,2026-05-30 11:27:40,large_group_detected,total_animals=3,saved_frames/2026-05-30_11-27-40_large_group.jpg
57a7e823-0baa-4e54-9d24-8d0e1fe77b4c,2026-05-30 11:27:41,large_group_detected,total_animals=3,saved_frames/2026-05-30_11-27-41_large_group.jpg
53f7a760-221d-4018-bc7a-f0a0893b964d,2026-05-30 11:27:41,large_group_detected,total_animals=3,saved_frames/2026-05-30_11-27-41_large_group.jpg
536a1c3b-2ea6-4935-b438-ff73a4d94e5b,2026-05-30 11:27:41,large_group_detected,total_animals=3,saved_frames/2026-05-30_11-27-41_large_group.jpg
f8734810-720a-434c-b31a-020d212693d3,2026-05-30 11:27:42,large_group_detected,total_animals=3,saved_frames/2026-05-30_11-27-42_large_group.jpg
25963bfe-147b-48de-90f2-e5f558fb0185,2026-05-30 11:27:51,large_group_detected,total_animals=4,saved_frames/2026-05-30_11-27-51_large_group.jpg
8a6318bb-95a3-47dd-bcde-f266958ce5a0,2026-05-30 11:27:51,large_group_detected,total_animals=4,saved_frames/2026-05-30_11-27-51_large_group.jpg
68980096-eec3-4d43-92cb-83fcb588b849,2026-05-30 11:28:03,large_group_detected,total_animals=5,saved_frames/2026-05-30_11-28-03_large_group.jpg
0b102eae-ff57-4be0-9590-27b90e4d8bca,2026-05-30 11:28:03,large_group_detected,total_animals=3,saved_frames/2026-05-30_11-28-03_large_group.jpg
3b75f181-ba0b-4849-8e44-675fc7a7fac7,2026-05-30 11:28:04,large_group_detected,total_animals=3,saved_frames/2026-05-30_11-28-04_large_group.jpg
54860aba-4bc0-4938-a7d4-3c9613a16e61,2026-05-30 11:28:05,large_group_detected,total_animals=3,saved_frames/2026-05-30_11-28-05_large_group.jpg
e43159f4-d8bd-4f07-8cc6-849a24b36154,2026-05-30 11:28:12,large_group_detected,total_animals=5,saved_frames/2026-05-30_11-28-12_large_group.jpg
7d2876d4-6bc3-4657-8693-5029439c6efa,2026-05-30 11:28:23,large_group_detected,total_animals=3,saved_frames/2026-05-30_11-28-23_large_group.jpg
f676eafb-65f7-4071-a9db-f3c1b994f883,2026-05-30 11:28:24,large_group_detected,total_animals=4,saved_frames/2026-05-30_11-28-24_large_group.jpg
5a4c9670-afe8-45d7-810d-9359f42ddfff,2026-05-30 11:28:25,large_group_detected,total_animals=3,saved_frames/2026-05-30_11-28-25_large_group.jpg
8cc406fe-99c6-4f1c-8150-f8f83afd632d,2026-05-30 11:28:25,large_group_detected,total_animals=3,saved_frames/2026-05-30_11-28-25_large_group.jpg
34daaa1c-b0f2-42cd-b092-d323a4c64caf,2026-05-30 11:28:26,large_group_detected,total_animals=3,saved_frames/2026-05-30_11-28-26_large_group.jpg
7aec671d-7ec5-4806-963e-6ac709604d3a,2026-05-30 11:28:27,large_group_detected,total_animals=3,saved_frames/2026-05-30_11-28-27_large_group.jpg
a2382846-1041-41c6-a93c-d45199a92532,2026-05-30 11:28:27,large_group_detected,total_animals=3,saved_frames/2026-05-30_11-28-27_large_group.jpg
e74651a1-fe08-4aeb-868c-085af4b8606e,2026-05-30 11:28:28,large_group_detected,total_animals=3,saved_frames/2026-05-30_11-28-28_large_group.jpg
d55336bb-6789-4648-a682-576dea83189e,2026-05-30 11:28:28,large_group_detected,total_animals=3,saved_frames/2026-05-30_11-28-28_large_group.jpg
b4f4d484-49e7-4abe-ad1a-a2411d53b457,2026-05-30 11:28:28,large_group_detected,total_animals=3,saved_frames/2026-05-30_11-28-28_large_group.jpg
f0b5879e-72af-4ecd-90e4-0be37b0cf260,2026-05-30 11:28:28,large_group_detected,total_animals=4,saved_frames/2026-05-30_11-28-28_large_group.jpg
ccd1b420-794e-49a8-8a70-f2f7a402c3eb,2026-05-30 11:28:32,large_group_detected,total_animals=3,saved_frames/2026-05-30_11-28-32_large_group.jpg
d7e86507-fd15-4378-9b35-e5faaa8b714a,2026-05-30 11:28:33,large_group_detected,total_animals=3,saved_frames/2026-05-30_11-28-33_large_group.jpg
69958a59-b411-40f4-b21f-a654c4a5a6de,2026-05-30 11:28:33,large_group_detected,total_animals=3,saved_frames/2026-05-30_11-28-33_large_group.jpg
40413fe2-a7bf-45b9-b980-85b1f1a7ff2d,2026-05-30 11:28:33,large_group_detected,total_animals=4,saved_frames/2026-05-30_11-28-33_large_group.jpg
38f4f223-8275-42a9-85b1-2160e83c98e3,2026-05-30 11:28:34,large_group_detected,total_animals=3,saved_frames/2026-05-30_11-28-34_large_group.jpg
59cd3171-d281-48fe-94c9-95824ec4a977,2026-05-30 11:28:34,large_group_detected,total_animals=4,saved_frames/2026-05-30_11-28-34_large_group.jpg
c411f491-2689-4b61-93fc-9c42e35a2893,2026-05-30 11:28:34,large_group_detected,total_animals=3,saved_frames/2026-05-30_11-28-34_large_group.jpg
90076bce-6bfd-4fb7-b7d0-af28c49d5288,2026-05-30 11:28:34,large_group_detected,total_animals=4,saved_frames/2026-05-30_11-28-34_large_group.jpg
964b6814-06d1-4cf2-9450-bff2b4d7e263,2026-05-30 11:28:36,large_group_detected,total_animals=3,saved_frames/2026-05-30_11-28-36_large_group.jpg
6a520a3b-05aa-443c-8cc6-7404823a8fdc,2026-05-30 11:28:36,large_group_detected,total_animals=3,saved_frames/2026-05-30_11-28-36_large_group.jpg
8e0cda50-ce8c-4a21-9504-9dcfb8f0b7e1,2026-05-30 11:28:37,large_group_detected,total_animals=4,saved_frames/2026-05-30_11-28-37_large_group.jpg
5c55300f-c9cf-4a5b-92d7-46e432be8287,2026-05-30 11:28:45,large_group_detected,total_animals=5,saved_frames/2026-05-30_11-28-45_large_group.jpg
e10643ef-3ce3-4ce7-8a13-ad04ec3eb8de,2026-05-30 11:28:48,large_group_detected,total_animals=3,saved_frames/2026-05-30_11-28-48_large_group.jpg
ab8b1413-7b3d-4878-a135-a1adaabe14f8,2026-05-30 11:28:51,large_group_detected,total_animals=3,saved_frames/2026-05-30_11-28-51_large_group.jpg
ea80ef3c-2d9d-4020-9b29-48ac4bb1757d,2026-05-30 11:28:51,large_group_detected,total_animals=3,saved_frames/2026-05-30_11-28-51_large_group.jpg
6cde79b9-1d1d-4269-be22-4937b922b74e,2026-05-30 11:28:52,large_group_detected,total_animals=4,saved_frames/2026-05-30_11-28-52_large_group.jpg
305d60ff-99b6-4236-823f-fe1e443a0dba,2026-05-30 11:28:53,large_group_detected,total_animals=3,saved_frames/2026-05-30_11-28-53_large_group.jpg
e24cc9b2-816c-4bee-ab4b-fef64b9c38a9,2026-05-30 11:28:53,large_group_detected,total_animals=4,saved_frames/2026-05-30_11-28-53_large_group.jpg
10419332-2f66-4120-8eb0-a007b8055e7a,2026-05-30 11:28:53,large_group_detected,total_animals=3,saved_frames/2026-05-30_11-28-53_large_group.jpg
3df90c34-56af-4a40-90b9-f844f07ca5b4,2026-05-30 11:28:53,large_group_detected,total_animals=5,saved_frames/2026-05-30_11-28-53_large_group.jpg
a02b184e-0ffc-4562-87fc-a4b3d6fc8f6d,2026-05-30 11:28:54,large_group_detected,total_animals=5,saved_frames/2026-05-30_11-28-54_large_group.jpg
4d461eb1-b333-44e8-96ce-6bcc8961de0b,2026-05-30 11:28:56,large_group_detected,total_animals=3,saved_frames/2026-05-30_11-28-56_large_group.jpg
22df7b0f-12fa-4d96-8ad1-90ea6511ff53,2026-05-30 11:28:58,large_group_detected,total_animals=3,saved_frames/2026-05-30_11-28-58_large_group.jpg
980ebbf3-6f33-4eb4-89da-48e1845ae10f,2026-05-30 11:29:01,large_group_detected,total_animals=3,saved_frames/2026-05-30_11-29-01_large_group.jpg
050ab50e-13f9-4901-88fe-8560e23e84af,2026-05-30 11:29:02,large_group_detected,total_animals=4,saved_frames/2026-05-30_11-29-02_large_group.jpg
042ad591-fabe-49bc-9cfa-ccee26966e9e,2026-05-30 11:29:03,large_group_detected,total_animals=3,saved_frames/2026-05-30_11-29-03_large_group.jpg
5423b84e-567a-4382-b6c2-1ef488ad3742,2026-05-30 11:29:04,large_group_detected,total_animals=3,saved_frames/2026-05-30_11-29-04_large_group.jpg
cf5cd4c3-50c4-42bc-a3ac-2d2d13715d0a,2026-05-30 11:29:04,large_group_detected,total_animals=3,saved_frames/2026-05-30_11-29-04_large_group.jpg
0173b5fd-355f-4586-9a00-fdcced9b91e0,2026-05-30 11:29:06,large_group_detected,total_animals=3,saved_frames/2026-05-30_11-29-06_large_group.jpg
607f9654-acad-4bdf-b11e-295598369a95,2026-05-30 11:29:06,large_group_detected,total_animals=3,saved_frames/2026-05-30_11-29-06_large_group.jpg
83e798de-1248-43a5-9aa1-35eb8b624dfc,2026-05-30 11:29:13,large_group_detected,total_animals=3,saved_frames/2026-05-30_11-29-13_large_group.jpg
c3f723a5-6cdf-4039-bc7e-08eaa980fbc6,2026-05-30 11:29:13,large_group_detected,total_animals=3,saved_frames/2026-05-30_11-29-13_large_group.jpg
dfba8ff4-0bc6-47a3-9c1f-8cbca8319e70,2026-05-30 11:29:14,large_group_detected,total_animals=3,saved_frames/2026-05-30_11-29-14_large_group.jpg
35907f11-3fe5-4932-8dec-a7e8fa4c95c4,2026-05-30 11:29:15,large_group_detected,total_animals=3,saved_frames/2026-05-30_11-29-15_large_group.jpg
e83cf3cf-c375-4648-8702-dbf90dad570b,2026-05-30 11:29:16,large_group_detected,total_animals=3,saved_frames/2026-05-30_11-29-16_large_group.jpg
7e6bca11-0e41-4c69-bf03-ff6e49b837e4,2026-05-30 11:29:17,large_group_detected,total_animals=3,saved_frames/2026-05-30_11-29-17_large_group.jpg
2507da53-9fcb-4a62-9285-cf7db4b68ecd,2026-05-30 11:29:25,large_group_detected,total_animals=4,saved_frames/2026-05-30_11-29-25_large_group.jpg
3edd683c-0207-435b-9352-142a79153cf0,2026-05-30 11:29:30,large_group_detected,total_animals=4,saved_frames/2026-05-30_11-29-30_large_group.jpg
e9d69101-7bb4-49fe-ad77-a07dcdf31c56,2026-05-30 11:29:32,large_group_detected,total_animals=4,saved_frames/2026-05-30_11-29-32_large_group.jpg
38e43337-7ad5-44c3-a619-48545abf62de,2026-05-30 11:29:34,large_group_detected,total_animals=3,saved_frames/2026-05-30_11-29-34_large_group.jpg
26ee4075-7955-46a6-9e6f-4c5be0a0d38c,2026-05-30 11:29:35,large_group_detected,total_animals=3,saved_frames/2026-05-30_11-29-35_large_group.jpg
d59a3bcb-39d2-427b-a548-e7b610414257,2026-05-30 11:29:35,large_group_detected,total_animals=3,saved_frames/2026-05-30_11-29-35_large_group.jpg
8becb033-6f27-48e0-8c5e-e33aef8e39ee,2026-05-30 11:29:40,large_group_detected,total_animals=3,saved_frames/2026-05-30_11-29-40_large_group.jpg
5264a0e5-a69f-46ca-96c0-dd43b7b52bb6,2026-05-30 11:29:42,large_group_detected,total_animals=4,saved_frames/2026-05-30_11-29-42_large_group.jpg
e5742ebe-9ad7-4074-9ea2-d640131c9abe,2026-05-30 11:29:45,large_group_detected,total_animals=3,saved_frames/2026-05-30_11-29-45_large_group.jpg
c4b5f926-6af2-46ca-a7e9-91345af094a4,2026-05-30 11:29:45,large_group_detected,total_animals=3,saved_frames/2026-05-30_11-29-45_large_group.jpg
5566c5fa-2e34-4357-8e21-987ce627ff69,2026-05-30 11:29:45,large_group_detected,total_animals=3,saved_frames/2026-05-30_11-29-45_large_group.jpg
3e603f11-6139-45de-a778-d08393cc3001,2026-05-30 11:29:46,large_group_detected,total_animals=3,saved_frames/2026-05-30_11-29-46_large_group.jpg
28b068da-0cd4-475e-80bf-c6ae960be00b,2026-05-30 11:29:52,large_group_detected,total_animals=3,saved_frames/2026-05-30_11-29-52_large_group.jpg
10feb5d4-b3e7-4d2b-997b-fece632cdecb,2026-05-30 11:29:53,large_group_detected,total_animals=3,saved_frames/2026-05-30_11-29-53_large_group.jpg
d66920c3-7a9a-4d1b-a156-bbdf4b2be67a,2026-05-30 11:29:55,large_group_detected,total_animals=3,saved_frames/2026-05-30_11-29-55_large_group.jpg
a8171f1d-3784-46e4-9748-20a3dd5b1f1e,2026-05-30 11:29:55,large_group_detected,total_animals=3,saved_frames/2026-05-30_11-29-55_large_group.jpg
e16aaa0f-e6f3-4b70-907c-797d66e76d4f,2026-05-30 11:29:56,large_group_detected,total_animals=4,saved_frames/2026-05-30_11-29-56_large_group.jpg
5233e765-057d-4e4a-b61c-432b8d0d91ff,2026-05-30 11:29:56,large_group_detected,total_animals=3,saved_frames/2026-05-30_11-29-56_large_group.jpg
15d3401b-5a7c-4d4e-b525-c5e6dc6504b6,2026-05-30 11:29:58,large_group_detected,total_animals=4,saved_frames/2026-05-30_11-29-58_large_group.jpg
f4e7fcb8-afe2-4fb2-8c76-925e67b5beac,2026-05-30 11:29:58,large_group_detected,total_animals=3,saved_frames/2026-05-30_11-29-58_large_group.jpg
dbf84cd5-e84b-47ff-92bf-99844efcf38d,2026-05-30 11:29:59,large_group_detected,total_animals=3,saved_frames/2026-05-30_11-29-59_large_group.jpg
07a5cbbc-fd64-4a76-88d0-4bb630444115,2026-05-30 11:29:59,large_group_detected,total_animals=3,saved_frames/2026-05-30_11-29-59_large_group.jpg
025c65f9-82db-465b-a257-86194e9bfa44,2026-05-30 11:30:00,large_group_detected,total_animals=4,saved_frames/2026-05-30_11-30-00_large_group.jpg
dd7ba305-a07d-428c-9a21-19edd009a03c,2026-05-30 11:30:01,large_group_detected,total_animals=3,saved_frames/2026-05-30_11-30-01_large_group.jpg
889ccdc1-510b-498e-9e7a-8ea16ea34429,2026-05-30 11:30:01,large_group_detected,total_animals=4,saved_frames/2026-05-30_11-30-01_large_group.jpg
7923be50-ea7b-4118-866f-777c192032a1,2026-05-30 11:30:01,large_group_detected,total_animals=4,saved_frames/2026-05-30_11-30-01_large_group.jpg
bb7e961b-f0b6-40ee-b0b7-92dd50c28c17,2026-05-30 11:30:02,large_group_detected,total_animals=4,saved_frames/2026-05-30_11-30-02_large_group.jpg
23869ef6-0930-4928-8c61-031c307e63f3,2026-05-30 11:30:03,large_group_detected,total_animals=3,saved_frames/2026-05-30_11-30-03_large_group.jpg
57a18909-758a-4a80-bda3-b6170320d0d6,2026-05-30 11:30:03,large_group_detected,total_animals=3,saved_frames/2026-05-30_11-30-03_large_group.jpg
26241c90-581b-4bde-9e46-abf484229c15,2026-05-30 11:30:03,large_group_detected,total_animals=3,saved_frames/2026-05-30_11-30-03_large_group.jpg
c47f6b14-f16e-47cd-812d-687b8ecb3b27,2026-05-30 11:30:04,large_group_detected,total_animals=4,saved_frames/2026-05-30_11-30-04_large_group.jpg
ebdd201e-6ca1-4297-83bd-16be6d1ea2fc,2026-05-30 11:30:04,large_group_detected,total_animals=4,saved_frames/2026-05-30_11-30-04_large_group.jpg
4537fd98-cbaf-4d81-9eee-8e9e36c18c8a,2026-05-30 11:30:05,large_group_detected,total_animals=3,saved_frames/2026-05-30_11-30-05_large_group.jpg
078ce503-dd07-4b0b-9915-f18580387c15,2026-05-30 11:30:06,large_group_detected,total_animals=3,saved_frames/2026-05-30_11-30-06_large_group.jpg
f2f8bced-7ba3-4558-8b48-ba754db79a92,2026-05-30 11:30:07,large_group_detected,total_animals=3,saved_frames/2026-05-30_11-30-07_large_group.jpg
1c553d00-1966-4c6f-a9ae-c23e83de3ca6,2026-05-30 11:30:08,large_group_detected,total_animals=3,saved_frames/2026-05-30_11-30-08_large_group.jpg
769b4ee5-f864-4481-99ae-28f1931dc0a8,2026-05-30 11:30:08,large_group_detected,total_animals=3,saved_frames/2026-05-30_11-30-08_large_group.jpg
07e62074-2b20-46e0-8710-a720cd273517,2026-05-30 11:30:09,large_group_detected,total_animals=3,saved_frames/2026-05-30_11-30-09_large_group.jpg
00898d3c-b000-4f45-a311-6f348cf7ed0a,2026-05-30 11:30:09,large_group_detected,total_animals=3,saved_frames/2026-05-30_11-30-09_large_group.jpg
2aadc43a-3e65-423a-b05b-8fa9589d1ec3,2026-05-30 11:30:17,large_group_detected,total_animals=3,saved_frames/2026-05-30_11-30-17_large_group.jpg
412c61bb-c7c8-4dec-a6cc-09c7b936ad5e,2026-05-30 11:30:17,large_group_detected,total_animals=3,saved_frames/2026-05-30_11-30-17_large_group.jpg
4249e9b1-5202-455f-8202-6df91a863507,2026-05-30 11:30:18,large_group_detected,total_animals=3,saved_frames/2026-05-30_11-30-18_large_group.jpg
08f48044-eb00-4be7-bdf8-b78cf1684196,2026-05-30 11:30:19,large_group_detected,total_animals=3,saved_frames/2026-05-30_11-30-19_large_group.jpg
97d49ade-934d-4ab4-b84d-f8b890e93e6d,2026-05-30 11:30:20,large_group_detected,total_animals=3,saved_frames/2026-05-30_11-30-20_large_group.jpg
c2f90a01-d3b1-4a59-853c-b1758fe6eb82,2026-05-30 11:30:22,large_group_detected,total_animals=3,saved_frames/2026-05-30_11-30-22_large_group.jpg
badd3d6b-ab17-4c7b-95f3-fec1e4555e94,2026-05-30 11:30:22,large_group_detected,total_animals=4,saved_frames/2026-05-30_11-30-22_large_group.jpg
8124542c-efd4-4e3a-a151-cff43132396e,2026-05-30 11:30:23,large_group_detected,total_animals=4,saved_frames/2026-05-30_11-30-23_large_group.jpg
b5bb9776-d210-4bf1-8875-28243daa851a,2026-05-30 11:30:24,large_group_detected,total_animals=4,saved_frames/2026-05-30_11-30-24_large_group.jpg
67b272fb-364e-4f58-b380-0314a96e341f,2026-05-30 11:30:25,large_group_detected,total_animals=3,saved_frames/2026-05-30_11-30-25_large_group.jpg
6ffb5624-27d3-4330-bce1-09c1803edcae,2026-05-30 11:30:25,large_group_detected,total_animals=3,saved_frames/2026-05-30_11-30-25_large_group.jpg
b22ebec5-8e3e-4727-9fc3-8445351c8cb5,2026-05-30 11:30:30,large_group_detected,total_animals=3,saved_frames/2026-05-30_11-30-30_large_group.jpg
5700e2d8-bf39-4924-8ab0-d3375c94761c,2026-05-30 11:30:31,large_group_detected,total_animals=3,saved_frames/2026-05-30_11-30-31_large_group.jpg
e7bec36f-2ebe-47a7-b043-5eaeacd04992,2026-05-30 11:30:33,large_group_detected,total_animals=3,saved_frames/2026-05-30_11-30-33_large_group.jpg
3ab9ed0c-896c-4096-9b08-4d4ac4c46622,2026-05-30 11:30:34,large_group_detected,total_animals=3,saved_frames/2026-05-30_11-30-34_large_group.jpg
a9d4dba9-b9ad-4aca-8cf6-a1ab59426d51,2026-05-30 11:30:34,large_group_detected,total_animals=3,saved_frames/2026-05-30_11-30-34_large_group.jpg
62f09ed4-f9ff-46ff-86e2-7e8f95ccafc9,2026-05-30 11:30:35,large_group_detected,total_animals=3,saved_frames/2026-05-30_11-30-35_large_group.jpg
e7f5bd90-60f5-4d84-97c2-4f1b2d79bb7b,2026-05-30 11:30:35,large_group_detected,total_animals=3,saved_frames/2026-05-30_11-30-35_large_group.jpg
0ff8cb8a-654e-4137-8df7-b78a11ff1159,2026-05-30 11:30:36,large_group_detected,total_animals=3,saved_frames/2026-05-30_11-30-36_large_group.jpg
c456c57c-df7e-4e1a-a987-c8b2a6d8f6e4,2026-05-30 11:30:36,large_group_detected,total_animals=4,saved_frames/2026-05-30_11-30-36_large_group.jpg
6991f500-a6ba-4f13-8c9f-e9e14fc7eab1,2026-05-30 11:30:37,large_group_detected,total_animals=3,saved_frames/2026-05-30_11-30-37_large_group.jpg
7036c6d2-6579-47c6-a150-662322bb615c,2026-05-30 11:30:38,large_group_detected,total_animals=3,saved_frames/2026-05-30_11-30-38_large_group.jpg
67e3988c-4b17-48ac-8f06-622de96fc07f,2026-05-30 11:30:39,large_group_detected,total_animals=3,saved_frames/2026-05-30_11-30-39_large_group.jpg
5433a401-532b-4114-a6f1-37ba453ab9aa,2026-05-30 11:30:47,large_group_detected,total_animals=3,saved_frames/2026-05-30_11-30-47_large_group.jpg
30077367-6245-4ae4-a69e-c6cb862c0181,2026-05-30 11:30:47,large_group_detected,total_animals=4,saved_frames/2026-05-30_11-30-47_large_group.jpg
6e4dcc9b-e22a-497e-ad14-510166b13ead,2026-05-30 11:30:48,large_group_detected,total_animals=3,saved_frames/2026-05-30_11-30-48_large_group.jpg
a9eea7a4-70e7-4236-84b9-65c48698bc73,2026-05-30 11:30:49,large_group_detected,total_animals=4,saved_frames/2026-05-30_11-30-49_large_group.jpg
75532313-9479-420a-81fe-ab16dabeeb20,2026-05-30 11:30:49,large_group_detected,total_animals=3,saved_frames/2026-05-30_11-30-49_large_group.jpg
e419eb04-eb2f-4ea0-953a-eb61e2165b64,2026-05-30 11:30:50,large_group_detected,total_animals=3,saved_frames/2026-05-30_11-30-50_large_group.jpg
6c2cd1bb-ff5c-4199-b0e1-684a196e4a2c,2026-05-30 11:30:50,large_group_detected,total_animals=3,saved_frames/2026-05-30_11-30-50_large_group.jpg
77eed3da-63ea-4e2d-97da-78595bc908f6,2026-05-30 11:30:50,large_group_detected,total_animals=3,saved_frames/2026-05-30_11-30-50_large_group.jpg
6e3a1691-80ad-4fbe-8a46-7afa3cdd7987,2026-05-30 11:30:51,large_group_detected,total_animals=3,saved_frames/2026-05-30_11-30-51_large_group.jpg
aadbf8ea-1927-4b12-a323-49e223927e16,2026-05-30 11:30:51,large_group_detected,total_animals=3,saved_frames/2026-05-30_11-30-51_large_group.jpg
a56fa9e1-fdab-46b7-a999-912cf4168fba,2026-05-30 11:30:51,large_group_detected,total_animals=3,saved_frames/2026-05-30_11-30-51_large_group.jpg
cb5d4847-83fa-420a-be5e-0341f7f413cd,2026-05-30 11:30:54,large_group_detected,total_animals=4,saved_frames/2026-05-30_11-30-54_large_group.jpg
598421de-963c-4334-8191-ef6616c731e0,2026-05-30 11:30:55,large_group_detected,total_animals=3,saved_frames/2026-05-30_11-30-55_large_group.jpg
e1cd2fe4-1d55-4641-963a-ab51c90d1095,2026-05-30 11:30:58,large_group_detected,total_animals=3,saved_frames/2026-05-30_11-30-58_large_group.jpg
1aa0a464-6fef-467f-86d6-cdebb1149c62,2026-05-30 11:31:01,large_group_detected,total_animals=3,saved_frames/2026-05-30_11-31-01_large_group.jpg
70da1ce5-6e4c-437b-bbe8-b37d6e76f4ea,2026-05-30 11:31:01,large_group_detected,total_animals=3,saved_frames/2026-05-30_11-31-01_large_group.jpg
356637fc-b38b-4784-8fe2-71fc40752282,2026-05-30 11:31:02,large_group_detected,total_animals=3,saved_frames/2026-05-30_11-31-02_large_group.jpg
b279bdf1-5eb3-4c3e-b8af-03a8490a3c4d,2026-05-30 11:31:02,large_group_detected,total_animals=3,saved_frames/2026-05-30_11-31-02_large_group.jpg
d9f07215-7eec-4476-b853-0a923b84062d,2026-05-30 11:31:03,large_group_detected,total_animals=3,saved_frames/2026-05-30_11-31-03_large_group.jpg
69031738-ed39-4099-9e10-039aaa14bc65,2026-05-30 11:31:03,large_group_detected,total_animals=3,saved_frames/2026-05-30_11-31-03_large_group.jpg
c07eedeb-4a39-4fb0-be66-e215accdf6a5,2026-05-30 11:31:03,large_group_detected,total_animals=3,saved_frames/2026-05-30_11-31-03_large_group.jpg
ee7ff606-f9a5-40ee-b94b-9d34d99f8ec1,2026-05-30 11:31:04,large_group_detected,total_animals=3,saved_frames/2026-05-30_11-31-04_large_group.jpg
1df0dd8d-cb7b-4890-b297-9fd9163ea221,2026-05-30 11:31:05,large_group_detected,total_animals=3,saved_frames/2026-05-30_11-31-05_large_group.jpg
ba1cfb15-dc99-422a-834b-bb4a47f3e2d1,2026-05-30 11:31:06,large_group_detected,total_animals=3,saved_frames/2026-05-30_11-31-06_large_group.jpg
4c150776-705b-46b1-aa43-86bb57485ca7,2026-05-30 11:31:07,large_group_detected,total_animals=3,saved_frames/2026-05-30_11-31-07_large_group.jpg
e0a4edd8-e955-44d4-a58e-3490a1cb0f32,2026-05-30 11:31:08,large_group_detected,total_animals=4,saved_frames/2026-05-30_11-31-08_large_group.jpg
81005df7-4079-4f60-b373-7a1b431879c1,2026-05-30 11:31:08,large_group_detected,total_animals=4,saved_frames/2026-05-30_11-31-08_large_group.jpg
9a2eef40-ea34-4cf9-9fc6-6706a0aa07c6,2026-05-30 11:31:09,large_group_detected,total_animals=4,saved_frames/2026-05-30_11-31-09_large_group.jpg
53eea82a-9c4d-4dc2-a8a9-6baf917d4b2c,2026-05-30 11:31:10,large_group_detected,total_animals=3,saved_frames/2026-05-30_11-31-10_large_group.jpg
c751dc3e-b8f0-428f-a527-4b29e7edb89c,2026-05-30 11:31:11,large_group_detected,total_animals=3,saved_frames/2026-05-30_11-31-11_large_group.jpg
6c049257-99e3-40f2-90a5-659eedcecc79,2026-05-30 11:31:11,large_group_detected,total_animals=3,saved_frames/2026-05-30_11-31-11_large_group.jpg
8e8dcbd6-94ef-41f1-a161-390a96cc74a7,2026-05-30 11:31:11,large_group_detected,total_animals=3,saved_frames/2026-05-30_11-31-11_large_group.jpg
1f4d7aa5-18a8-4abe-98dc-7f1de0d82614,2026-05-30 11:31:12,large_group_detected,total_animals=3,saved_frames/2026-05-30_11-31-12_large_group.jpg
f1a6f964-4c22-4705-b5da-1cb7d91c9023,2026-05-30 11:31:13,large_group_detected,total_animals=3,saved_frames/2026-05-30_11-31-13_large_group.jpg
69845904-2e3c-4f78-9ce7-460e629245e1,2026-05-30 11:31:13,large_group_detected,total_animals=4,saved_frames/2026-05-30_11-31-13_large_group.jpg
f4196c16-a56f-4c7e-9d47-f9d89fb4dd56,2026-05-30 11:31:14,large_group_detected,total_animals=3,saved_frames/2026-05-30_11-31-14_large_group.jpg
9cfb6160-4677-4ba0-a62a-5481bd96ddd1,2026-05-30 11:31:16,large_group_detected,total_animals=3,saved_frames/2026-05-30_11-31-16_large_group.jpg
2aad291a-6318-4c01-b874-23aeb9e9e7f7,2026-05-30 11:31:18,large_group_detected,total_animals=3,saved_frames/2026-05-30_11-31-18_large_group.jpg
eb54dea0-f3be-4105-9ef0-c5623bef6c0f,2026-05-30 11:31:19,large_group_detected,total_animals=3,saved_frames/2026-05-30_11-31-19_large_group.jpg
0bfda992-c890-4ba2-a1a2-5e3ce288918f,2026-05-30 11:31:19,large_group_detected,total_animals=3,saved_frames/2026-05-30_11-31-19_large_group.jpg
cedcf8dc-ccce-4509-839f-dc70b0ed865a,2026-05-30 11:31:22,large_group_detected,total_animals=3,saved_frames/2026-05-30_11-31-22_large_group.jpg
4e76853f-c0b9-4faa-a8d1-7b7329a99af5,2026-05-30 11:31:22,large_group_detected,total_animals=3,saved_frames/2026-05-30_11-31-22_large_group.jpg
49621faf-b816-4ac2-9ef9-331b3450d8f3,2026-05-30 11:31:23,large_group_detected,total_animals=3,saved_frames/2026-05-30_11-31-23_large_group.jpg
9965e89d-fb0f-427d-900f-d2c0edbe3840,2026-05-30 11:31:25,large_group_detected,total_animals=3,saved_frames/2026-05-30_11-31-25_large_group.jpg
38b47afb-87b2-45c6-a355-2b01fe56097d,2026-05-30 11:31:27,large_group_detected,total_animals=3,saved_frames/2026-05-30_11-31-27_large_group.jpg
81e35a20-bca0-4877-8a04-24c6eb7afbb0,2026-05-30 11:31:27,large_group_detected,total_animals=3,saved_frames/2026-05-30_11-31-27_large_group.jpg
15aeb6e9-766b-45d8-8e62-64a5d2fd17b5,2026-05-30 11:31:29,large_group_detected,total_animals=3,saved_frames/2026-05-30_11-31-29_large_group.jpg
b32626b1-2b66-41c8-ac55-97024084b353,2026-05-30 11:31:31,large_group_detected,total_animals=3,saved_frames/2026-05-30_11-31-31_large_group.jpg
52ff4de9-7933-4834-ab24-dff77e7258ae,2026-05-30 11:31:32,large_group_detected,total_animals=3,saved_frames/2026-05-30_11-31-32_large_group.jpg
0d132a12-e0f8-409a-91be-c7120e9f4bbd,2026-05-30 11:31:33,large_group_detected,total_animals=3,saved_frames/2026-05-30_11-31-33_large_group.jpg
5589e096-e611-4e8c-9dcb-b34944f17164,2026-05-30 11:31:33,large_group_detected,total_animals=3,saved_frames/2026-05-30_11-31-33_large_group.jpg
e437c368-bdd7-4699-9095-8f4c7b51eda9,2026-05-30 11:31:33,large_group_detected,total_animals=3,saved_frames/2026-05-30_11-31-33_large_group.jpg
33c09951-e148-4e2c-bd07-137bbcdf9fdd,2026-05-30 11:31:35,large_group_detected,total_animals=3,saved_frames/2026-05-30_11-31-35_large_group.jpg
f89655ac-87f5-40e6-a472-8c2cc10e68a0,2026-05-30 11:31:35,large_group_detected,total_animals=3,saved_frames/2026-05-30_11-31-35_large_group.jpg
778efdd4-b805-4809-968c-0eed7c9852fa,2026-05-30 11:31:35,large_group_detected,total_animals=3,saved_frames/2026-05-30_11-31-35_large_group.jpg
dc750a46-f057-495a-a4a9-cb8cb443f210,2026-05-30 11:31:36,large_group_detected,total_animals=3,saved_frames/2026-05-30_11-31-36_large_group.jpg
7d40a611-e84f-48c9-87f5-69da409db915,2026-05-30 11:31:36,large_group_detected,total_animals=3,saved_frames/2026-05-30_11-31-36_large_group.jpg
c7525117-f599-4650-b05e-5a8e21fc3fcf,2026-05-30 11:31:37,large_group_detected,total_animals=3,saved_frames/2026-05-30_11-31-37_large_group.jpg
75e2d48b-2d45-455b-a63d-d77cb997f118,2026-05-30 11:31:37,large_group_detected,total_animals=3,saved_frames/2026-05-30_11-31-37_large_group.jpg
3c1c63bc-bdb3-47fa-b399-36461b09ac9d,2026-05-30 11:31:38,large_group_detected,total_animals=3,saved_frames/2026-05-30_11-31-38_large_group.jpg
9ec7ce89-e851-47ff-8864-fa9595a56112,2026-05-30 11:31:38,large_group_detected,total_animals=3,saved_frames/2026-05-30_11-31-38_large_group.jpg
0cbc2cff-ab21-4686-a618-161902bbe6fb,2026-05-30 11:31:38,large_group_detected,total_animals=4,saved_frames/2026-05-30_11-31-38_large_group.jpg
be4d9f5f-580f-4b34-9081-8aea56ae103e,2026-05-30 11:31:39,large_group_detected,total_animals=3,saved_frames/2026-05-30_11-31-39_large_group.jpg
abb13a94-1e34-40b5-9f4c-9426a82f37c6,2026-05-30 11:31:40,large_group_detected,total_animals=3,saved_frames/2026-05-30_11-31-40_large_group.jpg
fe9e17b8-09cd-48b8-a029-0b86e78a3b3f,2026-05-30 11:31:43,large_group_detected,total_animals=3,saved_frames/2026-05-30_11-31-43_large_group.jpg
e6b37379-7546-4b30-9298-16083e8b7276,2026-05-30 11:31:45,large_group_detected,total_animals=3,saved_frames/2026-05-30_11-31-45_large_group.jpg
51771fa5-2d0a-430a-92cd-35fb8ba586a1,2026-05-30 11:31:45,large_group_detected,total_animals=3,saved_frames/2026-05-30_11-31-45_large_group.jpg
2750b2d3-2535-49f5-a2be-698d31069ec7,2026-05-30 11:31:46,large_group_detected,total_animals=3,saved_frames/2026-05-30_11-31-46_large_group.jpg
e926d1a1-cffe-4398-8be1-a509c5835e31,2026-05-30 11:31:46,large_group_detected,total_animals=3,saved_frames/2026-05-30_11-31-46_large_group.jpg
2840245d-ce1e-456d-aa1c-e0e7b4816860,2026-05-30 11:31:47,large_group_detected,total_animals=3,saved_frames/2026-05-30_11-31-47_large_group.jpg
2bdc4b3c-8a7b-45d0-95eb-5332fe11951b,2026-05-30 11:31:48,large_group_detected,total_animals=3,saved_frames/2026-05-30_11-31-48_large_group.jpg
60fad850-ff56-4534-9681-1ddf9608365c,2026-05-30 11:31:48,large_group_detected,total_animals=3,saved_frames/2026-05-30_11-31-48_large_group.jpg
c4f7109a-d3b4-4939-9e6a-cf4f2f24364d,2026-05-30 11:31:48,large_group_detected,total_animals=3,saved_frames/2026-05-30_11-31-48_large_group.jpg
ddbd5008-db4e-474e-a415-2a660b0882a5,2026-05-30 11:31:49,large_group_detected,total_animals=3,saved_frames/2026-05-30_11-31-49_large_group.jpg
d8560837-f859-4937-a325-d7830e0079a8,2026-05-30 11:34:10,large_group_detected,total_animals=3,saved_frames/2026-05-30_11-34-10_large_group.jpg
f4c44796-d66f-4375-bb68-ff514b7fcf08,2026-05-30 11:34:10,large_group_detected,total_animals=3,saved_frames/2026-05-30_11-34-10_large_group.jpg
3e185e72-b1c7-4724-88c8-e0b45a9d1f42,2026-05-30 11:34:11,large_group_detected,total_animals=3,saved_frames/2026-05-30_11-34-11_large_group.jpg
9c1d0a60-e74b-4818-9d2e-306b64115933,2026-05-30 11:34:11,large_group_detected,total_animals=3,saved_frames/2026-05-30_11-34-11_large_group.jpg
baf27147-34b1-4c4a-9730-71df03db6d45,2026-05-30 11:34:12,large_group_detected,total_animals=3,saved_frames/2026-05-30_11-34-12_large_group.jpg
91e10ce7-2e27-4d94-9f23-03d79d19dfe8,2026-05-30 11:34:13,large_group_detected,total_animals=3,saved_frames/2026-05-30_11-34-13_large_group.jpg
0f2db5e6-1849-4c37-8534-d7a3a6a41f6e,2026-05-30 11:34:14,large_group_detected,total_animals=4,saved_frames/2026-05-30_11-34-14_large_group.jpg
1f409d1d-65fb-4caa-b1cd-5f8d06cc7875,2026-05-30 11:59:08,activity_started,counts={'zebra': 1},saved_frames/2026-05-30_11-59-08_activity_started.jpg
bb154a81-7118-4bda-aafe-077e16fb6b8d,2026-05-30 11:59:08,new_species_detected,species=zebra,saved_frames/2026-05-30_11-59-08_new_zebra.jpg
2b73bfe7-cebf-4e11-901e-3de7279ce31b,2026-05-30 11:59:12,new_species_detected,species=bird,saved_frames/2026-05-30_11-59-12_new_bird.jpg
20832c57-ce39-4a20-909d-a65be4232f1f,2026-05-30 11:59:12,multi_species_detected,"species=['bird', 'zebra']",saved_frames/2026-05-30_11-59-12_multi_species.jpg
0d0d25e1-3191-493e-94a8-50cedeee55c1,2026-05-30 12:00:02,activity_started,counts={'zebra': 1},saved_frames/2026-05-30_12-00-02_activity_started.jpg
f5060dca-0a0d-44e0-b4fe-5b15813ca187,2026-05-30 12:00:02,new_species_detected,species=zebra,saved_frames/2026-05-30_12-00-02_new_zebra.jpg
4dd17921-5c93-452f-a40a-c1e4818648c5,2026-05-30 12:00:35,activity_ended,scene became empty,saved_frames/2026-05-30_12-00-35_activity_ended.jpg
6fb0d251-e229-4cc5-bfa6-0e935ba41bae,2026-05-30 12:00:36,activity_started,"counts={'antelope_like': 1, 'ungulate': 1}",saved_frames/2026-05-30_12-00-36_activity_started.jpg
edc14f31-451c-4195-b178-b60d87dfd49c,2026-05-30 12:00:36,new_species_detected,species=antelope_like,saved_frames/2026-05-30_12-00-36_new_antelope_like.jpg
73203f35-b5c9-43a8-93ae-b69652852fea,2026-05-30 12:00:36,new_species_detected,species=ungulate,saved_frames/2026-05-30_12-00-36_new_ungulate.jpg
3ef7f68d-03cf-47ea-959d-7086a5197b16,2026-05-30 12:00:36,multi_species_detected,"species=['antelope_like', 'ungulate']",saved_frames/2026-05-30_12-00-36_multi_species.jpg
8be4a27c-3f21-4077-ba3b-2d2bdd9a6384,2026-05-30 12:00:37,new_species_detected,species=ungulate,saved_frames/2026-05-30_12-00-37_new_ungulate.jpg
6b21d06c-2b2c-4cd6-9dad-22cce3620416,2026-05-30 12:00:37,new_species_detected,species=antelope_like,saved_frames/2026-05-30_12-00-37_new_antelope_like.jpg
4e2f26b5-97c9-412d-adf8-b876b967d0ca,2026-05-30 12:00:37,multi_species_detected,"species=['antelope_like', 'ungulate']",saved_frames/2026-05-30_12-00-37_multi_species.jpg
aafc74b3-db0d-4533-8d53-22ae9bb6d138,2026-05-30 12:00:37,new_species_detected,species=antelope_like,saved_frames/2026-05-30_12-00-37_new_antelope_like.jpg
eca11e49-df85-409a-a24e-2c8d7ec2b7f7,2026-05-30 12:00:37,multi_species_detected,"species=['antelope_like', 'ungulate']",saved_frames/2026-05-30_12-00-37_multi_species.jpg
0e967d92-f56a-4de4-9366-9ca9ea967a92,2026-05-30 12:00:38,activity_ended,scene became empty,saved_frames/2026-05-30_12-00-38_activity_ended.jpg
6b8fb38d-5485-4dcf-b0f3-ce5fd08600c4,2026-05-30 12:00:39,activity_started,counts={'antelope_like': 1},saved_frames/2026-05-30_12-00-39_activity_started.jpg
dd85de40-f0fb-481a-a39d-15e055695a42,2026-05-30 12:00:39,new_species_detected,species=antelope_like,saved_frames/2026-05-30_12-00-39_new_antelope_like.jpg
db3c54e7-f274-4bc5-82fe-d2eaa96046d0,2026-05-30 12:00:39,new_species_detected,species=ungulate,saved_frames/2026-05-30_12-00-39_new_ungulate.jpg
d367e241-cb1a-406d-a08c-f2432e86f651,2026-05-30 12:00:39,new_species_detected,species=bird,saved_frames/2026-05-30_12-00-39_new_bird.jpg
b1e6a5e5-4a1b-4fd9-8971-92225a5b57e3,2026-05-30 12:00:40,activity_ended,scene became empty,saved_frames/2026-05-30_12-00-40_activity_ended.jpg
13ca69d1-b3f8-4c34-b77d-7a19f6339c53,2026-05-30 12:00:40,activity_started,counts={'antelope_like': 1},saved_frames/2026-05-30_12-00-40_activity_started.jpg
8e034b2c-a1fa-4e7d-85fa-2985a303a88c,2026-05-30 12:00:40,new_species_detected,species=antelope_like,saved_frames/2026-05-30_12-00-40_new_antelope_like.jpg
68bc08cc-4b30-4bb7-b8d1-f1283bfb8772,2026-05-30 12:00:40,activity_ended,scene became empty,saved_frames/2026-05-30_12-00-40_activity_ended.jpg
6c8261cb-73f9-4d84-bc4d-4b0c9fd62c7d,2026-05-30 12:00:56,activity_started,counts={'bird': 1},saved_frames/2026-05-30_12-00-56_activity_started.jpg
e2a92679-2cab-4a0d-9864-d3d386488097,2026-05-30 12:00:56,new_species_detected,species=bird,saved_frames/2026-05-30_12-00-56_new_bird.jpg
e260ffe3-d637-4469-bbd3-33602fddf21a,2026-05-30 12:00:57,activity_ended,scene became empty,saved_frames/2026-05-30_12-00-57_activity_ended.jpg
7e357234-bc81-41e8-abc3-900814a35777,2026-05-30 12:00:57,activity_started,counts={'bird': 1},saved_frames/2026-05-30_12-00-57_activity_started.jpg
59580b43-3ab3-485e-ba70-267deb3303d2,2026-05-30 12:00:57,new_species_detected,species=bird,saved_frames/2026-05-30_12-00-57_new_bird.jpg
aeca86c6-0732-4152-98ea-4dbef08009f5,2026-05-30 12:00:57,activity_ended,scene became empty,saved_frames/2026-05-30_12-00-57_activity_ended.jpg
f8f70d41-c9c0-467c-ad0f-30cfca90d004,2026-05-30 12:00:58,activity_started,counts={'bird': 1},saved_frames/2026-05-30_12-00-58_activity_started.jpg
8035c519-cad3-4907-bb80-3877e4fe1ae1,2026-05-30 12:00:58,new_species_detected,species=bird,saved_frames/2026-05-30_12-00-58_new_bird.jpg
e2b1b5e0-c462-42d5-a837-99b0d6698fb2,2026-05-30 12:01:00,activity_ended,scene became empty,saved_frames/2026-05-30_12-01-00_activity_ended.jpg
9af82bfd-a202-44b9-af20-c543e8ec0e90,2026-05-30 12:07:14,activity_started,counts={'zebra': 3},saved_frames/2026-05-30_12-07-14_activity_started.jpg
04b57074-0cdd-4ab3-852c-7835e603a5ba,2026-05-30 12:07:14,new_species_detected,species=zebra,saved_frames/2026-05-30_12-07-14_new_zebra.jpg
d8809eb8-47f1-49b0-ba24-3df44dd0536d,2026-05-30 12:07:14,large_group_detected,total_animals=3,saved_frames/2026-05-30_12-07-14_large_group.jpg
aaea646a-d820-41af-ae0d-f7cfd1f73ade,2026-05-30 12:07:16,large_group_detected,total_animals=4,saved_frames/2026-05-30_12-07-16_large_group.jpg
122a42e8-8d60-4e04-acaa-d0a24d395375,2026-05-30 12:07:16,large_group_detected,total_animals=3,saved_frames/2026-05-30_12-07-16_large_group.jpg
a8c292ed-7f59-4c47-b5c8-2589dd14eb38,2026-05-30 12:07:16,large_group_detected,total_animals=3,saved_frames/2026-05-30_12-07-16_large_group.jpg
66be8748-da89-4f36-8e76-cbee1d9e7154,2026-05-30 12:07:17,large_group_detected,total_animals=3,saved_frames/2026-05-30_12-07-17_large_group.jpg
2e1978ef-1859-4107-bf78-26a556d20219,2026-05-30 12:07:17,large_group_detected,total_animals=3,saved_frames/2026-05-30_12-07-17_large_group.jpg
55779cec-1f7a-469c-8c81-6ca5fa927c93,2026-05-30 12:07:17,large_group_detected,total_animals=4,saved_frames/2026-05-30_12-07-17_large_group.jpg
e396c15a-493e-4c31-b21f-526cf47b2d52,2026-05-30 12:07:18,activity_ended,scene became empty,saved_frames/2026-05-30_12-07-18_activity_ended.jpg
54a2a85a-2204-4e2e-a512-6e5545804fad,2026-05-30 12:07:18,activity_started,counts={'zebra': 1},saved_frames/2026-05-30_12-07-18_activity_started.jpg
881c73d4-67ea-4c2b-874a-b9aac762ee71,2026-05-30 12:07:18,new_species_detected,species=zebra,saved_frames/2026-05-30_12-07-18_new_zebra.jpg
c66402d9-8c4f-44a1-91b3-f8731a4c7ea6,2026-05-30 12:07:18,large_group_detected,total_animals=3,saved_frames/2026-05-30_12-07-18_large_group.jpg
65229f62-a2f7-4836-b217-29235d2aa57a,2026-05-30 12:07:18,large_group_detected,total_animals=3,saved_frames/2026-05-30_12-07-18_large_group.jpg
accff259-b3c3-4697-99f6-de00b1c019f9,2026-05-30 12:07:20,large_group_detected,total_animals=3,saved_frames/2026-05-30_12-07-20_large_group.jpg
d64b9db8-5b86-46cb-853e-98c691512b05,2026-05-30 12:07:20,large_group_detected,total_animals=3,saved_frames/2026-05-30_12-07-20_large_group.jpg
b88603cf-8644-4792-a56b-12a5218ebe11,2026-05-30 12:07:21,large_group_detected,total_animals=3,saved_frames/2026-05-30_12-07-21_large_group.jpg
f7bc1786-d152-4a18-b54d-e7294b2c4b0c,2026-05-30 12:07:21,large_group_detected,total_animals=4,saved_frames/2026-05-30_12-07-21_large_group.jpg
c34953d8-e249-43b7-99da-49ae27e4c8c1,2026-05-30 12:07:26,large_group_detected,total_animals=3,saved_frames/2026-05-30_12-07-26_large_group.jpg
d99c6635-fecb-47d8-96f5-378223579a88,2026-05-30 12:07:28,large_group_detected,total_animals=4,saved_frames/2026-05-30_12-07-28_large_group.jpg
4fe4825d-07e8-43bb-8a9e-b23cd722663e,2026-05-30 12:07:29,large_group_detected,total_animals=3,saved_frames/2026-05-30_12-07-29_large_group.jpg
6e48d368-5363-4630-8f89-c038e8374e18,2026-05-30 12:07:29,large_group_detected,total_animals=4,saved_frames/2026-05-30_12-07-29_large_group.jpg
a1a2081c-77e7-4bb1-b206-c4740bff319d,2026-05-30 12:07:30,large_group_detected,total_animals=5,saved_frames/2026-05-30_12-07-30_large_group.jpg
17ea8a9d-268e-40ce-a788-b78eee085411,2026-05-30 12:07:35,large_group_detected,total_animals=3,saved_frames/2026-05-30_12-07-35_large_group.jpg
9aebb20f-b2c5-4f5b-a0de-f0b3ffa24987,2026-05-30 12:07:36,large_group_detected,total_animals=4,saved_frames/2026-05-30_12-07-36_large_group.jpg
961e2533-534d-4284-be13-7bbe1bff1bd7,2026-05-30 12:07:38,large_group_detected,total_animals=3,saved_frames/2026-05-30_12-07-38_large_group.jpg
2a44b00a-45a0-48c0-ae54-c32989582333,2026-05-30 12:07:40,large_group_detected,total_animals=3,saved_frames/2026-05-30_12-07-40_large_group.jpg
9f77fac9-8fef-44c9-b686-b0bf8203b793,2026-05-30 12:07:40,large_group_detected,total_animals=4,saved_frames/2026-05-30_12-07-40_large_group.jpg
4adbe5ee-6069-4c9a-84bc-e49a0127387f,2026-05-30 12:07:40,large_group_detected,total_animals=3,saved_frames/2026-05-30_12-07-40_large_group.jpg
d5c2749c-59cb-40a4-bbe6-bd367413149b,2026-05-30 12:07:42,large_group_detected,total_animals=4,saved_frames/2026-05-30_12-07-42_large_group.jpg
e95fb245-647f-488e-b8c9-afbae804852f,2026-05-30 12:07:43,large_group_detected,total_animals=3,saved_frames/2026-05-30_12-07-43_large_group.jpg
310d2a75-e0f0-4ab5-a064-c90e8fdf98f6,2026-05-30 12:07:43,new_species_detected,species=bird,saved_frames/2026-05-30_12-07-43_new_bird.jpg
d9d07045-164a-4144-9c98-8891595bb47c,2026-05-30 12:07:43,multi_species_detected,"species=['bird', 'zebra']",saved_frames/2026-05-30_12-07-43_multi_species.jpg
bae8c307-4ba3-4579-adc9-4ab2a832cad9,2026-05-30 12:07:44,large_group_detected,total_animals=3,saved_frames/2026-05-30_12-07-44_large_group.jpg
29003e19-a0f1-49c1-b6d9-19f0104d4ec8,2026-05-30 12:07:44,large_group_detected,total_animals=3,saved_frames/2026-05-30_12-07-44_large_group.jpg
7e6fec95-cb10-4e2a-b6c3-d4993598c855,2026-05-30 12:07:45,large_group_detected,total_animals=3,saved_frames/2026-05-30_12-07-45_large_group.jpg
d7f7e9bd-bdca-4d58-bd9a-91218756ad50,2026-05-30 12:07:45,large_group_detected,total_animals=3,saved_frames/2026-05-30_12-07-45_large_group.jpg
16731c82-4c36-42cf-8618-bc45dbfcea93,2026-05-30 12:07:46,large_group_detected,total_animals=3,saved_frames/2026-05-30_12-07-46_large_group.jpg
c794fb8d-e8ca-4af7-ae07-1a01868954c1,2026-05-30 12:07:46,large_group_detected,total_animals=3,saved_frames/2026-05-30_12-07-46_large_group.jpg
4aa63d28-aceb-4647-a925-fd22432d9960,2026-05-30 12:07:46,large_group_detected,total_animals=3,saved_frames/2026-05-30_12-07-46_large_group.jpg
2fff99d3-69ad-41ca-b563-787acc592e4f,2026-05-30 12:07:46,large_group_detected,total_animals=4,saved_frames/2026-05-30_12-07-46_large_group.jpg
904e71c8-9dad-4f3e-8a3e-f693dedca50a,2026-05-30 12:07:47,large_group_detected,total_animals=3,saved_frames/2026-05-30_12-07-47_large_group.jpg
cd19e312-3450-4f92-b577-5e76b0ff88d7,2026-05-30 12:07:47,large_group_detected,total_animals=3,saved_frames/2026-05-30_12-07-47_large_group.jpg
edc735be-7a4b-46d9-87a6-0e603cd94b92,2026-05-30 12:07:50,activity_ended,scene became empty,saved_frames/2026-05-30_12-07-50_activity_ended.jpg
4356306a-eec5-4037-b371-2195ed5d01ad,2026-05-30 12:07:50,activity_started,counts={'zebra': 2},saved_frames/2026-05-30_12-07-50_activity_started.jpg
492bf67f-a668-463f-b6c9-62da7140a920,2026-05-30 12:07:50,new_species_detected,species=zebra,saved_frames/2026-05-30_12-07-50_new_zebra.jpg
69839b7e-45ca-4bf2-8114-089595a475cd,2026-05-30 12:07:51,large_group_detected,total_animals=4,saved_frames/2026-05-30_12-07-51_large_group.jpg
f77fd667-0fc3-4591-a639-4ecffeaec0f5,2026-05-30 12:07:51,large_group_detected,total_animals=3,saved_frames/2026-05-30_12-07-51_large_group.jpg
0e7ca917-ba9e-43fd-b289-acaf593b09d9,2026-05-30 12:07:52,large_group_detected,total_animals=3,saved_frames/2026-05-30_12-07-52_large_group.jpg
75c97acb-dd4c-4eaa-93b5-c3a6cf04667d,2026-05-30 12:07:54,large_group_detected,total_animals=3,saved_frames/2026-05-30_12-07-54_large_group.jpg
fcac00a7-16d0-4ada-a53d-92c1d9e2d287,2026-05-30 12:07:54,large_group_detected,total_animals=5,saved_frames/2026-05-30_12-07-54_large_group.jpg
59eb99f6-d667-4dae-aa85-558389daf4c2,2026-05-30 12:07:55,large_group_detected,total_animals=3,saved_frames/2026-05-30_12-07-55_large_group.jpg
f422fb0c-c97b-4682-bbb7-ee25b59ffbba,2026-05-30 12:07:55,activity_ended,scene became empty,saved_frames/2026-05-30_12-07-55_activity_ended.jpg
0dab79c8-33f6-4647-bf0e-4f99d3be00b8,2026-05-30 12:07:55,activity_started,counts={'zebra': 2},saved_frames/2026-05-30_12-07-55_activity_started.jpg
04c28ac4-a367-4ea7-b5a6-4b9691e53a51,2026-05-30 12:07:55,new_species_detected,species=zebra,saved_frames/2026-05-30_12-07-55_new_zebra.jpg
18b94005-64b6-4cd6-89ce-72b340a9031d,2026-05-30 12:07:55,activity_ended,scene became empty,saved_frames/2026-05-30_12-07-55_activity_ended.jpg
83000c0b-58e2-4c25-9728-e71d3652c71f,2026-05-30 12:07:55,activity_started,counts={'zebra': 5},saved_frames/2026-05-30_12-07-55_activity_started.jpg
13f8cf4b-ab7a-49f9-bdea-96518175bc59,2026-05-30 12:07:55,new_species_detected,species=zebra,saved_frames/2026-05-30_12-07-55_new_zebra.jpg
876ff531-82ba-4f5f-9047-c2d90ab4b6a1,2026-05-30 12:07:55,large_group_detected,total_animals=5,saved_frames/2026-05-30_12-07-55_large_group.jpg
2811c91a-e774-4e35-9d5c-bbdb40c29d43,2026-05-30 12:07:56,activity_ended,scene became empty,saved_frames/2026-05-30_12-07-56_activity_ended.jpg
15e5f060-3e80-4fa0-bf30-436d3f71cbcf,2026-05-30 12:08:02,activity_started,counts={'zebra': 2},saved_frames/2026-05-30_12-08-02_activity_started.jpg
bd6dbf4a-8c44-4999-a437-f78a98c9fec2,2026-05-30 12:08:02,new_species_detected,species=zebra,saved_frames/2026-05-30_12-08-02_new_zebra.jpg
d440547e-53fc-45c4-bacf-1368db142a3b,2026-05-30 12:08:03,large_group_detected,total_animals=3,saved_frames/2026-05-30_12-08-03_large_group.jpg
9cfc806a-0dc3-4bd3-be7f-998da62cd5fd,2026-05-30 12:08:04,large_group_detected,total_animals=3,saved_frames/2026-05-30_12-08-04_large_group.jpg
036e17c4-db19-4eee-acbc-e398e2a21d3f,2026-05-30 12:08:04,large_group_detected,total_animals=3,saved_frames/2026-05-30_12-08-04_large_group.jpg
58fdd225-6035-488f-94a5-f15a945ce67d,2026-05-30 12:08:05,large_group_detected,total_animals=3,saved_frames/2026-05-30_12-08-05_large_group.jpg
992c44bf-262c-45e8-8513-944d73dd8b39,2026-05-30 12:08:05,large_group_detected,total_animals=3,saved_frames/2026-05-30_12-08-05_large_group.jpg
fd0c31cd-a6da-4ceb-a2eb-2bbcf627d09b,2026-05-30 12:08:05,activity_ended,scene became empty,saved_frames/2026-05-30_12-08-05_activity_ended.jpg
